{
  "latest_date": "2025-07-30",
  "latest_values": {
    "Shanghai_Composite_Index": 3615.716796875,
    "CSI_300_Index": 4151.23779296875,
    "Shenzhen_Component_Index": 11203.029296875,
    "ALUMINUM_future": 2470.0,
    "BTC_price": 117009.7734375,
    "OIL_price": 70.47000122070312,
    "USD_CNY_exchange_rate": 7.19290018081665,
    "Commodity_Index_ETF": 22.631999969482422,
    "US_Dollar_Index": 99.8499984741211,
    "ETH_price": 3771.972412109375,
    "GOLD_spot_price": 3323.300048828125,
    "LEAN_HOGS_future": 106.8499984741211,
    "COPPER_future": 4.534999847412109,
    "High_Yield_Bond_ETF": 80.3550033569336,
    "LIVE_CATTLE_future": 232.9499969482422,
    "GOLD_near_month_future": 3323.10009765625,
    "NATURAL_GAS_future": 3.0339999198913574,
    "PLATINUM_future": 1306.9000244140625,
    "SILVER_future": 36.935001373291016,
    "Long_Term_Treasury_ETF": 86.87000274658203,
    "CORN_future": 412.5,
    "SOYBEANS_future": 996.0,
    "WHEAT_future": 523.75,
    "SP500_close": 6362.89990234375,
    "NASDAQ_close": 21129.673828125,
    "US_10Y_Treasury_Yield": 4.375999927520752,
    "VIX_close": 16.40999984741211,
    "GOLD_basis_spot_vs_near": 0.199951171875,
    "China_10Y_Treasury_Yield": 1.718
  }
}