{
  "latest_date": "2025-08-19",
  "latest_values": {
    "Shanghai_Composite_Index": 3727.287841796875,
    "CSI_300_Index": 4223.3740234375,
    "Shenzhen_Component_Index": 11821.6259765625,
    "ALUMINUM_future": 2476.75,
    "BTC_price": 113263.171875,
    "OIL_price": 62.36000061035156,
    "USD_CNY_exchange_rate": 7.181700229644775,
    "Commodity_Index_ETF": 21.625,
    "US_Dollar_Index": 98.26599884033203,
    "ETH_price": 4151.17333984375,
    "GOLD_spot_price": 3359.699951171875,
    "LEAN_HOGS_future": 90.0999984741211,
    "COPPER_future": 4.427999973297119,
    "High_Yield_Bond_ETF": 80.38500213623047,
    "LIVE_CATTLE_future": 231.3000030517578,
    "GOLD_near_month_future": 3359.699951171875,
    "NATURAL_GAS_future": 2.7699999809265137,
    "PLATINUM_future": 1310.9000244140625,
    "SILVER_future": 37.25,
    "Long_Term_Treasury_ETF": 86.6500015258789,
    "CORN_future": 403.0,
    "SOYBEANS_future": 1033.25,
    "WHEAT_future": 520.75,
    "SP500_close": 6411.3701171875,
    "NASDAQ_close": 21314.951171875,
    "US_10Y_Treasury_Yield": 4.302000045776367,
    "VIX_close": 15.760000228881836,
    "GOLD_basis_spot_vs_near": 0.0,
    "China_10Y_Treasury_Yield": 1.7725
  }
}