{
  "latest_date": "2025-07-25",
  "latest_values": {
    "Shanghai_Composite_Index": 3593.6552734375,
    "CSI_300_Index": 4127.16357421875,
    "Shenzhen_Component_Index": 11168.1416015625,
    "ALUMINUM_future": 2629.0,
    "BTC_price": 117204.734375,
    "OIL_price": 65.04000091552734,
    "USD_CNY_exchange_rate": 7.167399883270264,
    "Commodity_Index_ETF": 22.170000076293945,
    "US_Dollar_Index": 97.677001953125,
    "ETH_price": 3695.682373046875,
    "GOLD_spot_price": 3338.0,
    "LEAN_HOGS_future": 108.57499694824219,
    "COPPER_future": 5.805500030517578,
    "High_Yield_Bond_ETF": 80.48999786376953,
    "LIVE_CATTLE_future": 226.5500030517578,
    "GOLD_near_month_future": 3394.60009765625,
    "NATURAL_GAS_future": 3.0959999561309814,
    "PLATINUM_future": 1432.5,
    "SILVER_future": 38.334999084472656,
    "Long_Term_Treasury_ETF": 86.43000030517578,
    "CORN_future": 419.0,
    "SOYBEANS_future": 1021.75,
    "WHEAT_future": 539.25,
    "SP500_close": 6388.64013671875,
    "NASDAQ_close": 21108.31640625,
    "US_10Y_Treasury_Yield": 4.386000156402588,
    "VIX_close": 14.930000305175781,
    "GOLD_basis_spot_vs_near": -56.60009765625,
    "China_10Y_Treasury_Yield": 1.7324
  }
}