{
  "latest_date": "2025-08-19",
  "latest_values": {
    "Shanghai_Composite_Index": 3727.287841796875,
    "CSI_300_Index": 4223.3740234375,
    "Shenzhen_Component_Index": 11835.5703125,
    "ALUMINUM_future": 2480.25,
    "BTC_price": 113895.40625,
    "OIL_price": 62.779998779296875,
    "USD_CNY_exchange_rate": 7.181700229644775,
    "Commodity_Index_ETF": 21.649999618530273,
    "US_Dollar_Index": 98.14399719238281,
    "ETH_price": 4184.09375,
    "GOLD_spot_price": 3365.89990234375,
    "LEAN_HOGS_future": 89.82499694824219,
    "COPPER_future": 4.428999900817871,
    "High_Yield_Bond_ETF": 80.40499877929688,
    "LIVE_CATTLE_future": 230.6750030517578,
    "GOLD_near_month_future": 3366.199951171875,
    "NATURAL_GAS_future": 2.740000009536743,
    "PLATINUM_future": 1327.9000244140625,
    "SILVER_future": 37.46500015258789,
    "Long_Term_Treasury_ETF": 86.55999755859375,
    "CORN_future": 403.25,
    "SOYBEANS_future": 1031.75,
    "WHEAT_future": 521.25,
    "SP500_close": 6427.9599609375,
    "NASDAQ_close": 21379.45703125,
    "US_10Y_Treasury_Yield": 4.311999797821045,
    "VIX_close": 15.130000114440918,
    "GOLD_basis_spot_vs_near": -0.300048828125,
    "China_10Y_Treasury_Yield": 1.7725
  }
}