{
  "latest_date": "2025-08-17",
  "latest_values": {
    "Shanghai_Composite_Index": 3696.77099609375,
    "CSI_300_Index": 4202.35009765625,
    "Shenzhen_Component_Index": 11634.669921875,
    "ALUMINUM_future": 2537.75,
    "BTC_price": 118097.40625,
    "OIL_price": 62.79999923706055,
    "USD_CNY_exchange_rate": 7.18310022354126,
    "Commodity_Index_ETF": 21.770000457763672,
    "US_Dollar_Index": 97.83899688720703,
    "ETH_price": 4469.32568359375,
    "GOLD_spot_price": 3382.60009765625,
    "LEAN_HOGS_future": 90.0999984741211,
    "COPPER_future": 4.492499828338623,
    "High_Yield_Bond_ETF": 80.45999908447266,
    "LIVE_CATTLE_future": 230.64999389648438,
    "GOLD_near_month_future": 3382.60009765625,
    "NATURAL_GAS_future": 2.9159998893737793,
    "PLATINUM_future": 1345.199951171875,
    "SILVER_future": 37.974998474121094,
    "Long_Term_Treasury_ETF": 86.4000015258789,
    "CORN_future": 405.25,
    "SOYBEANS_future": 1042.5,
    "WHEAT_future": 527.0,
    "SP500_close": 6449.7998046875,
    "NASDAQ_close": 21622.98046875,
    "US_10Y_Treasury_Yield": 4.328000068664551,
    "VIX_close": 15.09000015258789,
    "GOLD_basis_spot_vs_near": 0.0,
    "China_10Y_Treasury_Yield": 1.7465
  }
}