{
  "latest_date": "2025-08-19",
  "latest_values": {
    "Shanghai_Composite_Index": 3727.287841796875,
    "CSI_300_Index": 4223.3740234375,
    "Shenzhen_Component_Index": 11821.6259765625,
    "ALUMINUM_future": 2476.75,
    "BTC_price": 113363.3203125,
    "OIL_price": 62.369998931884766,
    "USD_CNY_exchange_rate": 7.181700229644775,
    "Commodity_Index_ETF": 21.614999771118164,
    "US_Dollar_Index": 98.22200012207031,
    "ETH_price": 4145.037109375,
    "GOLD_spot_price": 3361.300048828125,
    "LEAN_HOGS_future": 90.1500015258789,
    "COPPER_future": 4.423500061035156,
    "High_Yield_Bond_ETF": 80.37000274658203,
    "LIVE_CATTLE_future": 232.3249969482422,
    "GOLD_near_month_future": 3361.199951171875,
    "NATURAL_GAS_future": 2.74399995803833,
    "PLATINUM_future": 1310.5,
    "SILVER_future": 37.33000183105469,
    "Long_Term_Treasury_ETF": 86.6500015258789,
    "CORN_future": 403.5,
    "SOYBEANS_future": 1030.75,
    "WHEAT_future": 520.5,
    "SP500_close": 6405.47998046875,
    "NASDAQ_close": 21306.9453125,
    "US_10Y_Treasury_Yield": 4.309999942779541,
    "VIX_close": 15.699999809265137,
    "GOLD_basis_spot_vs_near": 0.10009765625,
    "China_10Y_Treasury_Yield": 1.7725
  }
}