{
  "latest_date": "2025-09-08",
  "latest_values": {
    "Shanghai_Composite_Index": 3826.8408203125,
    "CSI_300_Index": 4467.5732421875,
    "Shenzhen_Component_Index": 12666.841796875,
    "ALUMINUM_future": 2541.75,
    "BTC_price": 112243.1015625,
    "OIL_price": 62.2599983215332,
    "USD_CNY_exchange_rate": 7.14139986038208,
    "Commodity_Index_ETF": 22.139999389648438,
    "US_Dollar_Index": 97.6050033569336,
    "ETH_price": 4319.5810546875,
    "GOLD_spot_price": 3675.60009765625,
    "LEAN_HOGS_future": 95.19999694824219,
    "COPPER_future": 4.559999942779541,
    "High_Yield_Bond_ETF": 80.86499786376953,
    "LIVE_CATTLE_future": 236.0749969482422,
    "GOLD_near_month_future": 3675.60009765625,
    "NATURAL_GAS_future": 3.114000082015991,
    "PLATINUM_future": 1387.0,
    "SILVER_future": 41.8650016784668,
    "Long_Term_Treasury_ETF": 89.5,
    "CORN_future": 421.75,
    "SOYBEANS_future": 1034.5,
    "WHEAT_future": 523.5,
    "SP500_close": 6486.66015625,
    "NASDAQ_close": 21794.2265625,
    "US_10Y_Treasury_Yield": 4.065000057220459,
    "VIX_close": 15.350000381469727,
    "GOLD_basis_spot_vs_near": 0.0,
    "China_10Y_Treasury_Yield": 1.8514
  }
}