{
  "latest_date": "2025-08-18",
  "latest_values": {
    "Shanghai_Composite_Index": 3728.02734375,
    "CSI_300_Index": 4239.41259765625,
    "Shenzhen_Component_Index": 11634.669921875,
    "ALUMINUM_future": 2541.5,
    "BTC_price": 116344.328125,
    "OIL_price": 63.09000015258789,
    "USD_CNY_exchange_rate": 7.179500102996826,
    "Commodity_Index_ETF": 21.735000610351562,
    "US_Dollar_Index": 98.10900115966797,
    "ETH_price": 4354.0322265625,
    "GOLD_spot_price": 3379.800048828125,
    "LEAN_HOGS_future": 90.55000305175781,
    "COPPER_future": 4.4629998207092285,
    "High_Yield_Bond_ETF": 80.44499969482422,
    "LIVE_CATTLE_future": 231.64999389648438,
    "GOLD_near_month_future": 3379.89990234375,
    "NATURAL_GAS_future": 2.8919999599456787,
    "PLATINUM_future": 1344.300048828125,
    "SILVER_future": 38.060001373291016,
    "Long_Term_Treasury_ETF": 86.06500244140625,
    "CORN_future": 405.5,
    "SOYBEANS_future": 1043.25,
    "WHEAT_future": 524.0,
    "SP500_close": 6444.2001953125,
    "NASDAQ_close": 21592.86328125,
    "US_10Y_Treasury_Yield": 4.341000080108643,
    "VIX_close": 15.149999618530273,
    "GOLD_basis_spot_vs_near": -0.099853515625,
    "China_10Y_Treasury_Yield": 1.7872
  }
}