{
  "latest_date": "2025-07-17",
  "latest_values": {
    "Shanghai_Composite_Index": 3503.77685546875,
    "CSI_300_Index": 4007.201904296875,
    "Shenzhen_Component_Index": 10720.806640625,
    "ALUMINUM_future": 2461.25,
    "BTC_price": 118862.5,
    "OIL_price": 66.79000091552734,
    "USD_CNY_exchange_rate": 7.178500175476074,
    "Commodity_Index_ETF": 22.309999465942383,
    "US_Dollar_Index": 98.37100219726562,
    "ETH_price": 3373.830078125,
    "GOLD_spot_price": 3351.60009765625,
    "LEAN_HOGS_future": 104.55000305175781,
    "COPPER_future": 5.513500213623047,
    "High_Yield_Bond_ETF": 80.05999755859375,
    "LIVE_CATTLE_future": 223.875,
    "GOLD_near_month_future": 3406.60009765625,
    "NATURAL_GAS_future": 3.562000036239624,
    "PLATINUM_future": 1437.5,
    "SILVER_future": 38.11000061035156,
    "Long_Term_Treasury_ETF": 85.12999725341797,
    "CORN_future": 423.5,
    "SOYBEANS_future": 1019.25,
    "WHEAT_future": 539.25,
    "SP500_close": 6263.7001953125,
    "NASDAQ_close": 20730.490234375,
    "US_10Y_Treasury_Yield": 4.454999923706055,
    "VIX_close": 17.15999984741211,
    "GOLD_basis_spot_vs_near": -55.0,
    "China_10Y_Treasury_Yield": 1.6617
  }
}