{
  "latest_date": "2025-10-02",
  "latest_values": {
    "Shanghai_Composite_Index": 3882.777099609375,
    "CSI_300_Index": 4640.68994140625,
    "Shenzhen_Component_Index": 13526.509765625,
    "ALUMINUM_future": 2638.75,
    "BTC_price": 119175.0,
    "OIL_price": 61.52000045776367,
    "USD_CNY_exchange_rate": 7.118500232696533,
    "Commodity_Index_ETF": 22.489999771118164,
    "US_Dollar_Index": 97.63700103759766,
    "ETH_price": 4391.97216796875,
    "GOLD_spot_price": 3908.10009765625,
    "LEAN_HOGS_future": 88.92500305175781,
    "COPPER_future": 4.978499889373779,
    "High_Yield_Bond_ETF": 80.95999908447266,
    "LIVE_CATTLE_future": 234.60000610351562,
    "GOLD_near_month_future": 3908.199951171875,
    "NATURAL_GAS_future": 3.453000068664551,
    "PLATINUM_future": 1616.300048828125,
    "SILVER_future": 47.68000030517578,
    "Long_Term_Treasury_ETF": 89.29000091552734,
    "CORN_future": 416.0,
    "SOYBEANS_future": 1029.5,
    "WHEAT_future": 511.25,
    "SP500_close": 6711.2001953125,
    "NASDAQ_close": 22755.16015625,
    "US_10Y_Treasury_Yield": 4.104000091552734,
    "VIX_close": 15.960000038146973,
    "GOLD_basis_spot_vs_near": -0.099853515625,
    "China_10Y_Treasury_Yield": 1.8605
  }
}