{
  "latest_date": "2025-08-13",
  "latest_values": {
    "Shanghai_Composite_Index": 3683.46484375,
    "CSI_300_Index": 4176.57763671875,
    "Shenzhen_Component_Index": 11551.365234375,
    "ALUMINUM_future": 2548.0,
    "BTC_price": 121696.3828125,
    "OIL_price": 62.4900016784668,
    "USD_CNY_exchange_rate": 7.187699794769287,
    "Commodity_Index_ETF": 21.719999313354492,
    "US_Dollar_Index": 97.83999633789062,
    "ETH_price": 4727.57763671875,
    "GOLD_spot_price": 3404.199951171875,
    "LEAN_HOGS_future": 90.7249984741211,
    "COPPER_future": 4.490499973297119,
    "High_Yield_Bond_ETF": 80.5250015258789,
    "LIVE_CATTLE_future": 229.47500610351562,
    "GOLD_near_month_future": 3404.10009765625,
    "NATURAL_GAS_future": 2.8239998817443848,
    "PLATINUM_future": 1344.800048828125,
    "SILVER_future": 38.525001525878906,
    "Long_Term_Treasury_ETF": 87.625,
    "CORN_future": 396.75,
    "SOYBEANS_future": 1042.0,
    "WHEAT_future": 528.0,
    "SP500_close": 6458.080078125,
    "NASDAQ_close": 21695.45703125,
    "US_10Y_Treasury_Yield": 4.240000247955322,
    "VIX_close": 14.539999961853027,
    "GOLD_basis_spot_vs_near": 0.099853515625,
    "China_10Y_Treasury_Yield": 1.7262
  }
}