{
  "latest_date": "2025-08-21",
  "latest_values": {
    "Shanghai_Composite_Index": 3771.098876953125,
    "CSI_300_Index": 4288.07080078125,
    "Shenzhen_Component_Index": 11919.7626953125,
    "ALUMINUM_future": 2510.0,
    "BTC_price": 112602.6171875,
    "OIL_price": 63.47999954223633,
    "USD_CNY_exchange_rate": 7.1819000244140625,
    "Commodity_Index_ETF": 22.0049991607666,
    "US_Dollar_Index": 98.61399841308594,
    "ETH_price": 4266.27685546875,
    "GOLD_spot_price": 3383.39990234375,
    "LEAN_HOGS_future": 89.9000015258789,
    "COPPER_future": 4.450500011444092,
    "High_Yield_Bond_ETF": 80.24500274658203,
    "LIVE_CATTLE_future": 234.77499389648438,
    "GOLD_near_month_future": 3383.5,
    "NATURAL_GAS_future": 2.8239998817443848,
    "PLATINUM_future": 1358.9000244140625,
    "SILVER_future": 38.084999084472656,
    "Long_Term_Treasury_ETF": 86.38999938964844,
    "CORN_future": 412.75,
    "SOYBEANS_future": 1055.0,
    "WHEAT_future": 530.0,
    "SP500_close": 6375.81982421875,
    "NASDAQ_close": 21110.25,
    "US_10Y_Treasury_Yield": 4.331999778747559,
    "VIX_close": 16.729999542236328,
    "GOLD_basis_spot_vs_near": -0.10009765625,
    "China_10Y_Treasury_Yield": 1.7667
  }
}