{
  "latest_date": "2025-07-23",
  "latest_values": {
    "Shanghai_Composite_Index": 3582.298095703125,
    "CSI_300_Index": 4119.7685546875,
    "Shenzhen_Component_Index": 11099.830078125,
    "ALUMINUM_future": 2636.5,
    "BTC_price": 118065.6484375,
    "OIL_price": 64.87000274658203,
    "USD_CNY_exchange_rate": 7.17549991607666,
    "Commodity_Index_ETF": 22.316299438476562,
    "US_Dollar_Index": 97.4219970703125,
    "ETH_price": 3612.82568359375,
    "GOLD_spot_price": 3421.89990234375,
    "LEAN_HOGS_future": 107.5999984741211,
    "COPPER_future": 5.864500045776367,
    "High_Yield_Bond_ETF": 80.48999786376953,
    "LIVE_CATTLE_future": 225.64999389648438,
    "GOLD_near_month_future": 3480.89990234375,
    "NATURAL_GAS_future": 3.0810000896453857,
    "PLATINUM_future": 1471.9000244140625,
    "SILVER_future": 39.7400016784668,
    "Long_Term_Treasury_ETF": 86.05709838867188,
    "CORN_future": 416.5,
    "SOYBEANS_future": 1026.75,
    "WHEAT_future": 543.5,
    "SP500_close": 6328.169921875,
    "NASDAQ_close": 20912.349609375,
    "US_10Y_Treasury_Yield": 4.369999885559082,
    "VIX_close": 16.030000686645508,
    "GOLD_basis_spot_vs_near": -59.0,
    "China_10Y_Treasury_Yield": 1.7041
  }
}