{
  "latest_date": "2025-09-22",
  "latest_values": {
    "Shanghai_Composite_Index": 3820.089111328125,
    "CSI_300_Index": 4501.919921875,
    "Shenzhen_Component_Index": 13070.8603515625,
    "ALUMINUM_future": 2611.0,
    "BTC_price": 114381.8203125,
    "OIL_price": 62.72999954223633,
    "USD_CNY_exchange_rate": 7.1128997802734375,
    "Commodity_Index_ETF": 22.260000228881836,
    "US_Dollar_Index": 97.7760009765625,
    "ETH_price": 4299.150390625,
    "GOLD_spot_price": 3724.199951171875,
    "LEAN_HOGS_future": 97.9749984741211,
    "COPPER_future": 4.633500099182129,
    "High_Yield_Bond_ETF": 81.26000213623047,
    "LIVE_CATTLE_future": 233.4499969482422,
    "GOLD_near_month_future": 3724.199951171875,
    "NATURAL_GAS_future": 2.9240000247955322,
    "PLATINUM_future": 1416.4000244140625,
    "SILVER_future": 43.650001525878906,
    "Long_Term_Treasury_ETF": 89.0199966430664,
    "CORN_future": 424.0,
    "SOYBEANS_future": 1025.5,
    "WHEAT_future": 522.5,
    "SP500_close": 6664.35986328125,
    "NASDAQ_close": 22631.48046875,
    "US_10Y_Treasury_Yield": 4.138999938964844,
    "VIX_close": 15.449999809265137,
    "GOLD_basis_spot_vs_near": 0.0,
    "China_10Y_Treasury_Yield": 1.8789
  }
}