{
  "latest_date": "2025-07-30",
  "latest_values": {
    "Shanghai_Composite_Index": 3615.716796875,
    "CSI_300_Index": 4151.23779296875,
    "Shenzhen_Component_Index": 11289.41015625,
    "ALUMINUM_future": 2556.5,
    "BTC_price": 118602.9140625,
    "OIL_price": 69.55999755859375,
    "USD_CNY_exchange_rate": 7.177800178527832,
    "Commodity_Index_ETF": 22.621999740600586,
    "US_Dollar_Index": 99.43299865722656,
    "ETH_price": 3808.17724609375,
    "GOLD_spot_price": 3355.89990234375,
    "LEAN_HOGS_future": 106.82499694824219,
    "COPPER_future": 5.57450008392334,
    "High_Yield_Bond_ETF": 80.3550033569336,
    "LIVE_CATTLE_future": 230.25,
    "GOLD_near_month_future": 3355.800048828125,
    "NATURAL_GAS_future": 3.0360000133514404,
    "PLATINUM_future": 1392.9000244140625,
    "SILVER_future": 37.77000045776367,
    "Long_Term_Treasury_ETF": 86.73999786376953,
    "CORN_future": 414.0,
    "SOYBEANS_future": 1002.5,
    "WHEAT_future": 530.25,
    "SP500_close": 6378.93017578125,
    "NASDAQ_close": 21171.91796875,
    "US_10Y_Treasury_Yield": 4.363999843597412,
    "VIX_close": 15.850000381469727,
    "GOLD_basis_spot_vs_near": 0.099853515625,
    "China_10Y_Treasury_Yield": 1.718
  }
}