{
  "latest_date": "2025-07-30",
  "latest_values": {
    "Shanghai_Composite_Index": 3615.716796875,
    "CSI_300_Index": 4151.23779296875,
    "Shenzhen_Component_Index": 11289.41015625,
    "ALUMINUM_future": 2552.0,
    "BTC_price": 117844.140625,
    "OIL_price": 70.2300033569336,
    "USD_CNY_exchange_rate": 7.177800178527832,
    "Commodity_Index_ETF": 22.639999389648438,
    "US_Dollar_Index": 99.54000091552734,
    "ETH_price": 3789.796630859375,
    "GOLD_spot_price": 3343.5,
    "LEAN_HOGS_future": 107.42500305175781,
    "COPPER_future": 5.565000057220459,
    "High_Yield_Bond_ETF": 80.36499786376953,
    "LIVE_CATTLE_future": 231.39999389648438,
    "GOLD_near_month_future": 3343.5,
    "NATURAL_GAS_future": 3.0199999809265137,
    "PLATINUM_future": 1375.5999755859375,
    "SILVER_future": 37.66999816894531,
    "Long_Term_Treasury_ETF": 86.75,
    "CORN_future": 411.75,
    "SOYBEANS_future": 1001.75,
    "WHEAT_future": 526.25,
    "SP500_close": 6381.2998046875,
    "NASDAQ_close": 21177.931640625,
    "US_10Y_Treasury_Yield": 4.374000072479248,
    "VIX_close": 16.09000015258789,
    "GOLD_basis_spot_vs_near": 0.0,
    "China_10Y_Treasury_Yield": 1.718
  }
}