{
  "latest_date": "2025-09-26",
  "latest_values": {
    "Shanghai_Composite_Index": 3853.302001953125,
    "CSI_300_Index": 4593.4873046875,
    "Shenzhen_Component_Index": 13445.8955078125,
    "ALUMINUM_future": 2602.25,
    "BTC_price": 109755.2890625,
    "OIL_price": 65.23999786376953,
    "USD_CNY_exchange_rate": 7.133299827575684,
    "Commodity_Index_ETF": 22.799999237060547,
    "US_Dollar_Index": 98.4209976196289,
    "ETH_price": 3942.12353515625,
    "GOLD_spot_price": 3775.39990234375,
    "LEAN_HOGS_future": 89.94999694824219,
    "COPPER_future": 4.778500080108643,
    "High_Yield_Bond_ETF": 80.91999816894531,
    "LIVE_CATTLE_future": 236.0500030517578,
    "GOLD_near_month_future": 3775.699951171875,
    "NATURAL_GAS_future": 3.2200000286102295,
    "PLATINUM_future": 1555.300048828125,
    "SILVER_future": 45.14500045776367,
    "Long_Term_Treasury_ETF": 88.9800033569336,
    "CORN_future": 425.25,
    "SOYBEANS_future": 1012.5,
    "WHEAT_future": 527.25,
    "SP500_close": 6604.72021484375,
    "NASDAQ_close": 22384.697265625,
    "US_10Y_Treasury_Yield": 4.171999931335449,
    "VIX_close": 16.739999771118164,
    "GOLD_basis_spot_vs_near": -0.300048828125,
    "China_10Y_Treasury_Yield": 1.884
  }
}