{
  "latest_date": "2025-08-15",
  "latest_values": {
    "Shanghai_Composite_Index": 3666.443115234375,
    "CSI_300_Index": 4173.31005859375,
    "Shenzhen_Component_Index": 11451.4296875,
    "ALUMINUM_future": 2547.75,
    "BTC_price": 118981.7890625,
    "OIL_price": 63.7400016784668,
    "USD_CNY_exchange_rate": 7.174300193786621,
    "Commodity_Index_ETF": 21.84000015258789,
    "US_Dollar_Index": 98.04499816894531,
    "ETH_price": 4629.62255859375,
    "GOLD_spot_price": 3390.5,
    "LEAN_HOGS_future": 88.9000015258789,
    "COPPER_future": 4.487500190734863,
    "High_Yield_Bond_ETF": 80.4000015258789,
    "LIVE_CATTLE_future": 226.77499389648438,
    "GOLD_near_month_future": 3390.39990234375,
    "NATURAL_GAS_future": 2.865999937057495,
    "PLATINUM_future": 1364.300048828125,
    "SILVER_future": 38.04999923706055,
    "Long_Term_Treasury_ETF": 87.0199966430664,
    "CORN_future": 398.0,
    "SOYBEANS_future": 1029.0,
    "WHEAT_future": 525.5,
    "SP500_close": 6468.5400390625,
    "NASDAQ_close": 21710.669921875,
    "US_10Y_Treasury_Yield": 4.293000221252441,
    "VIX_close": 14.829999923706055,
    "GOLD_basis_spot_vs_near": 0.10009765625,
    "China_10Y_Treasury_Yield": 1.7341
  }
}