{
  "latest_date": "2025-07-25",
  "latest_values": {
    "Shanghai_Composite_Index": 3605.72705078125,
    "CSI_300_Index": 4149.0400390625,
    "Shenzhen_Component_Index": 11193.0595703125,
    "ALUMINUM_future": 2629.0,
    "BTC_price": 116442.8515625,
    "OIL_price": 66.30000305175781,
    "USD_CNY_exchange_rate": 7.1595001220703125,
    "Commodity_Index_ETF": 22.399999618530273,
    "US_Dollar_Index": 97.6989974975586,
    "ETH_price": 3725.74609375,
    "GOLD_spot_price": 3343.89990234375,
    "LEAN_HOGS_future": 108.19999694824219,
    "COPPER_future": 5.78849983215332,
    "High_Yield_Bond_ETF": 80.44000244140625,
    "LIVE_CATTLE_future": 225.875,
    "GOLD_near_month_future": 3401.10009765625,
    "NATURAL_GAS_future": 3.128000020980835,
    "PLATINUM_future": 1422.9000244140625,
    "SILVER_future": 38.994998931884766,
    "Long_Term_Treasury_ETF": 85.88999938964844,
    "CORN_future": 418.75,
    "SOYBEANS_future": 1018.0,
    "WHEAT_future": 539.0,
    "SP500_close": 6363.35009765625,
    "NASDAQ_close": 21057.9609375,
    "US_10Y_Treasury_Yield": 4.4079999923706055,
    "VIX_close": 15.260000228881836,
    "GOLD_basis_spot_vs_near": -57.2001953125,
    "China_10Y_Treasury_Yield": 1.7324
  }
}