{
  "latest_date": "2025-07-02",
  "latest_values": {
    "Shanghai_Composite_Index": 3454.79248046875,
    "CSI_300_Index": 3943.684814453125,
    "Shenzhen_Component_Index": 10476.2900390625,
    "ALUMINUM_future": 2581.5,
    "BTC_price": 109161.3046875,
    "OIL_price": 66.56999969482422,
    "USD_CNY_exchange_rate": 7.163599967956543,
    "Commodity_Index_ETF": 22.1299991607666,
    "US_Dollar_Index": 96.89700317382812,
    "ETH_price": 2516.871826171875,
    "GOLD_spot_price": 3350.89990234375,
    "LEAN_HOGS_future": 109.1500015258789,
    "COPPER_future": 5.197999954223633,
    "High_Yield_Bond_ETF": 80.25350189208984,
    "LIVE_CATTLE_future": 210.5500030517578,
    "GOLD_near_month_future": 3351.300048828125,
    "NATURAL_GAS_future": 3.4820001125335693,
    "PLATINUM_future": 1423.800048828125,
    "SILVER_future": 36.665000915527344,
    "Long_Term_Treasury_ETF": 87.19000244140625,
    "CORN_future": 425.0,
    "SOYBEANS_future": 1036.5,
    "WHEAT_future": 555.5,
    "SP500_close": 6213.89013671875,
    "NASDAQ_close": 20357.21875,
    "US_10Y_Treasury_Yield": 4.289000034332275,
    "VIX_close": 16.719999313354492,
    "GOLD_basis_spot_vs_near": -0.400146484375,
    "China_10Y_Treasury_Yield": 1.6396
  }
}