{
  "latest_date": "2025-07-17",
  "latest_values": {
    "Shanghai_Composite_Index": 3503.777099609375,
    "CSI_300_Index": 4007.199951171875,
    "Shenzhen_Component_Index": 10720.8095703125,
    "ALUMINUM_future": 2473.0,
    "BTC_price": 117990.1640625,
    "OIL_price": 66.9000015258789,
    "USD_CNY_exchange_rate": 7.172900199890137,
    "Commodity_Index_ETF": 22.309999465942383,
    "US_Dollar_Index": 98.5459976196289,
    "ETH_price": 3325.152099609375,
    "GOLD_spot_price": 3344.5,
    "LEAN_HOGS_future": 104.55000305175781,
    "COPPER_future": 5.516499996185303,
    "High_Yield_Bond_ETF": 80.05999755859375,
    "LIVE_CATTLE_future": 223.875,
    "GOLD_near_month_future": 3400.60009765625,
    "NATURAL_GAS_future": 3.562000036239624,
    "PLATINUM_future": 1439.199951171875,
    "SILVER_future": 38.18000030517578,
    "Long_Term_Treasury_ETF": 85.12999725341797,
    "CORN_future": 424.25,
    "SOYBEANS_future": 1017.25,
    "WHEAT_future": 541.5,
    "SP500_close": 6263.7001953125,
    "NASDAQ_close": 20730.490234375,
    "US_10Y_Treasury_Yield": 4.454999923706055,
    "VIX_close": 17.15999984741211,
    "GOLD_basis_spot_vs_near": -56.10009765625,
    "China_10Y_Treasury_Yield": 1.6617
  }
}