{
  "latest_date": "2025-09-22",
  "latest_values": {
    "Shanghai_Composite_Index": 3820.089111328125,
    "CSI_300_Index": 4501.919921875,
    "Shenzhen_Component_Index": 13070.8603515625,
    "ALUMINUM_future": 2622.25,
    "BTC_price": 112613.53125,
    "OIL_price": 62.189998626708984,
    "USD_CNY_exchange_rate": 7.1128997802734375,
    "Commodity_Index_ETF": 22.260000228881836,
    "US_Dollar_Index": 97.49400329589844,
    "ETH_price": 4183.1337890625,
    "GOLD_spot_price": 3747.89990234375,
    "LEAN_HOGS_future": 97.9749984741211,
    "COPPER_future": 4.626999855041504,
    "High_Yield_Bond_ETF": 81.26000213623047,
    "LIVE_CATTLE_future": 233.5749969482422,
    "GOLD_near_month_future": 3747.89990234375,
    "NATURAL_GAS_future": 2.927000045776367,
    "PLATINUM_future": 1420.800048828125,
    "SILVER_future": 43.65999984741211,
    "Long_Term_Treasury_ETF": 89.0199966430664,
    "CORN_future": 421.0,
    "SOYBEANS_future": 1011.0,
    "WHEAT_future": 517.75,
    "SP500_close": 6664.35986328125,
    "NASDAQ_close": 22631.48046875,
    "US_10Y_Treasury_Yield": 4.126999855041504,
    "VIX_close": 16.149999618530273,
    "GOLD_basis_spot_vs_near": 0.0,
    "China_10Y_Treasury_Yield": 1.8647
  }
}