{
  "latest_date": "2025-07-21",
  "latest_values": {
    "Shanghai_Composite_Index": 3559.791259765625,
    "CSI_300_Index": 4085.607177734375,
    "Shenzhen_Component_Index": 11007.4873046875,
    "ALUMINUM_future": 2605.0,
    "BTC_price": 116767.421875,
    "OIL_price": 66.98999786376953,
    "USD_CNY_exchange_rate": 7.17549991607666,
    "Commodity_Index_ETF": 22.5,
    "US_Dollar_Index": 97.87000274658203,
    "ETH_price": 3728.383056640625,
    "GOLD_spot_price": 3409.39990234375,
    "LEAN_HOGS_future": 107.30000305175781,
    "COPPER_future": 5.636499881744385,
    "High_Yield_Bond_ETF": 80.3499984741211,
    "LIVE_CATTLE_future": 225.1750030517578,
    "GOLD_near_month_future": 3466.5,
    "NATURAL_GAS_future": 3.312999963760376,
    "PLATINUM_future": 1491.699951171875,
    "SILVER_future": 39.224998474121094,
    "Long_Term_Treasury_ETF": 86.0,
    "CORN_future": 422.5,
    "SOYBEANS_future": 1026.75,
    "WHEAT_future": 541.75,
    "SP500_close": 6305.60009765625,
    "NASDAQ_close": 20974.173828125,
    "US_10Y_Treasury_Yield": 4.372000217437744,
    "VIX_close": 16.739999771118164,
    "GOLD_basis_spot_vs_near": -57.10009765625,
    "China_10Y_Treasury_Yield": 1.6774
  }
}