{
  "latest_date": "2025-07-03",
  "latest_values": {
    "Shanghai_Composite_Index": 3454.7919921875,
    "CSI_300_Index": 3943.68994140625,
    "Shenzhen_Component_Index": 10412.6298828125,
    "ALUMINUM_future": 2574.0,
    "BTC_price": 109472.359375,
    "OIL_price": 66.87999725341797,
    "USD_CNY_exchange_rate": 7.1645002365112305,
    "Commodity_Index_ETF": 22.290000915527344,
    "US_Dollar_Index": 96.76000213623047,
    "ETH_price": 2601.006103515625,
    "GOLD_spot_price": 3372.10009765625,
    "LEAN_HOGS_future": 109.6500015258789,
    "COPPER_future": 5.172500133514404,
    "High_Yield_Bond_ETF": 80.31999969482422,
    "LIVE_CATTLE_future": 212.4499969482422,
    "GOLD_near_month_future": 3426.800048828125,
    "NATURAL_GAS_future": 3.505000114440918,
    "PLATINUM_future": 1420.4000244140625,
    "SILVER_future": 37.01499938964844,
    "Long_Term_Treasury_ETF": 87.58000183105469,
    "CORN_future": 436.5,
    "SOYBEANS_future": 1045.5,
    "WHEAT_future": 561.5,
    "SP500_close": 6227.419921875,
    "NASDAQ_close": 20393.130859375,
    "US_10Y_Treasury_Yield": 4.293000221252441,
    "VIX_close": 16.639999389648438,
    "GOLD_basis_spot_vs_near": -54.699951171875,
    "China_10Y_Treasury_Yield": 1.6396
  }
}