{
  "latest_date": "2025-08-06",
  "latest_values": {
    "Shanghai_Composite_Index": 3633.994873046875,
    "CSI_300_Index": 4113.4853515625,
    "Shenzhen_Component_Index": 11106.9599609375,
    "ALUMINUM_future": 2537.5,
    "BTC_price": 115434.59375,
    "OIL_price": 65.01000213623047,
    "USD_CNY_exchange_rate": 7.177999973297119,
    "Commodity_Index_ETF": 21.864999771118164,
    "US_Dollar_Index": 98.28299713134766,
    "ETH_price": 3661.364501953125,
    "GOLD_spot_price": 3437.0,
    "LEAN_HOGS_future": 91.82499694824219,
    "COPPER_future": 4.417500019073486,
    "High_Yield_Bond_ETF": 80.20500183105469,
    "LIVE_CATTLE_future": 228.0,
    "GOLD_near_month_future": 3437.0,
    "NATURAL_GAS_future": 3.0439999103546143,
    "PLATINUM_future": 1345.5999755859375,
    "SILVER_future": 37.94499969482422,
    "Long_Term_Treasury_ETF": 87.68000030517578,
    "CORN_future": 397.25,
    "SOYBEANS_future": 982.0,
    "WHEAT_future": 526.25,
    "SP500_close": 6347.1298828125,
    "NASDAQ_close": 21134.099609375,
    "US_10Y_Treasury_Yield": 4.234000205993652,
    "VIX_close": 16.75,
    "GOLD_basis_spot_vs_near": 0.0,
    "China_10Y_Treasury_Yield": 1.6999
  }
}