{
  "latest_date": "2025-07-25",
  "latest_values": {
    "Shanghai_Composite_Index": 3593.6552734375,
    "CSI_300_Index": 4127.16357421875,
    "Shenzhen_Component_Index": 11168.1416015625,
    "ALUMINUM_future": 2590.0,
    "BTC_price": 116184.0,
    "OIL_price": 65.1500015258789,
    "USD_CNY_exchange_rate": 7.167399883270264,
    "Commodity_Index_ETF": 22.199899673461914,
    "US_Dollar_Index": 97.71600341796875,
    "ETH_price": 3643.840087890625,
    "GOLD_spot_price": 3336.60009765625,
    "LEAN_HOGS_future": 108.75,
    "COPPER_future": 5.7870001792907715,
    "High_Yield_Bond_ETF": 80.56500244140625,
    "LIVE_CATTLE_future": 226.4250030517578,
    "GOLD_near_month_future": 3393.60009765625,
    "NATURAL_GAS_future": 3.0959999561309814,
    "PLATINUM_future": 1424.5999755859375,
    "SILVER_future": 38.369998931884766,
    "Long_Term_Treasury_ETF": 86.32499694824219,
    "CORN_future": 418.75,
    "SOYBEANS_future": 1020.75,
    "WHEAT_future": 537.75,
    "SP500_close": 6391.93994140625,
    "NASDAQ_close": 21129.83203125,
    "US_10Y_Treasury_Yield": 4.386000156402588,
    "VIX_close": 15.180000305175781,
    "GOLD_basis_spot_vs_near": -57.0,
    "China_10Y_Treasury_Yield": 1.7324
  }
}