{
  "latest_date": "2025-08-14",
  "latest_values": {
    "Shanghai_Composite_Index": 3666.442626953125,
    "CSI_300_Index": 4173.31298828125,
    "Shenzhen_Component_Index": 11451.4345703125,
    "ALUMINUM_future": 2605.5,
    "BTC_price": 117831.1171875,
    "OIL_price": 63.81999969482422,
    "USD_CNY_exchange_rate": 7.178500175476074,
    "Commodity_Index_ETF": 21.790000915527344,
    "US_Dollar_Index": 98.31999969482422,
    "ETH_price": 4539.67578125,
    "GOLD_spot_price": 3380.10009765625,
    "LEAN_HOGS_future": 88.57499694824219,
    "COPPER_future": 4.47599983215332,
    "High_Yield_Bond_ETF": 80.37999725341797,
    "LIVE_CATTLE_future": 225.9499969482422,
    "GOLD_near_month_future": 3380.199951171875,
    "NATURAL_GAS_future": 2.8289999961853027,
    "PLATINUM_future": 1363.9000244140625,
    "SILVER_future": 38.005001068115234,
    "Long_Term_Treasury_ETF": 86.96499633789062,
    "CORN_future": 396.25,
    "SOYBEANS_future": 1031.0,
    "WHEAT_future": 525.75,
    "SP500_close": 6460.490234375,
    "NASDAQ_close": 21711.943359375,
    "US_10Y_Treasury_Yield": 4.293000221252441,
    "VIX_close": 15.029999732971191,
    "GOLD_basis_spot_vs_near": -0.099853515625,
    "China_10Y_Treasury_Yield": 1.7341
  }
}