{
  "latest_date": "2025-07-18",
  "latest_values": {
    "Shanghai_Composite_Index": 3516.824951171875,
    "CSI_300_Index": 4034.489990234375,
    "Shenzhen_Component_Index": 10873.6201171875,
    "ALUMINUM_future": 2428.75,
    "BTC_price": 118596.5625,
    "OIL_price": 68.06999969482422,
    "USD_CNY_exchange_rate": 7.178500175476074,
    "Commodity_Index_ETF": 22.489999771118164,
    "US_Dollar_Index": 98.37999725341797,
    "ETH_price": 3601.1201171875,
    "GOLD_spot_price": 3352.89990234375,
    "LEAN_HOGS_future": 105.94999694824219,
    "COPPER_future": 5.577499866485596,
    "High_Yield_Bond_ETF": 80.13999938964844,
    "LIVE_CATTLE_future": 223.64999389648438,
    "GOLD_near_month_future": 3410.10009765625,
    "NATURAL_GAS_future": 3.5789999961853027,
    "PLATINUM_future": 1483.5999755859375,
    "SILVER_future": 38.65999984741211,
    "Long_Term_Treasury_ETF": 85.11000061035156,
    "CORN_future": 427.0,
    "SOYBEANS_future": 1039.5,
    "WHEAT_future": 540.25,
    "SP500_close": 6297.35986328125,
    "NASDAQ_close": 20885.650390625,
    "US_10Y_Treasury_Yield": 4.4629998207092285,
    "VIX_close": 16.469999313354492,
    "GOLD_basis_spot_vs_near": -57.2001953125,
    "China_10Y_Treasury_Yield": 1.663
  }
}