{
  "latest_date": "2025-08-20",
  "latest_values": {
    "Shanghai_Composite_Index": 3766.21044921875,
    "CSI_300_Index": 4271.39599609375,
    "Shenzhen_Component_Index": 11821.6298828125,
    "ALUMINUM_future": 2484.0,
    "BTC_price": 113697.234375,
    "OIL_price": 62.29999923706055,
    "USD_CNY_exchange_rate": 7.184599876403809,
    "Commodity_Index_ETF": 21.7549991607666,
    "US_Dollar_Index": 98.11100006103516,
    "ETH_price": 4231.8515625,
    "GOLD_spot_price": 3391.0,
    "LEAN_HOGS_future": 89.1500015258789,
    "COPPER_future": 4.427000045776367,
    "High_Yield_Bond_ETF": 80.3550033569336,
    "LIVE_CATTLE_future": 234.72500610351562,
    "GOLD_near_month_future": 3391.0,
    "NATURAL_GAS_future": 2.74399995803833,
    "PLATINUM_future": 1336.300048828125,
    "SILVER_future": 37.78499984741211,
    "Long_Term_Treasury_ETF": 86.87000274658203,
    "CORN_future": 405.25,
    "SOYBEANS_future": 1037.75,
    "WHEAT_future": 529.5,
    "SP500_close": 6352.6201171875,
    "NASDAQ_close": 20949.1171875,
    "US_10Y_Treasury_Yield": 4.284999847412109,
    "VIX_close": 17.100000381469727,
    "GOLD_basis_spot_vs_near": 0.0,
    "China_10Y_Treasury_Yield": 1.782
  }
}