{
  "latest_date": "2025-09-05",
  "latest_values": {
    "Shanghai_Composite_Index": 3765.8759765625,
    "CSI_300_Index": 4365.2099609375,
    "Shenzhen_Component_Index": 12118.7001953125,
    "ALUMINUM_future": 2527.5,
    "BTC_price": 112971.3046875,
    "OIL_price": 62.220001220703125,
    "USD_CNY_exchange_rate": 7.14139986038208,
    "Commodity_Index_ETF": 22.209999084472656,
    "US_Dollar_Index": 97.58200073242188,
    "ETH_price": 4457.6923828125,
    "GOLD_spot_price": 3641.89990234375,
    "LEAN_HOGS_future": 95.0999984741211,
    "COPPER_future": 4.605999946594238,
    "High_Yield_Bond_ETF": 80.83000183105469,
    "LIVE_CATTLE_future": 236.97500610351562,
    "GOLD_near_month_future": 3642.10009765625,
    "NATURAL_GAS_future": 3.0850000381469727,
    "PLATINUM_future": 1404.5999755859375,
    "SILVER_future": 42.0,
    "Long_Term_Treasury_ETF": 87.2300033569336,
    "CORN_future": 421.5,
    "SOYBEANS_future": 1032.75,
    "WHEAT_future": 520.25,
    "SP500_close": 6502.080078125,
    "NASDAQ_close": 21707.689453125,
    "US_10Y_Treasury_Yield": 4.084000110626221,
    "VIX_close": 14.989999771118164,
    "GOLD_basis_spot_vs_near": -0.2001953125,
    "China_10Y_Treasury_Yield": 1.826
  }
}