{
  "latest_date": "2025-06-30",
  "latest_values": {
    "Shanghai_Composite_Index": 3444.425537109375,
    "CSI_300_Index": 3936.0791015625,
    "Shenzhen_Component_Index": 10378.5498046875,
    "ALUMINUM_future": 2561.75,
    "BTC_price": 106960.671875,
    "OIL_price": 64.8499984741211,
    "USD_CNY_exchange_rate": 7.167500019073486,
    "Commodity_Index_ETF": 21.809999465942383,
    "US_Dollar_Index": 97.18599700927734,
    "ETH_price": 2443.67041015625,
    "GOLD_spot_price": 3299.10009765625,
    "LEAN_HOGS_future": 110.5250015258789,
    "COPPER_future": 5.082499980926514,
    "High_Yield_Bond_ETF": 80.55500030517578,
    "LIVE_CATTLE_future": 212.5500030517578,
    "GOLD_near_month_future": 3299.199951171875,
    "NATURAL_GAS_future": 3.4639999866485596,
    "PLATINUM_future": 1342.5999755859375,
    "SILVER_future": 36.17499923706055,
    "Long_Term_Treasury_ETF": 87.67500305175781,
    "CORN_future": 427.5,
    "SOYBEANS_future": 1036.5,
    "WHEAT_future": 544.25,
    "SP500_close": 6186.740234375,
    "NASDAQ_close": 20317.24609375,
    "US_10Y_Treasury_Yield": 4.2729997634887695,
    "VIX_close": 17.3700008392334,
    "GOLD_basis_spot_vs_near": -0.099853515625,
    "China_10Y_Treasury_Yield": 1.6469
  }
}