{
  "latest_date": "2025-08-15",
  "latest_values": {
    "Shanghai_Composite_Index": 3696.7705078125,
    "CSI_300_Index": 4202.353515625,
    "Shenzhen_Component_Index": 11634.66796875,
    "ALUMINUM_future": 2534.75,
    "BTC_price": 117273.0546875,
    "OIL_price": 63.2400016784668,
    "USD_CNY_exchange_rate": 7.174300193786621,
    "Commodity_Index_ETF": 21.78499984741211,
    "US_Dollar_Index": 97.86100006103516,
    "ETH_price": 4410.55322265625,
    "GOLD_spot_price": 3383.300048828125,
    "LEAN_HOGS_future": 90.30000305175781,
    "COPPER_future": 4.486000061035156,
    "High_Yield_Bond_ETF": 80.4000015258789,
    "LIVE_CATTLE_future": 228.60000610351562,
    "GOLD_near_month_future": 3383.60009765625,
    "NATURAL_GAS_future": 2.9100000858306885,
    "PLATINUM_future": 1346.699951171875,
    "SILVER_future": 37.94499969482422,
    "Long_Term_Treasury_ETF": 86.33499908447266,
    "CORN_future": 403.0,
    "SOYBEANS_future": 1041.25,
    "WHEAT_future": 524.75,
    "SP500_close": 6457.72021484375,
    "NASDAQ_close": 21643.267578125,
    "US_10Y_Treasury_Yield": 4.328000068664551,
    "VIX_close": 14.84000015258789,
    "GOLD_basis_spot_vs_near": -0.300048828125,
    "China_10Y_Treasury_Yield": 1.7465
  }
}