{
  "latest_date": "2025-07-02",
  "latest_values": {
    "Shanghai_Composite_Index": 3454.79248046875,
    "CSI_300_Index": 3943.684814453125,
    "Shenzhen_Component_Index": 10412.6279296875,
    "ALUMINUM_future": 2581.5,
    "BTC_price": 109289.6640625,
    "OIL_price": 67.48999786376953,
    "USD_CNY_exchange_rate": 7.163599967956543,
    "Commodity_Index_ETF": 22.28499984741211,
    "US_Dollar_Index": 96.79900360107422,
    "ETH_price": 2572.03759765625,
    "GOLD_spot_price": 3360.10009765625,
    "LEAN_HOGS_future": 108.05000305175781,
    "COPPER_future": 5.204500198364258,
    "High_Yield_Bond_ETF": 80.25,
    "LIVE_CATTLE_future": 212.3249969482422,
    "GOLD_near_month_future": 3415.0,
    "NATURAL_GAS_future": 3.493000030517578,
    "PLATINUM_future": 1434.0999755859375,
    "SILVER_future": 36.73500061035156,
    "Long_Term_Treasury_ETF": 87.30000305175781,
    "CORN_future": 431.25,
    "SOYBEANS_future": 1047.5,
    "WHEAT_future": 563.0,
    "SP500_close": 6217.0400390625,
    "NASDAQ_close": 20359.123046875,
    "US_10Y_Treasury_Yield": 4.296000003814697,
    "VIX_close": 16.65999984741211,
    "GOLD_basis_spot_vs_near": -54.89990234375,
    "China_10Y_Treasury_Yield": 1.6396
  }
}