{
  "latest_date": "2025-07-09",
  "latest_values": {
    "Shanghai_Composite_Index": 3493.049560546875,
    "CSI_300_Index": 3991.400634765625,
    "Shenzhen_Component_Index": 10588.3896484375,
    "ALUMINUM_future": 2544.25,
    "BTC_price": 109133.1640625,
    "OIL_price": 68.66999816894531,
    "USD_CNY_exchange_rate": 7.1743998527526855,
    "Commodity_Index_ETF": 22.30500030517578,
    "US_Dollar_Index": 97.61900329589844,
    "ETH_price": 2658.56298828125,
    "GOLD_spot_price": 3318.800048828125,
    "LEAN_HOGS_future": 107.30000305175781,
    "COPPER_future": 5.456999778747559,
    "High_Yield_Bond_ETF": 80.13500213623047,
    "LIVE_CATTLE_future": 220.125,
    "GOLD_near_month_future": 3318.60009765625,
    "NATURAL_GAS_future": 3.1600000858306885,
    "PLATINUM_future": 1376.0,
    "SILVER_future": 36.685001373291016,
    "Long_Term_Treasury_ETF": 86.49500274658203,
    "CORN_future": 415.75,
    "SOYBEANS_future": 1010.5,
    "WHEAT_future": 547.75,
    "SP500_close": 6244.169921875,
    "NASDAQ_close": 20531.3671875,
    "US_10Y_Treasury_Yield": 4.374000072479248,
    "VIX_close": 16.1200008392334,
    "GOLD_basis_spot_vs_near": 0.199951171875,
    "China_10Y_Treasury_Yield": 1.6446
  }
}