{
  "latest_date": "2025-08-20",
  "latest_values": {
    "Shanghai_Composite_Index": 3766.21044921875,
    "CSI_300_Index": 4271.39599609375,
    "Shenzhen_Component_Index": 11926.7412109375,
    "ALUMINUM_future": 2490.25,
    "BTC_price": 114028.5859375,
    "OIL_price": 62.650001525878906,
    "USD_CNY_exchange_rate": 7.17519998550415,
    "Commodity_Index_ETF": 21.820100784301758,
    "US_Dollar_Index": 98.10399627685547,
    "ETH_price": 4326.4228515625,
    "GOLD_spot_price": 3390.10009765625,
    "LEAN_HOGS_future": 90.0999984741211,
    "COPPER_future": 4.435999870300293,
    "High_Yield_Bond_ETF": 80.3550033569336,
    "LIVE_CATTLE_future": 235.125,
    "GOLD_near_month_future": 3390.10009765625,
    "NATURAL_GAS_future": 2.740999937057495,
    "PLATINUM_future": 1340.5,
    "SILVER_future": 37.810001373291016,
    "Long_Term_Treasury_ETF": 86.77999877929688,
    "CORN_future": 403.75,
    "SOYBEANS_future": 1035.5,
    "WHEAT_future": 527.75,
    "SP500_close": 6374.52978515625,
    "NASDAQ_close": 21082.912109375,
    "US_10Y_Treasury_Yield": 4.281000137329102,
    "VIX_close": 15.920000076293945,
    "GOLD_basis_spot_vs_near": 0.0,
    "China_10Y_Treasury_Yield": 1.782
  }
}