{
  "latest_date": "2025-09-18",
  "latest_values": {
    "Shanghai_Composite_Index": 3876.341064453125,
    "CSI_300_Index": 4551.02001953125,
    "Shenzhen_Component_Index": 13215.4599609375,
    "ALUMINUM_future": 2583.75,
    "BTC_price": 117215.390625,
    "OIL_price": 64.38999938964844,
    "USD_CNY_exchange_rate": 7.114200115203857,
    "Commodity_Index_ETF": 22.540000915527344,
    "US_Dollar_Index": 97.08599853515625,
    "ETH_price": 4574.34228515625,
    "GOLD_spot_price": 3702.699951171875,
    "LEAN_HOGS_future": 97.3499984741211,
    "COPPER_future": 4.609000205993652,
    "High_Yield_Bond_ETF": 81.05000305175781,
    "LIVE_CATTLE_future": 231.47500610351562,
    "GOLD_near_month_future": 3702.39990234375,
    "NATURAL_GAS_future": 3.0810000896453857,
    "PLATINUM_future": 1410.5999755859375,
    "SILVER_future": 42.150001525878906,
    "Long_Term_Treasury_ETF": 90.12000274658203,
    "CORN_future": 426.25,
    "SOYBEANS_future": 1040.25,
    "WHEAT_future": 530.25,
    "SP500_close": 6600.35009765625,
    "NASDAQ_close": 22261.330078125,
    "US_10Y_Treasury_Yield": 4.064000129699707,
    "VIX_close": 14.819999694824219,
    "GOLD_basis_spot_vs_near": 0.300048828125,
    "China_10Y_Treasury_Yield": 1.8546
  }
}