{
  "latest_date": "2025-09-22",
  "latest_values": {
    "Shanghai_Composite_Index": 3828.576416015625,
    "CSI_300_Index": 4522.60791015625,
    "Shenzhen_Component_Index": 13157.9736328125,
    "ALUMINUM_future": 2572.75,
    "BTC_price": 112829.9296875,
    "OIL_price": 62.349998474121094,
    "USD_CNY_exchange_rate": 7.1128997802734375,
    "Commodity_Index_ETF": 22.260000228881836,
    "US_Dollar_Index": 97.3010025024414,
    "ETH_price": 4195.0595703125,
    "GOLD_spot_price": 3781.10009765625,
    "LEAN_HOGS_future": 98.80000305175781,
    "COPPER_future": 4.6519999504089355,
    "High_Yield_Bond_ETF": 81.31999969482422,
    "LIVE_CATTLE_future": 237.22500610351562,
    "GOLD_near_month_future": 3781.300048828125,
    "NATURAL_GAS_future": 2.8010001182556152,
    "PLATINUM_future": 1426.300048828125,
    "SILVER_future": 44.30500030517578,
    "Long_Term_Treasury_ETF": 88.69999694824219,
    "CORN_future": 421.75,
    "SOYBEANS_future": 1011.25,
    "WHEAT_future": 510.0,
    "SP500_close": 6693.75,
    "NASDAQ_close": 22788.9765625,
    "US_10Y_Treasury_Yield": 4.14300012588501,
    "VIX_close": 16.100000381469727,
    "GOLD_basis_spot_vs_near": -0.199951171875,
    "China_10Y_Treasury_Yield": 1.8647
  }
}