{
  "latest_date": "2025-08-27",
  "latest_values": {
    "Shanghai_Composite_Index": 3868.382080078125,
    "CSI_300_Index": 4452.58984375,
    "Shenzhen_Component_Index": 12473.169921875,
    "ALUMINUM_future": 2606.0,
    "BTC_price": 111099.203125,
    "OIL_price": 63.189998626708984,
    "USD_CNY_exchange_rate": 7.151000022888184,
    "Commodity_Index_ETF": 22.020000457763672,
    "US_Dollar_Index": 98.41699981689453,
    "ETH_price": 4586.517578125,
    "GOLD_spot_price": 3426.199951171875,
    "LEAN_HOGS_future": 93.4000015258789,
    "COPPER_future": 4.440000057220459,
    "High_Yield_Bond_ETF": 80.87000274658203,
    "LIVE_CATTLE_future": 238.125,
    "GOLD_near_month_future": 3426.300048828125,
    "NATURAL_GAS_future": 2.7200000286102295,
    "PLATINUM_future": 1345.9000244140625,
    "SILVER_future": 38.45000076293945,
    "Long_Term_Treasury_ETF": 86.75,
    "CORN_future": 408.0,
    "SOYBEANS_future": 1047.25,
    "WHEAT_future": 529.5,
    "SP500_close": 6465.93994140625,
    "NASDAQ_close": 21544.26953125,
    "US_10Y_Treasury_Yield": 4.257999897003174,
    "VIX_close": 14.619999885559082,
    "GOLD_basis_spot_vs_near": -0.10009765625,
    "China_10Y_Treasury_Yield": 1.7598
  }
}