{
  "latest_date": "2025-08-26",
  "latest_values": {
    "Shanghai_Composite_Index": 3883.56201171875,
    "CSI_300_Index": 4469.22021484375,
    "Shenzhen_Component_Index": 12441.0703125,
    "ALUMINUM_future": 2543.5,
    "BTC_price": 110170.640625,
    "OIL_price": 63.709999084472656,
    "USD_CNY_exchange_rate": 7.167500019073486,
    "Commodity_Index_ETF": 22.190000534057617,
    "US_Dollar_Index": 98.2959976196289,
    "ETH_price": 4423.72265625,
    "GOLD_spot_price": 3416.89990234375,
    "LEAN_HOGS_future": 91.42500305175781,
    "COPPER_future": 4.448999881744385,
    "High_Yield_Bond_ETF": 80.69000244140625,
    "LIVE_CATTLE_future": 236.97500610351562,
    "GOLD_near_month_future": 3416.89990234375,
    "NATURAL_GAS_future": 2.6760001182556152,
    "PLATINUM_future": 1331.5999755859375,
    "SILVER_future": 38.5099983215332,
    "Long_Term_Treasury_ETF": 86.80000305175781,
    "CORN_future": 414.0,
    "SOYBEANS_future": 1053.5,
    "WHEAT_future": 531.5,
    "SP500_close": 6439.31982421875,
    "NASDAQ_close": 21449.2890625,
    "US_10Y_Treasury_Yield": 4.275000095367432,
    "VIX_close": 15.380000114440918,
    "GOLD_basis_spot_vs_near": 0.0,
    "China_10Y_Treasury_Yield": 1.7598
  }
}