{
  "latest_date": "2025-08-05",
  "latest_values": {
    "Shanghai_Composite_Index": 3617.59765625,
    "CSI_300_Index": 4103.4501953125,
    "Shenzhen_Component_Index": 11041.5595703125,
    "ALUMINUM_future": 2475.75,
    "BTC_price": 113077.9140625,
    "OIL_price": 65.33999633789062,
    "USD_CNY_exchange_rate": 7.211599826812744,
    "Commodity_Index_ETF": 21.899999618530273,
    "US_Dollar_Index": 98.7229995727539,
    "ETH_price": 3577.11474609375,
    "GOLD_spot_price": 3444.0,
    "LEAN_HOGS_future": 108.82499694824219,
    "COPPER_future": 4.394000053405762,
    "High_Yield_Bond_ETF": 80.1500015258789,
    "LIVE_CATTLE_future": 227.77499389648438,
    "GOLD_near_month_future": 3443.89990234375,
    "NATURAL_GAS_future": 3.009000062942505,
    "PLATINUM_future": 1336.9000244140625,
    "SILVER_future": 37.83000183105469,
    "Long_Term_Treasury_ETF": 88.13999938964844,
    "CORN_future": 403.25,
    "SOYBEANS_future": 994.5,
    "WHEAT_future": 528.5,
    "SP500_close": 6307.9599609375,
    "NASDAQ_close": 20966.6796875,
    "US_10Y_Treasury_Yield": 4.203999996185303,
    "VIX_close": 18.530000686645508,
    "GOLD_basis_spot_vs_near": 0.10009765625,
    "China_10Y_Treasury_Yield": 1.7061
  }
}