{
  "latest_date": "2025-08-29",
  "latest_values": {
    "Shanghai_Composite_Index": 3843.596923828125,
    "CSI_300_Index": 4463.77978515625,
    "Shenzhen_Component_Index": 12571.3701171875,
    "ALUMINUM_future": 2516.25,
    "BTC_price": 110124.6484375,
    "OIL_price": 64.30000305175781,
    "USD_CNY_exchange_rate": 7.1529998779296875,
    "Commodity_Index_ETF": 22.18000030517578,
    "US_Dollar_Index": 98.03900146484375,
    "ETH_price": 4350.30810546875,
    "GOLD_spot_price": 3468.89990234375,
    "LEAN_HOGS_future": 94.2750015258789,
    "COPPER_future": 4.578999996185303,
    "High_Yield_Bond_ETF": 81.01000213623047,
    "LIVE_CATTLE_future": 237.0749969482422,
    "GOLD_near_month_future": 3469.10009765625,
    "NATURAL_GAS_future": 2.9830000400543213,
    "PLATINUM_future": 1348.300048828125,
    "SILVER_future": 39.4900016784668,
    "Long_Term_Treasury_ETF": 87.22000122070312,
    "CORN_future": 412.75,
    "SOYBEANS_future": 1042.75,
    "WHEAT_future": 528.75,
    "SP500_close": 6501.85986328125,
    "NASDAQ_close": 21705.16015625,
    "US_10Y_Treasury_Yield": 4.206999778747559,
    "VIX_close": 14.640000343322754,
    "GOLD_basis_spot_vs_near": -0.2001953125,
    "China_10Y_Treasury_Yield": 1.8379
  }
}