{
  "latest_date": "2025-08-25",
  "latest_values": {
    "Shanghai_Composite_Index": 3825.759033203125,
    "CSI_300_Index": 4378.0,
    "Shenzhen_Component_Index": 12166.0595703125,
    "ALUMINUM_future": 2549.75,
    "BTC_price": 113416.1875,
    "OIL_price": 63.810001373291016,
    "USD_CNY_exchange_rate": 7.179900169372559,
    "Commodity_Index_ETF": 22.079999923706055,
    "US_Dollar_Index": 97.94400024414062,
    "ETH_price": 4759.64111328125,
    "GOLD_spot_price": 3407.60009765625,
    "LEAN_HOGS_future": 91.2750015258789,
    "COPPER_future": 4.463500022888184,
    "High_Yield_Bond_ETF": 80.8499984741211,
    "LIVE_CATTLE_future": 237.8249969482422,
    "GOLD_near_month_future": 3407.699951171875,
    "NATURAL_GAS_future": 2.6470000743865967,
    "PLATINUM_future": 1360.0999755859375,
    "SILVER_future": 38.849998474121094,
    "Long_Term_Treasury_ETF": 87.05000305175781,
    "CORN_future": 411.5,
    "SOYBEANS_future": 1058.5,
    "WHEAT_future": 527.25,
    "SP500_close": 6466.91015625,
    "NASDAQ_close": 21496.5390625,
    "US_10Y_Treasury_Yield": 4.260000228881836,
    "VIX_close": 14.220000267028809,
    "GOLD_basis_spot_vs_near": -0.099853515625,
    "China_10Y_Treasury_Yield": 1.7818
  }
}