{
  "latest_date": "2025-08-01",
  "latest_values": {
    "Shanghai_Composite_Index": 3573.2080078125,
    "CSI_300_Index": 4075.590087890625,
    "Shenzhen_Component_Index": 11009.76953125,
    "ALUMINUM_future": 2469.0,
    "BTC_price": 114989.265625,
    "OIL_price": 69.0,
    "USD_CNY_exchange_rate": 7.176400184631348,
    "Commodity_Index_ETF": 22.450000762939453,
    "US_Dollar_Index": 100.20700073242188,
    "ETH_price": 3622.055419921875,
    "GOLD_spot_price": 3344.89990234375,
    "LEAN_HOGS_future": 106.9749984741211,
    "COPPER_future": 4.4019999504089355,
    "High_Yield_Bond_ETF": 80.37999725341797,
    "LIVE_CATTLE_future": 228.3000030517578,
    "GOLD_near_month_future": 3344.800048828125,
    "NATURAL_GAS_future": 3.0920000076293945,
    "PLATINUM_future": 1279.9000244140625,
    "SILVER_future": 36.45500183105469,
    "Long_Term_Treasury_ETF": 86.91999816894531,
    "CORN_future": 414.75,
    "SOYBEANS_future": 988.25,
    "WHEAT_future": 540.0,
    "SP500_close": 6339.39013671875,
    "NASDAQ_close": 21122.44921875,
    "US_10Y_Treasury_Yield": 4.360000133514404,
    "VIX_close": 18.440000534057617,
    "GOLD_basis_spot_vs_near": 0.099853515625,
    "China_10Y_Treasury_Yield": 1.7059
  }
}