{
  "latest_date": "2025-09-23",
  "latest_values": {
    "Shanghai_Composite_Index": 3828.575927734375,
    "CSI_300_Index": 4522.60986328125,
    "Shenzhen_Component_Index": 13157.9697265625,
    "ALUMINUM_future": 2562.0,
    "BTC_price": 113039.984375,
    "OIL_price": 63.13999938964844,
    "USD_CNY_exchange_rate": 7.1128997802734375,
    "Commodity_Index_ETF": 22.260000228881836,
    "US_Dollar_Index": 97.38700103759766,
    "ETH_price": 4195.18212890625,
    "GOLD_spot_price": 3815.199951171875,
    "LEAN_HOGS_future": 90.625,
    "COPPER_future": 4.637499809265137,
    "High_Yield_Bond_ETF": 81.31999969482422,
    "LIVE_CATTLE_future": 237.22500610351562,
    "GOLD_near_month_future": 3815.10009765625,
    "NATURAL_GAS_future": 3.0880000591278076,
    "PLATINUM_future": 1477.4000244140625,
    "SILVER_future": 44.529998779296875,
    "Long_Term_Treasury_ETF": 88.69999694824219,
    "CORN_future": 421.5,
    "SOYBEANS_future": 1006.5,
    "WHEAT_future": 510.0,
    "SP500_close": 6693.75,
    "NASDAQ_close": 22788.98046875,
    "US_10Y_Treasury_Yield": 4.134999752044678,
    "VIX_close": 16.010000228881836,
    "GOLD_basis_spot_vs_near": 0.099853515625,
    "China_10Y_Treasury_Yield": 1.877
  }
}