{
  "latest_date": "2025-08-05",
  "latest_values": {
    "Shanghai_Composite_Index": 3583.30908203125,
    "CSI_300_Index": 4070.699951171875,
    "Shenzhen_Component_Index": 11041.5595703125,
    "ALUMINUM_future": 2483.75,
    "BTC_price": 114650.3046875,
    "OIL_price": 66.13999938964844,
    "USD_CNY_exchange_rate": 7.211599826812744,
    "Commodity_Index_ETF": 22.010000228881836,
    "US_Dollar_Index": 98.83200073242188,
    "ETH_price": 3674.4267578125,
    "GOLD_spot_price": 3432.300048828125,
    "LEAN_HOGS_future": 90.8499984741211,
    "COPPER_future": 4.453499794006348,
    "High_Yield_Bond_ETF": 80.25,
    "LIVE_CATTLE_future": 223.8249969482422,
    "GOLD_near_month_future": 3432.300048828125,
    "NATURAL_GAS_future": 2.936000108718872,
    "PLATINUM_future": 1342.300048828125,
    "SILVER_future": 37.47999954223633,
    "Long_Term_Treasury_ETF": 88.05999755859375,
    "CORN_future": 404.0,
    "SOYBEANS_future": 990.25,
    "WHEAT_future": 533.0,
    "SP500_close": 6329.93994140625,
    "NASDAQ_close": 21053.580078125,
    "US_10Y_Treasury_Yield": 4.199999809265137,
    "VIX_close": 17.520000457763672,
    "GOLD_basis_spot_vs_near": 0.0,
    "China_10Y_Treasury_Yield": 1.7083
  }
}