{
  "latest_date": "2025-08-06",
  "latest_values": {
    "Shanghai_Composite_Index": 3633.994873046875,
    "CSI_300_Index": 4113.4853515625,
    "Shenzhen_Component_Index": 11106.9599609375,
    "ALUMINUM_future": 2539.0,
    "BTC_price": 114951.2890625,
    "OIL_price": 65.98999786376953,
    "USD_CNY_exchange_rate": 7.177999973297119,
    "Commodity_Index_ETF": 22.0,
    "US_Dollar_Index": 98.44300079345703,
    "ETH_price": 3625.511474609375,
    "GOLD_spot_price": 3434.300048828125,
    "LEAN_HOGS_future": 92.17500305175781,
    "COPPER_future": 4.40500020980835,
    "High_Yield_Bond_ETF": 80.20500183105469,
    "LIVE_CATTLE_future": 227.64999389648438,
    "GOLD_near_month_future": 3434.5,
    "NATURAL_GAS_future": 3.066999912261963,
    "PLATINUM_future": 1345.5999755859375,
    "SILVER_future": 37.970001220703125,
    "Long_Term_Treasury_ETF": 87.88500213623047,
    "CORN_future": 399.25,
    "SOYBEANS_future": 986.5,
    "WHEAT_future": 526.25,
    "SP500_close": 6325.330078125,
    "NASDAQ_close": 21029.259765625,
    "US_10Y_Treasury_Yield": 4.2220001220703125,
    "VIX_close": 17.139999389648438,
    "GOLD_basis_spot_vs_near": -0.199951171875,
    "China_10Y_Treasury_Yield": 1.6999
  }
}