{
  "latest_date": "2025-09-02",
  "latest_values": {
    "Shanghai_Composite_Index": 3875.531005859375,
    "CSI_300_Index": 4523.7099609375,
    "Shenzhen_Component_Index": 12828.9501953125,
    "ALUMINUM_future": 2514.75,
    "BTC_price": 109547.375,
    "OIL_price": 65.73999786376953,
    "USD_CNY_exchange_rate": 7.13040018081665,
    "Commodity_Index_ETF": 22.209999084472656,
    "US_Dollar_Index": 98.3219985961914,
    "ETH_price": 4327.794921875,
    "GOLD_spot_price": 3557.800048828125,
    "LEAN_HOGS_future": 95.0,
    "COPPER_future": 4.574999809265137,
    "High_Yield_Bond_ETF": 80.86000061035156,
    "LIVE_CATTLE_future": 239.8000030517578,
    "GOLD_near_month_future": 3557.89990234375,
    "NATURAL_GAS_future": 2.931999921798706,
    "PLATINUM_future": 1409.800048828125,
    "SILVER_future": 41.59000015258789,
    "Long_Term_Treasury_ETF": 86.5999984741211,
    "CORN_future": 417.75,
    "SOYBEANS_future": 1043.0,
    "WHEAT_future": 524.5,
    "SP500_close": 6460.259765625,
    "NASDAQ_close": 21455.55078125,
    "US_10Y_Treasury_Yield": 4.2270002365112305,
    "VIX_close": 18.040000915527344,
    "GOLD_basis_spot_vs_near": -0.099853515625,
    "China_10Y_Treasury_Yield": 1.8167
  }
}