{
  "latest_date": "2025-08-22",
  "latest_values": {
    "Shanghai_Composite_Index": 3771.09912109375,
    "CSI_300_Index": 4288.06982421875,
    "Shenzhen_Component_Index": 11919.759765625,
    "ALUMINUM_future": 2513.5,
    "BTC_price": 112511.5078125,
    "OIL_price": 63.529998779296875,
    "USD_CNY_exchange_rate": 7.1757001876831055,
    "Commodity_Index_ETF": 21.989999771118164,
    "US_Dollar_Index": 98.74199676513672,
    "ETH_price": 4294.42138671875,
    "GOLD_spot_price": 3373.10009765625,
    "LEAN_HOGS_future": 89.9000015258789,
    "COPPER_future": 4.445499897003174,
    "High_Yield_Bond_ETF": 80.19999694824219,
    "LIVE_CATTLE_future": 234.77499389648438,
    "GOLD_near_month_future": 3373.199951171875,
    "NATURAL_GAS_future": 2.7820000648498535,
    "PLATINUM_future": 1342.0,
    "SILVER_future": 37.974998474121094,
    "Long_Term_Treasury_ETF": 86.41000366210938,
    "CORN_future": 411.0,
    "SOYBEANS_future": 1057.0,
    "WHEAT_future": 527.0,
    "SP500_close": 6370.169921875,
    "NASDAQ_close": 21100.310546875,
    "US_10Y_Treasury_Yield": 4.329999923706055,
    "VIX_close": 16.56999969482422,
    "GOLD_basis_spot_vs_near": -0.099853515625,
    "China_10Y_Treasury_Yield": 1.7818
  }
}