{
  "latest_date": "2025-08-28",
  "latest_values": {
    "Shanghai_Composite_Index": 3843.597412109375,
    "CSI_300_Index": 4463.7822265625,
    "Shenzhen_Component_Index": 12295.0703125,
    "ALUMINUM_future": 2530.5,
    "BTC_price": 112677.328125,
    "OIL_price": 63.65999984741211,
    "USD_CNY_exchange_rate": 7.1519999504089355,
    "Commodity_Index_ETF": 22.05389976501465,
    "US_Dollar_Index": 97.927001953125,
    "ETH_price": 4505.79638671875,
    "GOLD_spot_price": 3464.699951171875,
    "LEAN_HOGS_future": 94.0999984741211,
    "COPPER_future": 4.5295000076293945,
    "High_Yield_Bond_ETF": 80.9800033569336,
    "LIVE_CATTLE_future": 239.1750030517578,
    "GOLD_near_month_future": 3464.89990234375,
    "NATURAL_GAS_future": 2.9779999256134033,
    "PLATINUM_future": 1349.0,
    "SILVER_future": 39.54999923706055,
    "Long_Term_Treasury_ETF": 87.12999725341797,
    "CORN_future": 406.75,
    "SOYBEANS_future": 1043.25,
    "WHEAT_future": 523.0,
    "SP500_close": 6484.39990234375,
    "NASDAQ_close": 21638.39453125,
    "US_10Y_Treasury_Yield": 4.215000152587891,
    "VIX_close": 14.25,
    "GOLD_basis_spot_vs_near": -0.199951171875,
    "China_10Y_Treasury_Yield": 1.8478
  }
}