{
  "latest_date": "2025-09-15",
  "latest_values": {
    "Shanghai_Composite_Index": 3860.503662109375,
    "CSI_300_Index": 4533.0556640625,
    "Shenzhen_Component_Index": 12924.1298828125,
    "ALUMINUM_future": 2657.0,
    "BTC_price": 114731.5625,
    "OIL_price": 63.150001525878906,
    "USD_CNY_exchange_rate": 7.1184000968933105,
    "Commodity_Index_ETF": 22.520700454711914,
    "US_Dollar_Index": 97.33399963378906,
    "ETH_price": 4501.48828125,
    "GOLD_spot_price": 3719.10009765625,
    "LEAN_HOGS_future": 97.80000305175781,
    "COPPER_future": 4.7164998054504395,
    "High_Yield_Bond_ETF": 81.15499877929688,
    "LIVE_CATTLE_future": 234.4250030517578,
    "GOLD_near_month_future": 3719.39990234375,
    "NATURAL_GAS_future": 2.9839999675750732,
    "PLATINUM_future": 1414.800048828125,
    "SILVER_future": 43.02000045776367,
    "Long_Term_Treasury_ETF": 90.29499816894531,
    "CORN_future": 422.5,
    "SOYBEANS_future": 1044.75,
    "WHEAT_future": 524.0,
    "SP500_close": 6614.5,
    "NASDAQ_close": 22326.171875,
    "US_10Y_Treasury_Yield": 4.0320000648498535,
    "VIX_close": 15.420000076293945,
    "GOLD_basis_spot_vs_near": -0.2998046875,
    "China_10Y_Treasury_Yield": 1.8724
  }
}