{
  "latest_date": "2025-08-11",
  "latest_values": {
    "Shanghai_Composite_Index": 3647.546630859375,
    "CSI_300_Index": 4122.5107421875,
    "Shenzhen_Component_Index": 11291.42578125,
    "ALUMINUM_future": 2508.5,
    "BTC_price": 120070.0390625,
    "OIL_price": 64.0199966430664,
    "USD_CNY_exchange_rate": 7.181000232696533,
    "Commodity_Index_ETF": 21.84000015258789,
    "US_Dollar_Index": 98.5510025024414,
    "ETH_price": 4309.8837890625,
    "GOLD_spot_price": 3402.699951171875,
    "LEAN_HOGS_future": 91.80000305175781,
    "COPPER_future": 4.432000160217285,
    "High_Yield_Bond_ETF": 80.23500061035156,
    "LIVE_CATTLE_future": 225.5500030517578,
    "GOLD_near_month_future": 3402.89990234375,
    "NATURAL_GAS_future": 2.947999954223633,
    "PLATINUM_future": 1344.0,
    "SILVER_future": 37.77000045776367,
    "Long_Term_Treasury_ETF": 87.59989929199219,
    "CORN_future": 408.0,
    "SOYBEANS_future": 1011.5,
    "WHEAT_future": 537.0,
    "SP500_close": 6393.66015625,
    "NASDAQ_close": 21500.478515625,
    "US_10Y_Treasury_Yield": 4.26200008392334,
    "VIX_close": 15.670000076293945,
    "GOLD_basis_spot_vs_near": -0.199951171875,
    "China_10Y_Treasury_Yield": 1.7203
  }
}