{
  "latest_date": "2025-06-30",
  "latest_values": {
    "Shanghai_Composite_Index": 3424.22705078125,
    "CSI_300_Index": 3921.760009765625,
    "Shenzhen_Component_Index": 10378.5498046875,
    "ALUMINUM_future": 2559.25,
    "BTC_price": 108503.53125,
    "OIL_price": 65.19000244140625,
    "USD_CNY_exchange_rate": 7.167500019073486,
    "Commodity_Index_ETF": 21.799999237060547,
    "US_Dollar_Index": 97.2040023803711,
    "ETH_price": 2496.86279296875,
    "GOLD_spot_price": 3292.39990234375,
    "LEAN_HOGS_future": 113.0999984741211,
    "COPPER_future": 5.107999801635742,
    "High_Yield_Bond_ETF": 80.33999633789062,
    "LIVE_CATTLE_future": 213.60000610351562,
    "GOLD_near_month_future": 3292.39990234375,
    "NATURAL_GAS_future": 3.6619999408721924,
    "PLATINUM_future": 1373.5999755859375,
    "SILVER_future": 36.345001220703125,
    "Long_Term_Treasury_ETF": 87.38999938964844,
    "CORN_future": 426.5,
    "SOYBEANS_future": 1027.0,
    "WHEAT_future": 539.25,
    "SP500_close": 6173.06982421875,
    "NASDAQ_close": 20273.4609375,
    "US_10Y_Treasury_Yield": 4.2829999923706055,
    "VIX_close": 16.31999969482422,
    "GOLD_basis_spot_vs_near": 0.0,
    "China_10Y_Treasury_Yield": 1.6462
  }
}