{
  "latest_date": "2025-07-29",
  "latest_values": {
    "Shanghai_Composite_Index": 3609.711181640625,
    "CSI_300_Index": 4152.02490234375,
    "Shenzhen_Component_Index": 11289.40625,
    "ALUMINUM_future": 2606.25,
    "BTC_price": 117440.75,
    "OIL_price": 69.36000061035156,
    "USD_CNY_exchange_rate": 7.176400184631348,
    "Commodity_Index_ETF": 22.684999465942383,
    "US_Dollar_Index": 98.88500213623047,
    "ETH_price": 3758.31005859375,
    "GOLD_spot_price": 3323.199951171875,
    "LEAN_HOGS_future": 107.0999984741211,
    "COPPER_future": 5.651500225067139,
    "High_Yield_Bond_ETF": 80.4800033569336,
    "LIVE_CATTLE_future": 229.5,
    "GOLD_near_month_future": 3380.800048828125,
    "NATURAL_GAS_future": 3.072999954223633,
    "PLATINUM_future": 1422.0999755859375,
    "SILVER_future": 38.32500076293945,
    "Long_Term_Treasury_ETF": 87.31999969482422,
    "CORN_future": 410.75,
    "SOYBEANS_future": 1008.25,
    "WHEAT_future": 529.75,
    "SP500_close": 6370.85986328125,
    "NASDAQ_close": 21098.291015625,
    "US_10Y_Treasury_Yield": 4.329999923706055,
    "VIX_close": 15.989999771118164,
    "GOLD_basis_spot_vs_near": -57.60009765625,
    "China_10Y_Treasury_Yield": 1.7466
  }
}