{
  "latest_date": "2025-08-28",
  "latest_values": {
    "Shanghai_Composite_Index": 3800.35009765625,
    "CSI_300_Index": 4386.1298828125,
    "Shenzhen_Component_Index": 12295.0703125,
    "ALUMINUM_future": 2542.5,
    "BTC_price": 111619.015625,
    "OIL_price": 63.70000076293945,
    "USD_CNY_exchange_rate": 7.1519999504089355,
    "Commodity_Index_ETF": 22.040000915527344,
    "US_Dollar_Index": 98.07499694824219,
    "ETH_price": 4524.49609375,
    "GOLD_spot_price": 3445.300048828125,
    "LEAN_HOGS_future": 93.875,
    "COPPER_future": 4.418499946594238,
    "High_Yield_Bond_ETF": 80.97000122070312,
    "LIVE_CATTLE_future": 239.5749969482422,
    "GOLD_near_month_future": 3445.39990234375,
    "NATURAL_GAS_future": 2.8540000915527344,
    "PLATINUM_future": 1347.5,
    "SILVER_future": 38.88999938964844,
    "Long_Term_Treasury_ETF": 86.6500015258789,
    "CORN_future": 405.5,
    "SOYBEANS_future": 1046.5,
    "WHEAT_future": 524.75,
    "SP500_close": 6481.39990234375,
    "NASDAQ_close": 21590.140625,
    "US_10Y_Treasury_Yield": 4.23799991607666,
    "VIX_close": 14.850000381469727,
    "GOLD_basis_spot_vs_near": -0.099853515625,
    "China_10Y_Treasury_Yield": 1.7988
  }
}