{
  "latest_date": "2025-07-21",
  "latest_values": {
    "Shanghai_Composite_Index": 3559.791259765625,
    "CSI_300_Index": 4085.607177734375,
    "Shenzhen_Component_Index": 10913.83984375,
    "ALUMINUM_future": 2602.5,
    "BTC_price": 118949.4921875,
    "OIL_price": 66.95999908447266,
    "USD_CNY_exchange_rate": 7.183199882507324,
    "Commodity_Index_ETF": 22.4950008392334,
    "US_Dollar_Index": 97.84400177001953,
    "ETH_price": 3840.474365234375,
    "GOLD_spot_price": 3413.39990234375,
    "LEAN_HOGS_future": 106.5999984741211,
    "COPPER_future": 5.611000061035156,
    "High_Yield_Bond_ETF": 80.42500305175781,
    "LIVE_CATTLE_future": 224.3249969482422,
    "GOLD_near_month_future": 3469.800048828125,
    "NATURAL_GAS_future": 3.3359999656677246,
    "PLATINUM_future": 1489.4000244140625,
    "SILVER_future": 39.279998779296875,
    "Long_Term_Treasury_ETF": 86.36499786376953,
    "CORN_future": 421.0,
    "SOYBEANS_future": 1022.0,
    "WHEAT_future": 542.25,
    "SP500_close": 6330.27001953125,
    "NASDAQ_close": 21048.869140625,
    "US_10Y_Treasury_Yield": 4.359999656677246,
    "VIX_close": 16.540000915527344,
    "GOLD_basis_spot_vs_near": -56.400146484375,
    "China_10Y_Treasury_Yield": 1.6774
  }
}