{
  "latest_date": "2025-09-19",
  "latest_values": {
    "Shanghai_Composite_Index": 3820.08935546875,
    "CSI_300_Index": 4501.91943359375,
    "Shenzhen_Component_Index": 13075.66015625,
    "ALUMINUM_future": 2609.5,
    "BTC_price": 116000.1328125,
    "OIL_price": 62.47999954223633,
    "USD_CNY_exchange_rate": 7.103300094604492,
    "Commodity_Index_ETF": 22.264999389648438,
    "US_Dollar_Index": 97.6520004272461,
    "ETH_price": 4483.06298828125,
    "GOLD_spot_price": 3702.300048828125,
    "LEAN_HOGS_future": 97.9000015258789,
    "COPPER_future": 4.622000217437744,
    "High_Yield_Bond_ETF": 81.2249984741211,
    "LIVE_CATTLE_future": 233.5749969482422,
    "GOLD_near_month_future": 3702.10009765625,
    "NATURAL_GAS_future": 2.881999969482422,
    "PLATINUM_future": 1413.699951171875,
    "SILVER_future": 42.96500015258789,
    "Long_Term_Treasury_ETF": 88.81500244140625,
    "CORN_future": 423.25,
    "SOYBEANS_future": 1029.25,
    "WHEAT_future": 521.75,
    "SP500_close": 6651.990234375,
    "NASDAQ_close": 22580.744140625,
    "US_10Y_Treasury_Yield": 4.138999938964844,
    "VIX_close": 15.8100004196167,
    "GOLD_basis_spot_vs_near": 0.199951171875,
    "China_10Y_Treasury_Yield": 1.8789
  }
}