{
  "latest_date": "2025-07-22",
  "latest_values": {
    "Shanghai_Composite_Index": 3559.791015625,
    "CSI_300_Index": 4085.610107421875,
    "Shenzhen_Component_Index": 11007.490234375,
    "ALUMINUM_future": 2607.75,
    "BTC_price": 117279.53125,
    "OIL_price": 66.87999725341797,
    "USD_CNY_exchange_rate": 7.177700042724609,
    "Commodity_Index_ETF": 22.479999542236328,
    "US_Dollar_Index": 97.90899658203125,
    "ETH_price": 3745.827880859375,
    "GOLD_spot_price": 3404.10009765625,
    "LEAN_HOGS_future": 107.30000305175781,
    "COPPER_future": 5.627999782562256,
    "High_Yield_Bond_ETF": 80.36000061035156,
    "LIVE_CATTLE_future": 225.1750030517578,
    "GOLD_near_month_future": 3461.10009765625,
    "NATURAL_GAS_future": 3.322000026702881,
    "PLATINUM_future": 1492.0,
    "SILVER_future": 39.125,
    "Long_Term_Treasury_ETF": 86.0,
    "CORN_future": 422.75,
    "SOYBEANS_future": 1027.25,
    "WHEAT_future": 539.25,
    "SP500_close": 6305.60009765625,
    "NASDAQ_close": 20974.1796875,
    "US_10Y_Treasury_Yield": 4.372000217437744,
    "VIX_close": 16.649999618530273,
    "GOLD_basis_spot_vs_near": -57.0,
    "China_10Y_Treasury_Yield": 1.6774
  }
}