{
  "latest_date": "2025-09-04",
  "latest_values": {
    "Shanghai_Composite_Index": 3765.8759765625,
    "CSI_300_Index": 4365.20849609375,
    "Shenzhen_Component_Index": 12118.7021484375,
    "ALUMINUM_future": 2515.5,
    "BTC_price": 111629.1171875,
    "OIL_price": 63.279998779296875,
    "USD_CNY_exchange_rate": 7.14139986038208,
    "Commodity_Index_ETF": 22.209999084472656,
    "US_Dollar_Index": 98.26300048828125,
    "ETH_price": 4343.38037109375,
    "GOLD_spot_price": 3596.89990234375,
    "LEAN_HOGS_future": 95.0999984741211,
    "COPPER_future": 4.564000129699707,
    "High_Yield_Bond_ETF": 80.83000183105469,
    "LIVE_CATTLE_future": 236.97500610351562,
    "GOLD_near_month_future": 3596.800048828125,
    "NATURAL_GAS_future": 3.0829999446868896,
    "PLATINUM_future": 1380.5999755859375,
    "SILVER_future": 41.2599983215332,
    "Long_Term_Treasury_ETF": 87.2300033569336,
    "CORN_future": 420.75,
    "SOYBEANS_future": 1033.25,
    "WHEAT_future": 520.0,
    "SP500_close": 6502.080078125,
    "NASDAQ_close": 21707.693359375,
    "US_10Y_Treasury_Yield": 4.175999641418457,
    "VIX_close": 15.300000190734863,
    "GOLD_basis_spot_vs_near": 0.099853515625,
    "China_10Y_Treasury_Yield": 1.806
  }
}