{
  "latest_date": "2025-08-15",
  "latest_values": {
    "Shanghai_Composite_Index": 3666.442626953125,
    "CSI_300_Index": 4173.31298828125,
    "Shenzhen_Component_Index": 11451.4345703125,
    "ALUMINUM_future": 2573.75,
    "BTC_price": 118510.6953125,
    "OIL_price": 64.02999877929688,
    "USD_CNY_exchange_rate": 7.178999900817871,
    "Commodity_Index_ETF": 21.84000015258789,
    "US_Dollar_Index": 98.20500183105469,
    "ETH_price": 4566.30908203125,
    "GOLD_spot_price": 3379.10009765625,
    "LEAN_HOGS_future": 88.9000015258789,
    "COPPER_future": 4.487500190734863,
    "High_Yield_Bond_ETF": 80.4000015258789,
    "LIVE_CATTLE_future": 226.77499389648438,
    "GOLD_near_month_future": 3379.10009765625,
    "NATURAL_GAS_future": 2.8570001125335693,
    "PLATINUM_future": 1360.5999755859375,
    "SILVER_future": 38.005001068115234,
    "Long_Term_Treasury_ETF": 87.0199966430664,
    "CORN_future": 398.75,
    "SOYBEANS_future": 1033.0,
    "WHEAT_future": 525.75,
    "SP500_close": 6468.5400390625,
    "NASDAQ_close": 21710.669921875,
    "US_10Y_Treasury_Yield": 4.293000221252441,
    "VIX_close": 14.829999923706055,
    "GOLD_basis_spot_vs_near": 0.0,
    "China_10Y_Treasury_Yield": 1.7341
  }
}