{
  "latest_date": "2025-09-11",
  "latest_values": {
    "Shanghai_Composite_Index": 3812.220947265625,
    "CSI_300_Index": 4445.3701171875,
    "Shenzhen_Component_Index": 12557.6796875,
    "ALUMINUM_future": 2555.0,
    "BTC_price": 114139.671875,
    "OIL_price": 63.540000915527344,
    "USD_CNY_exchange_rate": 7.1209001541137695,
    "Commodity_Index_ETF": 22.389999389648438,
    "US_Dollar_Index": 97.83100128173828,
    "ETH_price": 4405.7421875,
    "GOLD_spot_price": 3668.89990234375,
    "LEAN_HOGS_future": 96.69999694824219,
    "COPPER_future": 4.600500106811523,
    "High_Yield_Bond_ETF": 80.83999633789062,
    "LIVE_CATTLE_future": 231.27499389648438,
    "GOLD_near_month_future": 3669.0,
    "NATURAL_GAS_future": 3.0160000324249268,
    "PLATINUM_future": 1390.800048828125,
    "SILVER_future": 41.505001068115234,
    "Long_Term_Treasury_ETF": 89.73999786376953,
    "CORN_future": 418.25,
    "SOYBEANS_future": 1025.75,
    "WHEAT_future": 516.25,
    "SP500_close": 6532.0400390625,
    "NASDAQ_close": 21886.060546875,
    "US_10Y_Treasury_Yield": 4.0320000648498535,
    "VIX_close": 15.350000381469727,
    "GOLD_basis_spot_vs_near": -0.10009765625,
    "China_10Y_Treasury_Yield": 1.8992
  }
}