{
  "latest_date": "2025-09-03",
  "latest_values": {
    "Shanghai_Composite_Index": 3813.556640625,
    "CSI_300_Index": 4459.82958984375,
    "Shenzhen_Component_Index": 12471.9951171875,
    "ALUMINUM_future": 2538.25,
    "BTC_price": 112031.6484375,
    "OIL_price": 64.02999877929688,
    "USD_CNY_exchange_rate": 7.13040018081665,
    "Commodity_Index_ETF": 22.39590072631836,
    "US_Dollar_Index": 98.05799865722656,
    "ETH_price": 4470.57080078125,
    "GOLD_spot_price": 3633.5,
    "LEAN_HOGS_future": 94.0999984741211,
    "COPPER_future": 4.629000186920166,
    "High_Yield_Bond_ETF": 80.55999755859375,
    "LIVE_CATTLE_future": 238.52499389648438,
    "GOLD_near_month_future": 3633.5,
    "NATURAL_GAS_future": 3.0510001182556152,
    "PLATINUM_future": 1455.0999755859375,
    "SILVER_future": 41.9900016784668,
    "Long_Term_Treasury_ETF": 86.75499725341797,
    "CORN_future": 417.5,
    "SOYBEANS_future": 1032.5,
    "WHEAT_future": 523.5,
    "SP500_close": 6433.009765625,
    "NASDAQ_close": 21481.333984375,
    "US_10Y_Treasury_Yield": 4.210999965667725,
    "VIX_close": 17.0,
    "GOLD_basis_spot_vs_near": 0.0,
    "China_10Y_Treasury_Yield": 1.7984
  }
}