{
  "latest_date": "2025-07-21",
  "latest_values": {
    "Shanghai_Composite_Index": 3559.791259765625,
    "CSI_300_Index": 4085.607177734375,
    "Shenzhen_Component_Index": 11007.4873046875,
    "ALUMINUM_future": 2614.0,
    "BTC_price": 118013.859375,
    "OIL_price": 66.86000061035156,
    "USD_CNY_exchange_rate": 7.183199882507324,
    "Commodity_Index_ETF": 22.510000228881836,
    "US_Dollar_Index": 97.8030014038086,
    "ETH_price": 3779.666015625,
    "GOLD_spot_price": 3408.39990234375,
    "LEAN_HOGS_future": 106.9749984741211,
    "COPPER_future": 5.629000186920166,
    "High_Yield_Bond_ETF": 80.44499969482422,
    "LIVE_CATTLE_future": 225.47500610351562,
    "GOLD_near_month_future": 3464.699951171875,
    "NATURAL_GAS_future": 3.318000078201294,
    "PLATINUM_future": 1490.199951171875,
    "SILVER_future": 39.31999969482422,
    "Long_Term_Treasury_ETF": 86.39009857177734,
    "CORN_future": 420.75,
    "SOYBEANS_future": 1022.25,
    "WHEAT_future": 542.75,
    "SP500_close": 6334.77978515625,
    "NASDAQ_close": 21050.6328125,
    "US_10Y_Treasury_Yield": 4.355999946594238,
    "VIX_close": 16.350000381469727,
    "GOLD_basis_spot_vs_near": -56.300048828125,
    "China_10Y_Treasury_Yield": 1.6774
  }
}