{
  "latest_date": "2025-07-15",
  "latest_values": {
    "Shanghai_Composite_Index": 3519.64990234375,
    "CSI_300_Index": 4017.669921875,
    "Shenzhen_Component_Index": 10684.51953125,
    "ALUMINUM_future": 2485.5,
    "BTC_price": 116798.90625,
    "OIL_price": 66.61000061035156,
    "USD_CNY_exchange_rate": 7.168099880218506,
    "Commodity_Index_ETF": 22.31999969482422,
    "US_Dollar_Index": 97.99700164794922,
    "ETH_price": 2973.745849609375,
    "GOLD_spot_price": 3371.699951171875,
    "LEAN_HOGS_future": 103.30000305175781,
    "COPPER_future": 5.548500061035156,
    "High_Yield_Bond_ETF": 80.08999633789062,
    "LIVE_CATTLE_future": 219.25,
    "GOLD_near_month_future": 3427.0,
    "NATURAL_GAS_future": 3.440000057220459,
    "PLATINUM_future": 1420.5,
    "SILVER_future": 38.584999084472656,
    "Long_Term_Treasury_ETF": 85.61000061035156,
    "CORN_future": 414.75,
    "SOYBEANS_future": 1004.25,
    "WHEAT_future": 539.5,
    "SP500_close": 6268.56005859375,
    "NASDAQ_close": 20640.330078125,
    "US_10Y_Treasury_Yield": 4.427000045776367,
    "VIX_close": 16.799999237060547,
    "GOLD_basis_spot_vs_near": -55.300048828125,
    "China_10Y_Treasury_Yield": 1.6557
  }
}