{
  "latest_date": "2025-09-10",
  "latest_values": {
    "Shanghai_Composite_Index": 3812.22119140625,
    "CSI_300_Index": 4445.36474609375,
    "Shenzhen_Component_Index": 12557.6796875,
    "ALUMINUM_future": 2552.25,
    "BTC_price": 113622.2421875,
    "OIL_price": 63.810001373291016,
    "USD_CNY_exchange_rate": 7.129300117492676,
    "Commodity_Index_ETF": 22.3887996673584,
    "US_Dollar_Index": 97.81500244140625,
    "ETH_price": 4323.6865234375,
    "GOLD_spot_price": 3681.89990234375,
    "LEAN_HOGS_future": 96.69999694824219,
    "COPPER_future": 4.607999801635742,
    "High_Yield_Bond_ETF": 80.83999633789062,
    "LIVE_CATTLE_future": 231.27499389648438,
    "GOLD_near_month_future": 3682.0,
    "NATURAL_GAS_future": 3.0280001163482666,
    "PLATINUM_future": 1399.300048828125,
    "SILVER_future": 41.67499923706055,
    "Long_Term_Treasury_ETF": 89.73999786376953,
    "CORN_future": 417.0,
    "SOYBEANS_future": 1025.0,
    "WHEAT_future": 515.0,
    "SP500_close": 6532.0400390625,
    "NASDAQ_close": 21886.060546875,
    "US_10Y_Treasury_Yield": 4.0320000648498535,
    "VIX_close": 15.380000114440918,
    "GOLD_basis_spot_vs_near": -0.10009765625,
    "China_10Y_Treasury_Yield": 1.8992
  }
}