{
  "latest_date": "2025-07-14",
  "latest_values": {
    "Shanghai_Composite_Index": 3519.64990234375,
    "CSI_300_Index": 4017.667724609375,
    "Shenzhen_Component_Index": 10684.5166015625,
    "ALUMINUM_future": 2506.5,
    "BTC_price": 119779.375,
    "OIL_price": 66.98999786376953,
    "USD_CNY_exchange_rate": 7.174799919128418,
    "Commodity_Index_ETF": 22.315000534057617,
    "US_Dollar_Index": 98.10099792480469,
    "ETH_price": 2996.205322265625,
    "GOLD_spot_price": 3354.10009765625,
    "LEAN_HOGS_future": 103.30000305175781,
    "COPPER_future": 5.526000022888184,
    "High_Yield_Bond_ETF": 80.07499694824219,
    "LIVE_CATTLE_future": 219.25,
    "GOLD_near_month_future": 3409.60009765625,
    "NATURAL_GAS_future": 3.4489998817443848,
    "PLATINUM_future": 1416.0999755859375,
    "SILVER_future": 38.40999984741211,
    "Long_Term_Treasury_ETF": 85.61000061035156,
    "CORN_future": 418.5,
    "SOYBEANS_future": 1007.25,
    "WHEAT_future": 542.0,
    "SP500_close": 6268.56005859375,
    "NASDAQ_close": 20640.328125,
    "US_10Y_Treasury_Yield": 4.427000045776367,
    "VIX_close": 17.25,
    "GOLD_basis_spot_vs_near": -55.5,
    "China_10Y_Treasury_Yield": 1.6726
  }
}