{
  "latest_date": "2025-06-30",
  "latest_values": {
    "Shanghai_Composite_Index": 3424.22705078125,
    "CSI_300_Index": 3921.760009765625,
    "Shenzhen_Component_Index": 10378.5498046875,
    "ALUMINUM_future": 2560.0,
    "BTC_price": 108307.71875,
    "OIL_price": 65.41999816894531,
    "USD_CNY_exchange_rate": 7.167500019073486,
    "Commodity_Index_ETF": 21.799999237060547,
    "US_Dollar_Index": 97.11900329589844,
    "ETH_price": 2503.5126953125,
    "GOLD_spot_price": 3300.199951171875,
    "LEAN_HOGS_future": 113.0999984741211,
    "COPPER_future": 5.130499839782715,
    "High_Yield_Bond_ETF": 80.33999633789062,
    "LIVE_CATTLE_future": 213.60000610351562,
    "GOLD_near_month_future": 3300.0,
    "NATURAL_GAS_future": 3.6740000247955322,
    "PLATINUM_future": 1365.699951171875,
    "SILVER_future": 36.369998931884766,
    "Long_Term_Treasury_ETF": 87.38999938964844,
    "CORN_future": 426.25,
    "SOYBEANS_future": 1026.5,
    "WHEAT_future": 540.0,
    "SP500_close": 6173.06982421875,
    "NASDAQ_close": 20273.4609375,
    "US_10Y_Treasury_Yield": 4.2829999923706055,
    "VIX_close": 16.31999969482422,
    "GOLD_basis_spot_vs_near": 0.199951171875,
    "China_10Y_Treasury_Yield": 1.6462
  }
}