{
  "latest_date": "2025-07-14",
  "latest_values": {
    "Shanghai_Composite_Index": 3510.177001953125,
    "CSI_300_Index": 4014.81005859375,
    "Shenzhen_Component_Index": 10696.099609375,
    "ALUMINUM_future": 2508.0,
    "BTC_price": 122502.3515625,
    "OIL_price": 68.97000122070312,
    "USD_CNY_exchange_rate": 7.174799919128418,
    "Commodity_Index_ETF": 22.510000228881836,
    "US_Dollar_Index": 97.93399810791016,
    "ETH_price": 3044.02783203125,
    "GOLD_spot_price": 3377.199951171875,
    "LEAN_HOGS_future": 104.67500305175781,
    "COPPER_future": 5.534999847412109,
    "High_Yield_Bond_ETF": 80.02999877929688,
    "LIVE_CATTLE_future": 222.1999969482422,
    "GOLD_near_month_future": 3433.800048828125,
    "NATURAL_GAS_future": 3.4730000495910645,
    "PLATINUM_future": 1462.5,
    "SILVER_future": 39.3650016784668,
    "Long_Term_Treasury_ETF": 85.79000091552734,
    "CORN_future": 415.25,
    "SOYBEANS_future": 1011.75,
    "WHEAT_future": 549.5,
    "SP500_close": 6259.75,
    "NASDAQ_close": 20585.529296875,
    "US_10Y_Treasury_Yield": 4.422999858856201,
    "VIX_close": 17.459999084472656,
    "GOLD_basis_spot_vs_near": -56.60009765625,
    "China_10Y_Treasury_Yield": 1.6653
  }
}