{
  "latest_date": "2025-07-14",
  "latest_values": {
    "Shanghai_Composite_Index": 3519.64990234375,
    "CSI_300_Index": 4017.667724609375,
    "Shenzhen_Component_Index": 10684.5166015625,
    "ALUMINUM_future": 2496.0,
    "BTC_price": 119979.1328125,
    "OIL_price": 66.83000183105469,
    "USD_CNY_exchange_rate": 7.168099880218506,
    "Commodity_Index_ETF": 22.31999969482422,
    "US_Dollar_Index": 98.10600280761719,
    "ETH_price": 3005.78759765625,
    "GOLD_spot_price": 3352.10009765625,
    "LEAN_HOGS_future": 103.30000305175781,
    "COPPER_future": 5.5254998207092285,
    "High_Yield_Bond_ETF": 80.08999633789062,
    "LIVE_CATTLE_future": 219.25,
    "GOLD_near_month_future": 3408.300048828125,
    "NATURAL_GAS_future": 3.4509999752044678,
    "PLATINUM_future": 1417.300048828125,
    "SILVER_future": 38.40999984741211,
    "Long_Term_Treasury_ETF": 85.61000061035156,
    "CORN_future": 418.5,
    "SOYBEANS_future": 1007.25,
    "WHEAT_future": 542.0,
    "SP500_close": 6268.56005859375,
    "NASDAQ_close": 20640.328125,
    "US_10Y_Treasury_Yield": 4.427000045776367,
    "VIX_close": 17.200000762939453,
    "GOLD_basis_spot_vs_near": -56.199951171875,
    "China_10Y_Treasury_Yield": 1.6726
  }
}