{
  "latest_date": "2025-08-15",
  "latest_values": {
    "Shanghai_Composite_Index": 3666.443115234375,
    "CSI_300_Index": 4173.31005859375,
    "Shenzhen_Component_Index": 11451.4296875,
    "ALUMINUM_future": 2521.0,
    "BTC_price": 118925.453125,
    "OIL_price": 63.5099983215332,
    "USD_CNY_exchange_rate": 7.174300193786621,
    "Commodity_Index_ETF": 21.84000015258789,
    "US_Dollar_Index": 97.87200164794922,
    "ETH_price": 4632.41259765625,
    "GOLD_spot_price": 3389.0,
    "LEAN_HOGS_future": 88.9000015258789,
    "COPPER_future": 4.478000164031982,
    "High_Yield_Bond_ETF": 80.4000015258789,
    "LIVE_CATTLE_future": 226.77499389648438,
    "GOLD_near_month_future": 3389.0,
    "NATURAL_GAS_future": 2.8580000400543213,
    "PLATINUM_future": 1360.5,
    "SILVER_future": 37.915000915527344,
    "Long_Term_Treasury_ETF": 87.0199966430664,
    "CORN_future": 398.75,
    "SOYBEANS_future": 1032.25,
    "WHEAT_future": 524.75,
    "SP500_close": 6468.5400390625,
    "NASDAQ_close": 21710.669921875,
    "US_10Y_Treasury_Yield": 4.293000221252441,
    "VIX_close": 14.59000015258789,
    "GOLD_basis_spot_vs_near": 0.0,
    "China_10Y_Treasury_Yield": 1.7465
  }
}