{
  "latest_date": "2025-07-03",
  "latest_values": {
    "Shanghai_Composite_Index": 3454.7919921875,
    "CSI_300_Index": 3943.68994140625,
    "Shenzhen_Component_Index": 10412.6298828125,
    "ALUMINUM_future": 2566.5,
    "BTC_price": 109417.359375,
    "OIL_price": 66.80000305175781,
    "USD_CNY_exchange_rate": 7.1645002365112305,
    "Commodity_Index_ETF": 22.290000915527344,
    "US_Dollar_Index": 96.77899932861328,
    "ETH_price": 2602.898193359375,
    "GOLD_spot_price": 3363.60009765625,
    "LEAN_HOGS_future": 109.6500015258789,
    "COPPER_future": 5.188000202178955,
    "High_Yield_Bond_ETF": 80.31999969482422,
    "LIVE_CATTLE_future": 212.4499969482422,
    "GOLD_near_month_future": 3421.300048828125,
    "NATURAL_GAS_future": 3.5350000858306885,
    "PLATINUM_future": 1433.699951171875,
    "SILVER_future": 37.150001525878906,
    "Long_Term_Treasury_ETF": 87.58000183105469,
    "CORN_future": 439.25,
    "SOYBEANS_future": 1049.25,
    "WHEAT_future": 565.0,
    "SP500_close": 6227.419921875,
    "NASDAQ_close": 20393.130859375,
    "US_10Y_Treasury_Yield": 4.293000221252441,
    "VIX_close": 16.6200008392334,
    "GOLD_basis_spot_vs_near": -57.699951171875,
    "China_10Y_Treasury_Yield": 1.6396
  }
}