{
  "latest_date": "2025-08-21",
  "latest_values": {
    "Shanghai_Composite_Index": 3771.098876953125,
    "CSI_300_Index": 4288.07080078125,
    "Shenzhen_Component_Index": 11919.7626953125,
    "ALUMINUM_future": 2504.5,
    "BTC_price": 112361.6640625,
    "OIL_price": 63.5,
    "USD_CNY_exchange_rate": 7.1819000244140625,
    "Commodity_Index_ETF": 22.006200790405273,
    "US_Dollar_Index": 98.61199951171875,
    "ETH_price": 4217.81884765625,
    "GOLD_spot_price": 3383.199951171875,
    "LEAN_HOGS_future": 89.82499694824219,
    "COPPER_future": 4.448999881744385,
    "High_Yield_Bond_ETF": 80.21499633789062,
    "LIVE_CATTLE_future": 234.8000030517578,
    "GOLD_near_month_future": 3383.10009765625,
    "NATURAL_GAS_future": 2.8399999141693115,
    "PLATINUM_future": 1361.300048828125,
    "SILVER_future": 38.095001220703125,
    "Long_Term_Treasury_ETF": 86.33000183105469,
    "CORN_future": 413.25,
    "SOYBEANS_future": 1054.5,
    "WHEAT_future": 530.0,
    "SP500_close": 6366.91015625,
    "NASDAQ_close": 21061.64453125,
    "US_10Y_Treasury_Yield": 4.3429999351501465,
    "VIX_close": 16.780000686645508,
    "GOLD_basis_spot_vs_near": 0.099853515625,
    "China_10Y_Treasury_Yield": 1.7667
  }
}