{
  "latest_date": "2025-07-14",
  "latest_values": {
    "Shanghai_Composite_Index": 3510.177001953125,
    "CSI_300_Index": 4014.81005859375,
    "Shenzhen_Component_Index": 10696.099609375,
    "ALUMINUM_future": 2507.75,
    "BTC_price": 122226.78125,
    "OIL_price": 68.55999755859375,
    "USD_CNY_exchange_rate": 7.174799919128418,
    "Commodity_Index_ETF": 22.510000228881836,
    "US_Dollar_Index": 98.00399780273438,
    "ETH_price": 3039.65283203125,
    "GOLD_spot_price": 3370.800048828125,
    "LEAN_HOGS_future": 104.67500305175781,
    "COPPER_future": 5.559500217437744,
    "High_Yield_Bond_ETF": 80.02999877929688,
    "LIVE_CATTLE_future": 222.1999969482422,
    "GOLD_near_month_future": 3425.5,
    "NATURAL_GAS_future": 3.434999942779541,
    "PLATINUM_future": 1455.199951171875,
    "SILVER_future": 39.435001373291016,
    "Long_Term_Treasury_ETF": 85.79000091552734,
    "CORN_future": 411.0,
    "SOYBEANS_future": 1009.0,
    "WHEAT_future": 545.0,
    "SP500_close": 6259.75,
    "NASDAQ_close": 20585.529296875,
    "US_10Y_Treasury_Yield": 4.422999858856201,
    "VIX_close": 16.399999618530273,
    "GOLD_basis_spot_vs_near": -54.699951171875,
    "China_10Y_Treasury_Yield": 1.6653
  }
}