{
  "latest_date": "2025-09-11",
  "latest_values": {
    "Shanghai_Composite_Index": 3812.220947265625,
    "CSI_300_Index": 4445.3701171875,
    "Shenzhen_Component_Index": 12557.6796875,
    "ALUMINUM_future": 2556.5,
    "BTC_price": 113750.0,
    "OIL_price": 63.689998626708984,
    "USD_CNY_exchange_rate": 7.1209001541137695,
    "Commodity_Index_ETF": 22.389999389648438,
    "US_Dollar_Index": 97.85399627685547,
    "ETH_price": 4371.84228515625,
    "GOLD_spot_price": 3677.800048828125,
    "LEAN_HOGS_future": 96.69999694824219,
    "COPPER_future": 4.602499961853027,
    "High_Yield_Bond_ETF": 80.83999633789062,
    "LIVE_CATTLE_future": 231.27499389648438,
    "GOLD_near_month_future": 3677.800048828125,
    "NATURAL_GAS_future": 3.0239999294281006,
    "PLATINUM_future": 1398.199951171875,
    "SILVER_future": 41.60499954223633,
    "Long_Term_Treasury_ETF": 89.73999786376953,
    "CORN_future": 418.25,
    "SOYBEANS_future": 1024.25,
    "WHEAT_future": 515.75,
    "SP500_close": 6532.0400390625,
    "NASDAQ_close": 21886.060546875,
    "US_10Y_Treasury_Yield": 4.0320000648498535,
    "VIX_close": 15.350000381469727,
    "GOLD_basis_spot_vs_near": 0.0,
    "China_10Y_Treasury_Yield": 1.8992
  }
}