{
  "latest_date": "2025-10-02",
  "latest_values": {
    "Shanghai_Composite_Index": 3882.777099609375,
    "CSI_300_Index": 4640.68994140625,
    "Shenzhen_Component_Index": 13526.509765625,
    "ALUMINUM_future": 2633.75,
    "BTC_price": 118693.3359375,
    "OIL_price": 62.11000061035156,
    "USD_CNY_exchange_rate": 7.118500232696533,
    "Commodity_Index_ETF": 22.489999771118164,
    "US_Dollar_Index": 97.72200012207031,
    "ETH_price": 4375.60595703125,
    "GOLD_spot_price": 3891.199951171875,
    "LEAN_HOGS_future": 86.80000305175781,
    "COPPER_future": 4.9120001792907715,
    "High_Yield_Bond_ETF": 80.95999908447266,
    "LIVE_CATTLE_future": 237.22500610351562,
    "GOLD_near_month_future": 3891.10009765625,
    "NATURAL_GAS_future": 3.440000057220459,
    "PLATINUM_future": 1598.0,
    "SILVER_future": 47.314998626708984,
    "Long_Term_Treasury_ETF": 89.29000091552734,
    "CORN_future": 417.0,
    "SOYBEANS_future": 1011.75,
    "WHEAT_future": 509.75,
    "SP500_close": 6711.2001953125,
    "NASDAQ_close": 22755.16015625,
    "US_10Y_Treasury_Yield": 4.105999946594238,
    "VIX_close": 16.290000915527344,
    "GOLD_basis_spot_vs_near": 0.099853515625,
    "China_10Y_Treasury_Yield": 1.8605
  }
}