{
  "latest_date": "2025-08-04",
  "latest_values": {
    "Shanghai_Composite_Index": 3559.951904296875,
    "CSI_300_Index": 4054.929931640625,
    "Shenzhen_Component_Index": 10991.3203125,
    "ALUMINUM_future": 2475.5,
    "BTC_price": 114526.59375,
    "OIL_price": 65.98999786376953,
    "USD_CNY_exchange_rate": 7.174699783325195,
    "Commodity_Index_ETF": 22.09000015258789,
    "US_Dollar_Index": 98.78199768066406,
    "ETH_price": 3555.798095703125,
    "GOLD_spot_price": 3423.39990234375,
    "LEAN_HOGS_future": 90.125,
    "COPPER_future": 4.451000213623047,
    "High_Yield_Bond_ETF": 79.9800033569336,
    "LIVE_CATTLE_future": 223.52499389648438,
    "GOLD_near_month_future": 3423.39990234375,
    "NATURAL_GAS_future": 3.052999973297119,
    "PLATINUM_future": 1326.4000244140625,
    "SILVER_future": 37.3650016784668,
    "Long_Term_Treasury_ETF": 87.81999969482422,
    "CORN_future": 408.5,
    "SOYBEANS_future": 986.25,
    "WHEAT_future": 537.0,
    "SP500_close": 6238.009765625,
    "NASDAQ_close": 20650.130859375,
    "US_10Y_Treasury_Yield": 4.21999979019165,
    "VIX_close": 19.219999313354492,
    "GOLD_basis_spot_vs_near": 0.0,
    "China_10Y_Treasury_Yield": 1.7083
  }
}