{
  "latest_date": "2025-07-25",
  "latest_values": {
    "Shanghai_Composite_Index": 3605.726806640625,
    "CSI_300_Index": 4149.03662109375,
    "Shenzhen_Component_Index": 11193.0595703125,
    "ALUMINUM_future": 2608.75,
    "BTC_price": 118203.7734375,
    "OIL_price": 66.19000244140625,
    "USD_CNY_exchange_rate": 7.153600215911865,
    "Commodity_Index_ETF": 22.399999618530273,
    "US_Dollar_Index": 97.47899627685547,
    "ETH_price": 3690.171630859375,
    "GOLD_spot_price": 3371.800048828125,
    "LEAN_HOGS_future": 108.19999694824219,
    "COPPER_future": 5.828000068664551,
    "High_Yield_Bond_ETF": 80.44000244140625,
    "LIVE_CATTLE_future": 225.875,
    "GOLD_near_month_future": 3430.0,
    "NATURAL_GAS_future": 3.0989999771118164,
    "PLATINUM_future": 1450.0,
    "SILVER_future": 39.31999969482422,
    "Long_Term_Treasury_ETF": 85.88999938964844,
    "CORN_future": 421.5,
    "SOYBEANS_future": 1026.75,
    "WHEAT_future": 542.5,
    "SP500_close": 6363.35009765625,
    "NASDAQ_close": 21057.958984375,
    "US_10Y_Treasury_Yield": 4.4079999923706055,
    "VIX_close": 15.390000343322754,
    "GOLD_basis_spot_vs_near": -58.199951171875,
    "China_10Y_Treasury_Yield": 1.7376
  }
}