{
  "latest_date": "2025-07-17",
  "latest_values": {
    "Shanghai_Composite_Index": 3503.777099609375,
    "CSI_300_Index": 4007.199951171875,
    "Shenzhen_Component_Index": 10720.8095703125,
    "ALUMINUM_future": 2474.5,
    "BTC_price": 118497.546875,
    "OIL_price": 66.91999816894531,
    "USD_CNY_exchange_rate": 7.172900199890137,
    "Commodity_Index_ETF": 22.309999465942383,
    "US_Dollar_Index": 98.48699951171875,
    "ETH_price": 3355.297119140625,
    "GOLD_spot_price": 3345.89990234375,
    "LEAN_HOGS_future": 104.55000305175781,
    "COPPER_future": 5.512499809265137,
    "High_Yield_Bond_ETF": 80.05999755859375,
    "LIVE_CATTLE_future": 223.875,
    "GOLD_near_month_future": 3401.800048828125,
    "NATURAL_GAS_future": 3.571000099182129,
    "PLATINUM_future": 1442.699951171875,
    "SILVER_future": 38.125,
    "Long_Term_Treasury_ETF": 85.12999725341797,
    "CORN_future": 424.5,
    "SOYBEANS_future": 1019.25,
    "WHEAT_future": 541.25,
    "SP500_close": 6263.7001953125,
    "NASDAQ_close": 20730.490234375,
    "US_10Y_Treasury_Yield": 4.454999923706055,
    "VIX_close": 17.15999984741211,
    "GOLD_basis_spot_vs_near": -55.900146484375,
    "China_10Y_Treasury_Yield": 1.6617
  }
}