{
  "latest_date": "2025-08-20",
  "latest_values": {
    "Shanghai_Composite_Index": 3766.21044921875,
    "CSI_300_Index": 4271.39599609375,
    "Shenzhen_Component_Index": 11926.7412109375,
    "ALUMINUM_future": 2490.25,
    "BTC_price": 113628.546875,
    "OIL_price": 62.869998931884766,
    "USD_CNY_exchange_rate": 7.184599876403809,
    "Commodity_Index_ETF": 21.849300384521484,
    "US_Dollar_Index": 98.20999908447266,
    "ETH_price": 4294.97509765625,
    "GOLD_spot_price": 3388.800048828125,
    "LEAN_HOGS_future": 90.0,
    "COPPER_future": 4.432000160217285,
    "High_Yield_Bond_ETF": 80.3550033569336,
    "LIVE_CATTLE_future": 235.1750030517578,
    "GOLD_near_month_future": 3388.800048828125,
    "NATURAL_GAS_future": 2.752000093460083,
    "PLATINUM_future": 1341.4000244140625,
    "SILVER_future": 37.80500030517578,
    "Long_Term_Treasury_ETF": 86.67500305175781,
    "CORN_future": 404.25,
    "SOYBEANS_future": 1035.5,
    "WHEAT_future": 528.75,
    "SP500_close": 6385.22021484375,
    "NASDAQ_close": 21103.8203125,
    "US_10Y_Treasury_Yield": 4.293000221252441,
    "VIX_close": 15.9399995803833,
    "GOLD_basis_spot_vs_near": 0.0,
    "China_10Y_Treasury_Yield": 1.782
  }
}