{
  "latest_date": "2025-09-08",
  "latest_values": {
    "Shanghai_Composite_Index": 3812.513916015625,
    "CSI_300_Index": 4460.330078125,
    "Shenzhen_Component_Index": 12590.5595703125,
    "ALUMINUM_future": 2495.25,
    "BTC_price": 111203.8984375,
    "OIL_price": 63.0099983215332,
    "USD_CNY_exchange_rate": 7.14139986038208,
    "Commodity_Index_ETF": 22.030000686645508,
    "US_Dollar_Index": 97.71399688720703,
    "ETH_price": 4294.19873046875,
    "GOLD_spot_price": 3638.0,
    "LEAN_HOGS_future": 96.125,
    "COPPER_future": 4.563000202178955,
    "High_Yield_Bond_ETF": 80.87000274658203,
    "LIVE_CATTLE_future": 235.97500610351562,
    "GOLD_near_month_future": 3637.800048828125,
    "NATURAL_GAS_future": 3.128000020980835,
    "PLATINUM_future": 1404.4000244140625,
    "SILVER_future": 41.56999969482422,
    "Long_Term_Treasury_ETF": 88.55999755859375,
    "CORN_future": 417.25,
    "SOYBEANS_future": 1030.0,
    "WHEAT_future": 519.0,
    "SP500_close": 6481.5,
    "NASDAQ_close": 21700.390625,
    "US_10Y_Treasury_Yield": 4.085999965667725,
    "VIX_close": 15.180000305175781,
    "GOLD_basis_spot_vs_near": 0.199951171875,
    "China_10Y_Treasury_Yield": 1.826
  }
}