{
  "latest_date": "2025-08-27",
  "latest_values": {
    "Shanghai_Composite_Index": 3868.382080078125,
    "CSI_300_Index": 4452.58984375,
    "Shenzhen_Component_Index": 12473.169921875,
    "ALUMINUM_future": 2568.5,
    "BTC_price": 110925.3515625,
    "OIL_price": 63.15999984741211,
    "USD_CNY_exchange_rate": 7.151000022888184,
    "Commodity_Index_ETF": 22.020000457763672,
    "US_Dollar_Index": 98.6050033569336,
    "ETH_price": 4599.62841796875,
    "GOLD_spot_price": 3426.0,
    "LEAN_HOGS_future": 93.4000015258789,
    "COPPER_future": 4.426000118255615,
    "High_Yield_Bond_ETF": 80.87000274658203,
    "LIVE_CATTLE_future": 238.125,
    "GOLD_near_month_future": 3426.199951171875,
    "NATURAL_GAS_future": 2.7300000190734863,
    "PLATINUM_future": 1340.0,
    "SILVER_future": 38.27000045776367,
    "Long_Term_Treasury_ETF": 86.75,
    "CORN_future": 408.5,
    "SOYBEANS_future": 1051.5,
    "WHEAT_future": 529.0,
    "SP500_close": 6465.93994140625,
    "NASDAQ_close": 21544.26953125,
    "US_10Y_Treasury_Yield": 4.257999897003174,
    "VIX_close": 14.729999542236328,
    "GOLD_basis_spot_vs_near": -0.199951171875,
    "China_10Y_Treasury_Yield": 1.7988
  }
}