{
  "latest_date": "2025-08-28",
  "latest_values": {
    "Shanghai_Composite_Index": 3843.597412109375,
    "CSI_300_Index": 4463.7822265625,
    "Shenzhen_Component_Index": 12295.0703125,
    "ALUMINUM_future": 2543.0,
    "BTC_price": 113138.9296875,
    "OIL_price": 63.75,
    "USD_CNY_exchange_rate": 7.1519999504089355,
    "Commodity_Index_ETF": 22.05500030517578,
    "US_Dollar_Index": 97.93699645996094,
    "ETH_price": 4567.31201171875,
    "GOLD_spot_price": 3469.199951171875,
    "LEAN_HOGS_future": 93.9000015258789,
    "COPPER_future": 4.534999847412109,
    "High_Yield_Bond_ETF": 80.9800033569336,
    "LIVE_CATTLE_future": 239.1750030517578,
    "GOLD_near_month_future": 3469.199951171875,
    "NATURAL_GAS_future": 2.9570000171661377,
    "PLATINUM_future": 1355.0,
    "SILVER_future": 39.654998779296875,
    "Long_Term_Treasury_ETF": 87.05000305175781,
    "CORN_future": 405.0,
    "SOYBEANS_future": 1043.5,
    "WHEAT_future": 521.25,
    "SP500_close": 6481.47021484375,
    "NASDAQ_close": 21648.123046875,
    "US_10Y_Treasury_Yield": 4.2270002365112305,
    "VIX_close": 14.279999732971191,
    "GOLD_basis_spot_vs_near": 0.0,
    "China_10Y_Treasury_Yield": 1.8478
  }
}