{
  "latest_date": "2025-07-18",
  "latest_values": {
    "Shanghai_Composite_Index": 3534.482666015625,
    "CSI_300_Index": 4058.548583984375,
    "Shenzhen_Component_Index": 10913.8388671875,
    "ALUMINUM_future": 2428.75,
    "BTC_price": 117438.296875,
    "OIL_price": 67.4000015258789,
    "USD_CNY_exchange_rate": 7.177700042724609,
    "Commodity_Index_ETF": 22.575000762939453,
    "US_Dollar_Index": 98.4280014038086,
    "ETH_price": 3580.245849609375,
    "GOLD_spot_price": 3360.10009765625,
    "LEAN_HOGS_future": 106.4000015258789,
    "COPPER_future": 5.607500076293945,
    "High_Yield_Bond_ETF": 80.23500061035156,
    "LIVE_CATTLE_future": 223.0749969482422,
    "GOLD_near_month_future": 3415.60009765625,
    "NATURAL_GAS_future": 3.5829999446868896,
    "PLATINUM_future": 1458.199951171875,
    "SILVER_future": 38.459999084472656,
    "Long_Term_Treasury_ETF": 85.39749908447266,
    "CORN_future": 429.0,
    "SOYBEANS_future": 1035.75,
    "WHEAT_future": 549.25,
    "SP500_close": 6289.259765625,
    "NASDAQ_close": 20864.123046875,
    "US_10Y_Treasury_Yield": 4.420000076293945,
    "VIX_close": 16.600000381469727,
    "GOLD_basis_spot_vs_near": -55.5,
    "China_10Y_Treasury_Yield": 1.6652
  }
}