{
  "latest_date": "2025-09-10",
  "latest_values": {
    "Shanghai_Composite_Index": 3812.22119140625,
    "CSI_300_Index": 4445.36474609375,
    "Shenzhen_Component_Index": 12557.6796875,
    "ALUMINUM_future": 2552.25,
    "BTC_price": 113537.4296875,
    "OIL_price": 63.75,
    "USD_CNY_exchange_rate": 7.129300117492676,
    "Commodity_Index_ETF": 22.399999618530273,
    "US_Dollar_Index": 97.78700256347656,
    "ETH_price": 4333.4697265625,
    "GOLD_spot_price": 3684.199951171875,
    "LEAN_HOGS_future": 96.69999694824219,
    "COPPER_future": 4.612500190734863,
    "High_Yield_Bond_ETF": 80.86000061035156,
    "LIVE_CATTLE_future": 231.27499389648438,
    "GOLD_near_month_future": 3684.39990234375,
    "NATURAL_GAS_future": 3.0269999504089355,
    "PLATINUM_future": 1399.800048828125,
    "SILVER_future": 41.630001068115234,
    "Long_Term_Treasury_ETF": 89.91500091552734,
    "CORN_future": 417.0,
    "SOYBEANS_future": 1025.0,
    "WHEAT_future": 515.0,
    "SP500_close": 6526.2998046875,
    "NASDAQ_close": 21865.580078125,
    "US_10Y_Treasury_Yield": 4.0360002517700195,
    "VIX_close": 15.170000076293945,
    "GOLD_basis_spot_vs_near": -0.199951171875,
    "China_10Y_Treasury_Yield": 1.8992
  }
}