{
  "latest_date": "2025-07-24",
  "latest_values": {
    "Shanghai_Composite_Index": 3605.726806640625,
    "CSI_300_Index": 4149.03662109375,
    "Shenzhen_Component_Index": 11193.0595703125,
    "ALUMINUM_future": 2636.5,
    "BTC_price": 118829.5390625,
    "OIL_price": 65.41999816894531,
    "USD_CNY_exchange_rate": 7.156300067901611,
    "Commodity_Index_ETF": 22.264999389648438,
    "US_Dollar_Index": 97.39800262451172,
    "ETH_price": 3703.54736328125,
    "GOLD_spot_price": 3370.5,
    "LEAN_HOGS_future": 108.5999984741211,
    "COPPER_future": 5.798999786376953,
    "High_Yield_Bond_ETF": 80.44999694824219,
    "LIVE_CATTLE_future": 226.0,
    "GOLD_near_month_future": 3427.699951171875,
    "NATURAL_GAS_future": 3.1110000610351562,
    "PLATINUM_future": 1437.699951171875,
    "SILVER_future": 39.165000915527344,
    "Long_Term_Treasury_ETF": 86.12000274658203,
    "CORN_future": 418.75,
    "SOYBEANS_future": 1021.0,
    "WHEAT_future": 539.75,
    "SP500_close": 6372.75,
    "NASDAQ_close": 21071.72265625,
    "US_10Y_Treasury_Yield": 4.404000282287598,
    "VIX_close": 15.210000038146973,
    "GOLD_basis_spot_vs_near": -57.199951171875,
    "China_10Y_Treasury_Yield": 1.7376
  }
}