{
  "latest_date": "2025-07-03",
  "latest_values": {
    "Shanghai_Composite_Index": 3454.7919921875,
    "CSI_300_Index": 3943.68994140625,
    "Shenzhen_Component_Index": 10412.6298828125,
    "ALUMINUM_future": 2572.75,
    "BTC_price": 108920.796875,
    "OIL_price": 66.98999786376953,
    "USD_CNY_exchange_rate": 7.1645002365112305,
    "Commodity_Index_ETF": 22.290000915527344,
    "US_Dollar_Index": 96.85900115966797,
    "ETH_price": 2570.223876953125,
    "GOLD_spot_price": 3361.89990234375,
    "LEAN_HOGS_future": 109.6500015258789,
    "COPPER_future": 5.184000015258789,
    "High_Yield_Bond_ETF": 80.31999969482422,
    "LIVE_CATTLE_future": 212.4499969482422,
    "GOLD_near_month_future": 3417.300048828125,
    "NATURAL_GAS_future": 3.4700000286102295,
    "PLATINUM_future": 1418.800048828125,
    "SILVER_future": 36.64500045776367,
    "Long_Term_Treasury_ETF": 87.58000183105469,
    "CORN_future": 436.75,
    "SOYBEANS_future": 1046.25,
    "WHEAT_future": 563.0,
    "SP500_close": 6227.419921875,
    "NASDAQ_close": 20393.130859375,
    "US_10Y_Treasury_Yield": 4.293000221252441,
    "VIX_close": 16.639999389648438,
    "GOLD_basis_spot_vs_near": -55.400146484375,
    "China_10Y_Treasury_Yield": 1.6396
  }
}