{
  "latest_date": "2025-08-14",
  "latest_values": {
    "Shanghai_Composite_Index": 3683.465087890625,
    "CSI_300_Index": 4176.580078125,
    "Shenzhen_Component_Index": 11551.3701171875,
    "ALUMINUM_future": 2547.0,
    "BTC_price": 121724.25,
    "OIL_price": 62.97999954223633,
    "USD_CNY_exchange_rate": 7.178500175476074,
    "Commodity_Index_ETF": 21.75,
    "US_Dollar_Index": 97.80500030517578,
    "ETH_price": 4750.89697265625,
    "GOLD_spot_price": 3412.10009765625,
    "LEAN_HOGS_future": 90.7249984741211,
    "COPPER_future": 4.486000061035156,
    "High_Yield_Bond_ETF": 80.61000061035156,
    "LIVE_CATTLE_future": 229.47500610351562,
    "GOLD_near_month_future": 3412.300048828125,
    "NATURAL_GAS_future": 2.811000108718872,
    "PLATINUM_future": 1348.800048828125,
    "SILVER_future": 38.5,
    "Long_Term_Treasury_ETF": 87.66999816894531,
    "CORN_future": 397.25,
    "SOYBEANS_future": 1043.75,
    "WHEAT_future": 527.5,
    "SP500_close": 6466.580078125,
    "NASDAQ_close": 21713.140625,
    "US_10Y_Treasury_Yield": 4.23799991607666,
    "VIX_close": 14.489999771118164,
    "GOLD_basis_spot_vs_near": -0.199951171875,
    "China_10Y_Treasury_Yield": 1.7262
  }
}