{
  "latest_date": "2025-09-03",
  "latest_values": {
    "Shanghai_Composite_Index": 3813.556640625,
    "CSI_300_Index": 4459.82958984375,
    "Shenzhen_Component_Index": 12471.9951171875,
    "ALUMINUM_future": 2528.5,
    "BTC_price": 112248.9375,
    "OIL_price": 63.91999816894531,
    "USD_CNY_exchange_rate": 7.13040018081665,
    "Commodity_Index_ETF": 22.360700607299805,
    "US_Dollar_Index": 98.16600036621094,
    "ETH_price": 4479.79345703125,
    "GOLD_spot_price": 3619.800048828125,
    "LEAN_HOGS_future": 93.82499694824219,
    "COPPER_future": 4.611499786376953,
    "High_Yield_Bond_ETF": 80.5999984741211,
    "LIVE_CATTLE_future": 238.1999969482422,
    "GOLD_near_month_future": 3619.89990234375,
    "NATURAL_GAS_future": 3.0769999027252197,
    "PLATINUM_future": 1442.699951171875,
    "SILVER_future": 41.744998931884766,
    "Long_Term_Treasury_ETF": 86.56999969482422,
    "CORN_future": 418.25,
    "SOYBEANS_future": 1031.75,
    "WHEAT_future": 522.25,
    "SP500_close": 6448.259765625,
    "NASDAQ_close": 21497.7265625,
    "US_10Y_Treasury_Yield": 4.210999965667725,
    "VIX_close": 16.5,
    "GOLD_basis_spot_vs_near": -0.099853515625,
    "China_10Y_Treasury_Yield": 1.7984
  }
}