{
  "latest_date": "2025-07-30",
  "latest_values": {
    "Shanghai_Composite_Index": 3609.7109375,
    "CSI_300_Index": 4152.02001953125,
    "Shenzhen_Component_Index": 11289.41015625,
    "ALUMINUM_future": 2560.25,
    "BTC_price": 117790.1171875,
    "OIL_price": 69.5199966430664,
    "USD_CNY_exchange_rate": 7.177800178527832,
    "Commodity_Index_ETF": 22.58989906311035,
    "US_Dollar_Index": 99.52200317382812,
    "ETH_price": 3773.99169921875,
    "GOLD_spot_price": 3355.199951171875,
    "LEAN_HOGS_future": 107.19999694824219,
    "COPPER_future": 5.5960001945495605,
    "High_Yield_Bond_ETF": 80.375,
    "LIVE_CATTLE_future": 230.8000030517578,
    "GOLD_near_month_future": 3355.10009765625,
    "NATURAL_GAS_future": 3.0299999713897705,
    "PLATINUM_future": 1411.5999755859375,
    "SILVER_future": 37.775001525878906,
    "Long_Term_Treasury_ETF": 86.80000305175781,
    "CORN_future": 412.75,
    "SOYBEANS_future": 1008.0,
    "WHEAT_future": 529.5,
    "SP500_close": 6377.990234375,
    "NASDAQ_close": 21155.544921875,
    "US_10Y_Treasury_Yield": 4.374000072479248,
    "VIX_close": 16.020000457763672,
    "GOLD_basis_spot_vs_near": 0.099853515625,
    "China_10Y_Treasury_Yield": 1.718
  }
}