{
  "latest_date": "2025-09-03",
  "latest_values": {
    "Shanghai_Composite_Index": 3858.133056640625,
    "CSI_300_Index": 4490.4501953125,
    "Shenzhen_Component_Index": 12553.83984375,
    "ALUMINUM_future": 2514.5,
    "BTC_price": 111631.7890625,
    "OIL_price": 64.2699966430664,
    "USD_CNY_exchange_rate": 7.13040018081665,
    "Commodity_Index_ETF": 22.56999969482422,
    "US_Dollar_Index": 98.29299926757812,
    "ETH_price": 4378.5419921875,
    "GOLD_spot_price": 3615.0,
    "LEAN_HOGS_future": 95.5,
    "COPPER_future": 4.629000186920166,
    "High_Yield_Bond_ETF": 80.38999938964844,
    "LIVE_CATTLE_future": 239.52499389648438,
    "GOLD_near_month_future": 3615.10009765625,
    "NATURAL_GAS_future": 3.046999931335449,
    "PLATINUM_future": 1424.0,
    "SILVER_future": 41.744998931884766,
    "Long_Term_Treasury_ETF": 85.62999725341797,
    "CORN_future": 420.25,
    "SOYBEANS_future": 1037.75,
    "WHEAT_future": 527.25,
    "SP500_close": 6415.5400390625,
    "NASDAQ_close": 21279.630859375,
    "US_10Y_Treasury_Yield": 4.2769999504089355,
    "VIX_close": 17.139999389648438,
    "GOLD_basis_spot_vs_near": -0.10009765625,
    "China_10Y_Treasury_Yield": 1.7984
  }
}