{
  "latest_date": "2025-09-04",
  "latest_values": {
    "Shanghai_Composite_Index": 3765.8759765625,
    "CSI_300_Index": 4365.20849609375,
    "Shenzhen_Component_Index": 12472.0,
    "ALUMINUM_future": 2515.5,
    "BTC_price": 109644.3671875,
    "OIL_price": 63.439998626708984,
    "USD_CNY_exchange_rate": 7.138999938964844,
    "Commodity_Index_ETF": 22.209999084472656,
    "US_Dollar_Index": 98.33499908447266,
    "ETH_price": 4311.1162109375,
    "GOLD_spot_price": 3612.0,
    "LEAN_HOGS_future": 94.9749984741211,
    "COPPER_future": 4.571499824523926,
    "High_Yield_Bond_ETF": 80.68499755859375,
    "LIVE_CATTLE_future": 237.14999389648438,
    "GOLD_near_month_future": 3612.0,
    "NATURAL_GAS_future": 3.115999937057495,
    "PLATINUM_future": 1384.5,
    "SILVER_future": 41.45500183105469,
    "Long_Term_Treasury_ETF": 86.96929931640625,
    "CORN_future": 418.75,
    "SOYBEANS_future": 1027.0,
    "WHEAT_future": 517.0,
    "SP500_close": 6473.7001953125,
    "NASDAQ_close": 21561.47265625,
    "US_10Y_Treasury_Yield": 4.191999912261963,
    "VIX_close": 15.699999809265137,
    "GOLD_basis_spot_vs_near": 0.0,
    "China_10Y_Treasury_Yield": 1.806
  }
}