{
  "latest_date": "2025-08-21",
  "latest_values": {
    "Shanghai_Composite_Index": 3766.2099609375,
    "CSI_300_Index": 4271.39990234375,
    "Shenzhen_Component_Index": 11926.740234375,
    "ALUMINUM_future": 2492.5,
    "BTC_price": 113756.1328125,
    "OIL_price": 63.08000183105469,
    "USD_CNY_exchange_rate": 7.1819000244140625,
    "Commodity_Index_ETF": 21.860000610351562,
    "US_Dollar_Index": 98.2699966430664,
    "ETH_price": 4305.38134765625,
    "GOLD_spot_price": 3381.699951171875,
    "LEAN_HOGS_future": 90.0,
    "COPPER_future": 4.431000232696533,
    "High_Yield_Bond_ETF": 80.3499984741211,
    "LIVE_CATTLE_future": 235.1750030517578,
    "GOLD_near_month_future": 3381.699951171875,
    "NATURAL_GAS_future": 2.743000030517578,
    "PLATINUM_future": 1339.0,
    "SILVER_future": 37.869998931884766,
    "Long_Term_Treasury_ETF": 86.83999633789062,
    "CORN_future": 405.75,
    "SOYBEANS_future": 1036.25,
    "WHEAT_future": 531.75,
    "SP500_close": 6395.77978515625,
    "NASDAQ_close": 21172.859375,
    "US_10Y_Treasury_Yield": 4.296000003814697,
    "VIX_close": 15.6899995803833,
    "GOLD_basis_spot_vs_near": 0.0,
    "China_10Y_Treasury_Yield": 1.782
  }
}