{
  "latest_date": "2025-08-18",
  "latest_values": {
    "Shanghai_Composite_Index": 3728.02734375,
    "CSI_300_Index": 4239.41259765625,
    "Shenzhen_Component_Index": 11835.572265625,
    "ALUMINUM_future": 2507.5,
    "BTC_price": 116438.2890625,
    "OIL_price": 63.43000030517578,
    "USD_CNY_exchange_rate": 7.179500102996826,
    "Commodity_Index_ETF": 21.815000534057617,
    "US_Dollar_Index": 98.14099884033203,
    "ETH_price": 4337.02685546875,
    "GOLD_spot_price": 3379.89990234375,
    "LEAN_HOGS_future": 90.17500305175781,
    "COPPER_future": 4.474999904632568,
    "High_Yield_Bond_ETF": 80.40499877929688,
    "LIVE_CATTLE_future": 231.27499389648438,
    "GOLD_near_month_future": 3380.0,
    "NATURAL_GAS_future": 2.9089999198913574,
    "PLATINUM_future": 1339.4000244140625,
    "SILVER_future": 38.064998626708984,
    "Long_Term_Treasury_ETF": 86.13999938964844,
    "CORN_future": 406.5,
    "SOYBEANS_future": 1043.25,
    "WHEAT_future": 525.0,
    "SP500_close": 6444.1201171875,
    "NASDAQ_close": 21595.31640625,
    "US_10Y_Treasury_Yield": 4.335999965667725,
    "VIX_close": 15.239999771118164,
    "GOLD_basis_spot_vs_near": -0.10009765625,
    "China_10Y_Treasury_Yield": 1.7872
  }
}