{
  "latest_date": "2025-10-02",
  "latest_values": {
    "Shanghai_Composite_Index": 3882.777099609375,
    "CSI_300_Index": 4640.68994140625,
    "Shenzhen_Component_Index": 13526.509765625,
    "ALUMINUM_future": 2597.5,
    "BTC_price": 119662.3828125,
    "OIL_price": 61.470001220703125,
    "USD_CNY_exchange_rate": 7.11899995803833,
    "Commodity_Index_ETF": 22.440000534057617,
    "US_Dollar_Index": 97.91000366210938,
    "ETH_price": 4408.19287109375,
    "GOLD_spot_price": 3900.199951171875,
    "LEAN_HOGS_future": 86.4000015258789,
    "COPPER_future": 4.934000015258789,
    "High_Yield_Bond_ETF": 80.86070251464844,
    "LIVE_CATTLE_future": 233.4499969482422,
    "GOLD_near_month_future": 3900.10009765625,
    "NATURAL_GAS_future": 3.4679999351501465,
    "PLATINUM_future": 1605.0,
    "SILVER_future": 47.380001068115234,
    "Long_Term_Treasury_ETF": 89.41999816894531,
    "CORN_future": 417.5,
    "SOYBEANS_future": 1015.0,
    "WHEAT_future": 511.5,
    "SP500_close": 6708.31982421875,
    "NASDAQ_close": 22833.150390625,
    "US_10Y_Treasury_Yield": 4.113999843597412,
    "VIX_close": 16.200000762939453,
    "GOLD_basis_spot_vs_near": 0.099853515625,
    "China_10Y_Treasury_Yield": 1.8605
  }
}