{
  "latest_date": "2025-08-18",
  "latest_values": {
    "Shanghai_Composite_Index": 3696.77099609375,
    "CSI_300_Index": 4202.35009765625,
    "Shenzhen_Component_Index": 11634.669921875,
    "ALUMINUM_future": 2525.0,
    "BTC_price": 115765.796875,
    "OIL_price": 62.869998931884766,
    "USD_CNY_exchange_rate": 7.179500102996826,
    "Commodity_Index_ETF": 21.770000457763672,
    "US_Dollar_Index": 97.82499694824219,
    "ETH_price": 4349.56982421875,
    "GOLD_spot_price": 3402.699951171875,
    "LEAN_HOGS_future": 90.125,
    "COPPER_future": 4.499000072479248,
    "High_Yield_Bond_ETF": 80.45999908447266,
    "LIVE_CATTLE_future": 230.60000610351562,
    "GOLD_near_month_future": 3402.800048828125,
    "NATURAL_GAS_future": 2.8459999561309814,
    "PLATINUM_future": 1350.0,
    "SILVER_future": 38.23500061035156,
    "Long_Term_Treasury_ETF": 86.4000015258789,
    "CORN_future": 402.25,
    "SOYBEANS_future": 1040.0,
    "WHEAT_future": 525.75,
    "SP500_close": 6449.7998046875,
    "NASDAQ_close": 21622.98046875,
    "US_10Y_Treasury_Yield": 4.328000068664551,
    "VIX_close": 15.09000015258789,
    "GOLD_basis_spot_vs_near": -0.10009765625,
    "China_10Y_Treasury_Yield": 1.7465
  }
}