{
  "latest_date": "2025-07-03",
  "latest_values": {
    "Shanghai_Composite_Index": 3454.7919921875,
    "CSI_300_Index": 3943.68994140625,
    "Shenzhen_Component_Index": 10412.6298828125,
    "ALUMINUM_future": 2596.0,
    "BTC_price": 110487.2109375,
    "OIL_price": 67.12999725341797,
    "USD_CNY_exchange_rate": 7.1645002365112305,
    "Commodity_Index_ETF": 22.350000381469727,
    "US_Dollar_Index": 96.95800018310547,
    "GOLD_spot_price": 3345.300048828125,
    "LEAN_HOGS_future": 107.5250015258789,
    "High_Yield_Bond_ETF": 80.34500122070312,
    "LIVE_CATTLE_future": 213.47500610351562,
    "GOLD_near_month_future": 3345.300048828125,
    "NATURAL_GAS_future": 3.563999891281128,
    "PLATINUM_future": 1380.0,
    "SILVER_future": 37.0099983215332,
    "Long_Term_Treasury_ETF": 87.07820129394531,
    "CORN_future": 437.75,
    "SOYBEANS_future": 1052.75,
    "WHEAT_future": 563.5,
    "SP500_close": 6270.56982421875,
    "US_10Y_Treasury_Yield": 4.331999778747559,
    "VIX_close": 16.389999389648438,
    "GOLD_basis_spot_vs_near": 0.0,
    "China_10Y_Treasury_Yield": 1.6407
  }
}