{
  "latest_date": "2025-07-10",
  "latest_values": {
    "Shanghai_Composite_Index": 3493.050048828125,
    "CSI_300_Index": 3991.39990234375,
    "Shenzhen_Component_Index": 10581.7998046875,
    "ALUMINUM_future": 2549.0,
    "BTC_price": 111063.7734375,
    "OIL_price": 68.06999969482422,
    "USD_CNY_exchange_rate": 7.173799991607666,
    "Commodity_Index_ETF": 22.290000915527344,
    "US_Dollar_Index": 97.41799926757812,
    "ETH_price": 2776.862060546875,
    "GOLD_spot_price": 3335.0,
    "LEAN_HOGS_future": 107.5250015258789,
    "COPPER_future": 5.603000164031982,
    "High_Yield_Bond_ETF": 80.20999908447266,
    "LIVE_CATTLE_future": 220.125,
    "GOLD_near_month_future": 3389.10009765625,
    "NATURAL_GAS_future": 3.2279999256134033,
    "PLATINUM_future": 1415.0,
    "SILVER_future": 36.880001068115234,
    "Long_Term_Treasury_ETF": 86.93000030517578,
    "CORN_future": 414.25,
    "SOYBEANS_future": 1007.5,
    "WHEAT_future": 551.0,
    "SP500_close": 6263.259765625,
    "NASDAQ_close": 20611.33984375,
    "US_10Y_Treasury_Yield": 4.3420000076293945,
    "VIX_close": 16.040000915527344,
    "GOLD_basis_spot_vs_near": -54.10009765625,
    "China_10Y_Treasury_Yield": 1.6616
  }
}