{
  "latest_date": "2025-07-07",
  "latest_values": {
    "Shanghai_Composite_Index": 3473.127197265625,
    "CSI_300_Index": 3965.174560546875,
    "Shenzhen_Component_Index": 10435.5068359375,
    "ALUMINUM_future": 2510.5,
    "BTC_price": 107948.5078125,
    "OIL_price": 67.93000030517578,
    "USD_CNY_exchange_rate": 7.173900127410889,
    "Commodity_Index_ETF": 22.260000228881836,
    "US_Dollar_Index": 97.5510025024414,
    "ETH_price": 2535.581787109375,
    "GOLD_spot_price": 3347.10009765625,
    "LEAN_HOGS_future": 107.2750015258789,
    "COPPER_future": 5.004499912261963,
    "High_Yield_Bond_ETF": 80.0999984741211,
    "LIVE_CATTLE_future": 215.9250030517578,
    "GOLD_near_month_future": 3402.0,
    "NATURAL_GAS_future": 3.4119999408721924,
    "PLATINUM_future": 1381.5999755859375,
    "SILVER_future": 36.939998626708984,
    "Long_Term_Treasury_ETF": 86.13999938964844,
    "CORN_future": 421.0,
    "SOYBEANS_future": 1020.75,
    "WHEAT_future": 548.75,
    "SP500_close": 6229.97998046875,
    "NASDAQ_close": 20412.515625,
    "US_10Y_Treasury_Yield": 4.394999980926514,
    "VIX_close": 17.790000915527344,
    "GOLD_basis_spot_vs_near": -54.89990234375,
    "China_10Y_Treasury_Yield": 1.6406
  }
}