{
  "latest_date": "2025-09-13",
  "latest_values": {
    "Shanghai_Composite_Index": 3870.597900390625,
    "CSI_300_Index": 4522.0,
    "Shenzhen_Component_Index": 12924.1298828125,
    "ALUMINUM_future": 2583.75,
    "BTC_price": 115870.75,
    "OIL_price": 62.689998626708984,
    "USD_CNY_exchange_rate": 7.122799873352051,
    "Commodity_Index_ETF": 22.350000381469727,
    "US_Dollar_Index": 97.55000305175781,
    "ETH_price": 4696.11376953125,
    "GOLD_spot_price": 3649.39990234375,
    "LEAN_HOGS_future": 97.125,
    "COPPER_future": 4.588500022888184,
    "High_Yield_Bond_ETF": 80.95999908447266,
    "LIVE_CATTLE_future": 229.97500610351562,
    "GOLD_near_month_future": 3657.300048828125,
    "NATURAL_GAS_future": 2.940999984741211,
    "PLATINUM_future": 1407.300048828125,
    "SILVER_future": 42.387001037597656,
    "Long_Term_Treasury_ETF": 89.94999694824219,
    "CORN_future": 399.0,
    "SOYBEANS_future": 1025.75,
    "WHEAT_future": 503.0,
    "SP500_close": 6584.2900390625,
    "NASDAQ_close": 22141.099609375,
    "US_10Y_Treasury_Yield": 4.060999870300293,
    "VIX_close": 14.760000228881836,
    "GOLD_basis_spot_vs_near": -7.900146484375,
    "China_10Y_Treasury_Yield": 1.867
  }
}