{
  "latest_date": "2025-08-29",
  "latest_values": {
    "Shanghai_Composite_Index": 3843.596923828125,
    "CSI_300_Index": 4463.77978515625,
    "Shenzhen_Component_Index": 12571.3701171875,
    "ALUMINUM_future": 2530.25,
    "BTC_price": 111552.6640625,
    "OIL_price": 64.05000305175781,
    "USD_CNY_exchange_rate": 7.1529998779296875,
    "Commodity_Index_ETF": 22.18000030517578,
    "US_Dollar_Index": 97.99800109863281,
    "ETH_price": 4478.49072265625,
    "GOLD_spot_price": 3473.800048828125,
    "LEAN_HOGS_future": 94.2750015258789,
    "COPPER_future": 4.550000190734863,
    "High_Yield_Bond_ETF": 81.01000213623047,
    "LIVE_CATTLE_future": 237.0749969482422,
    "GOLD_near_month_future": 3473.699951171875,
    "NATURAL_GAS_future": 2.9839999675750732,
    "PLATINUM_future": 1358.800048828125,
    "SILVER_future": 39.6150016784668,
    "Long_Term_Treasury_ETF": 87.22000122070312,
    "CORN_future": 410.75,
    "SOYBEANS_future": 1049.0,
    "WHEAT_future": 529.25,
    "SP500_close": 6501.85986328125,
    "NASDAQ_close": 21705.16015625,
    "US_10Y_Treasury_Yield": 4.206999778747559,
    "VIX_close": 14.430000305175781,
    "GOLD_basis_spot_vs_near": 0.10009765625,
    "China_10Y_Treasury_Yield": 1.8478
  }
}