{
  "latest_date": "2025-07-07",
  "latest_values": {
    "Shanghai_Composite_Index": 3472.319091796875,
    "CSI_300_Index": 3982.199951171875,
    "Shenzhen_Component_Index": 10508.759765625,
    "ALUMINUM_future": 2516.75,
    "BTC_price": 108830.6328125,
    "OIL_price": 67.12999725341797,
    "USD_CNY_exchange_rate": 7.164899826049805,
    "Commodity_Index_ETF": 22.280000686645508,
    "US_Dollar_Index": 97.36499786376953,
    "ETH_price": 2568.84130859375,
    "GOLD_spot_price": 3318.60009765625,
    "LEAN_HOGS_future": 107.9749984741211,
    "COPPER_future": 5.040999889373779,
    "High_Yield_Bond_ETF": 80.37000274658203,
    "LIVE_CATTLE_future": 214.0500030517578,
    "GOLD_near_month_future": 3318.800048828125,
    "NATURAL_GAS_future": 3.2860000133514404,
    "PLATINUM_future": 1380.0,
    "SILVER_future": 36.775001525878906,
    "Long_Term_Treasury_ETF": 86.97000122070312,
    "CORN_future": 423.75,
    "SOYBEANS_future": 1027.75,
    "WHEAT_future": 544.5,
    "SP500_close": 6279.35009765625,
    "NASDAQ_close": 20601.099609375,
    "US_10Y_Treasury_Yield": 4.3480000495910645,
    "VIX_close": 17.729999542236328,
    "GOLD_basis_spot_vs_near": -0.199951171875,
    "China_10Y_Treasury_Yield": 1.6406
  }
}