{
  "latest_date": "2025-07-24",
  "latest_values": {
    "Shanghai_Composite_Index": 3605.726806640625,
    "CSI_300_Index": 4149.03662109375,
    "Shenzhen_Component_Index": 11059.0400390625,
    "ALUMINUM_future": 2636.5,
    "BTC_price": 119417.9296875,
    "OIL_price": 66.2699966430664,
    "USD_CNY_exchange_rate": 7.156300067901611,
    "Commodity_Index_ETF": 22.395000457763672,
    "US_Dollar_Index": 97.3270034790039,
    "ETH_price": 3742.40869140625,
    "GOLD_spot_price": 3376.60009765625,
    "LEAN_HOGS_future": 108.375,
    "COPPER_future": 5.830999851226807,
    "High_Yield_Bond_ETF": 80.45500183105469,
    "LIVE_CATTLE_future": 225.77499389648438,
    "GOLD_near_month_future": 3433.5,
    "NATURAL_GAS_future": 3.115999937057495,
    "PLATINUM_future": 1447.9000244140625,
    "SILVER_future": 39.25,
    "Long_Term_Treasury_ETF": 85.88999938964844,
    "CORN_future": 420.0,
    "SOYBEANS_future": 1023.0,
    "WHEAT_future": 538.0,
    "SP500_close": 6377.7998046875,
    "NASDAQ_close": 21085.32421875,
    "US_10Y_Treasury_Yield": 4.409999847412109,
    "VIX_close": 14.960000038146973,
    "GOLD_basis_spot_vs_near": -56.89990234375,
    "China_10Y_Treasury_Yield": 1.7376
  }
}