{
  "latest_date": "2025-09-29",
  "latest_values": {
    "Shanghai_Composite_Index": 3862.53173828125,
    "CSI_300_Index": 4620.052734375,
    "Shenzhen_Component_Index": 13479.427734375,
    "ALUMINUM_future": 2614.5,
    "BTC_price": 114173.2421875,
    "OIL_price": 63.11000061035156,
    "USD_CNY_exchange_rate": 7.133800029754639,
    "Commodity_Index_ETF": 22.6200008392334,
    "US_Dollar_Index": 97.93599700927734,
    "ETH_price": 4223.72509765625,
    "GOLD_spot_price": 3859.60009765625,
    "LEAN_HOGS_future": 101.0999984741211,
    "COPPER_future": 4.8979997634887695,
    "High_Yield_Bond_ETF": 81.22000122070312,
    "LIVE_CATTLE_future": 233.8000030517578,
    "GOLD_near_month_future": 3859.89990234375,
    "NATURAL_GAS_future": 3.2639999389648438,
    "PLATINUM_future": 1638.0,
    "SILVER_future": 47.06999969482422,
    "Long_Term_Treasury_ETF": 89.62999725341797,
    "CORN_future": 421.5,
    "SOYBEANS_future": 1009.25,
    "WHEAT_future": 518.75,
    "SP500_close": 6661.2099609375,
    "NASDAQ_close": 22591.154296875,
    "US_10Y_Treasury_Yield": 4.140999794006348,
    "VIX_close": 16.1200008392334,
    "GOLD_basis_spot_vs_near": -0.2998046875,
    "China_10Y_Treasury_Yield": 1.887
  }
}