{
  "latest_date": "2025-08-30",
  "latest_values": {
    "Shanghai_Composite_Index": 3857.927001953125,
    "CSI_300_Index": 4496.759765625,
    "Shenzhen_Component_Index": 12696.150390625,
    "ALUMINUM_future": 2514.75,
    "BTC_price": 108498.0546875,
    "OIL_price": 64.01000213623047,
    "USD_CNY_exchange_rate": 7.129899978637695,
    "Commodity_Index_ETF": 22.209999084472656,
    "US_Dollar_Index": 97.7699966430664,
    "ETH_price": 4390.779296875,
    "GOLD_spot_price": 3473.699951171875,
    "LEAN_HOGS_future": 95.0250015258789,
    "COPPER_future": 4.518499851226807,
    "High_Yield_Bond_ETF": 80.86000061035156,
    "LIVE_CATTLE_future": 241.89999389648438,
    "GOLD_near_month_future": 3487.199951171875,
    "NATURAL_GAS_future": 2.996999979019165,
    "PLATINUM_future": 1365.699951171875,
    "SILVER_future": 40.20000076293945,
    "Long_Term_Treasury_ETF": 86.5999984741211,
    "CORN_future": 398.0,
    "SOYBEANS_future": 1036.75,
    "WHEAT_future": 518.0,
    "SP500_close": 6460.259765625,
    "NASDAQ_close": 21455.55078125,
    "US_10Y_Treasury_Yield": 4.2270002365112305,
    "VIX_close": 15.359999656677246,
    "GOLD_basis_spot_vs_near": -13.5,
    "China_10Y_Treasury_Yield": 1.8379
  }
}