{
  "latest_date": "2025-08-26",
  "latest_values": {
    "Shanghai_Composite_Index": 3883.56201171875,
    "CSI_300_Index": 4469.22021484375,
    "Shenzhen_Component_Index": 12441.0703125,
    "ALUMINUM_future": 2527.0,
    "BTC_price": 110130.2578125,
    "OIL_price": 64.45999908447266,
    "USD_CNY_exchange_rate": 7.167500019073486,
    "Commodity_Index_ETF": 22.190000534057617,
    "US_Dollar_Index": 98.38600158691406,
    "ETH_price": 4439.6572265625,
    "GOLD_spot_price": 3426.10009765625,
    "LEAN_HOGS_future": 91.42500305175781,
    "COPPER_future": 4.479000091552734,
    "High_Yield_Bond_ETF": 80.69000244140625,
    "LIVE_CATTLE_future": 236.97500610351562,
    "GOLD_near_month_future": 3426.300048828125,
    "NATURAL_GAS_future": 2.677000045776367,
    "PLATINUM_future": 1343.0,
    "SILVER_future": 38.849998474121094,
    "Long_Term_Treasury_ETF": 86.80000305175781,
    "CORN_future": 411.75,
    "SOYBEANS_future": 1049.75,
    "WHEAT_future": 528.25,
    "SP500_close": 6439.31982421875,
    "NASDAQ_close": 21449.2890625,
    "US_10Y_Treasury_Yield": 4.275000095367432,
    "VIX_close": 14.789999961853027,
    "GOLD_basis_spot_vs_near": -0.199951171875,
    "China_10Y_Treasury_Yield": 1.7643
  }
}