{
  "latest_date": "2025-09-26",
  "latest_values": {
    "Shanghai_Composite_Index": 3853.302001953125,
    "CSI_300_Index": 4593.490234375,
    "Shenzhen_Component_Index": 13445.900390625,
    "ALUMINUM_future": 2551.0,
    "BTC_price": 109209.8125,
    "OIL_price": 65.94000244140625,
    "USD_CNY_exchange_rate": 7.131499767303467,
    "Commodity_Index_ETF": 22.905000686645508,
    "US_Dollar_Index": 98.23400115966797,
    "ETH_price": 3941.452392578125,
    "GOLD_spot_price": 3806.199951171875,
    "LEAN_HOGS_future": 101.125,
    "COPPER_future": 4.73199987411499,
    "High_Yield_Bond_ETF": 80.97000122070312,
    "LIVE_CATTLE_future": 235.25,
    "GOLD_near_month_future": 3806.199951171875,
    "NATURAL_GAS_future": 3.1389999389648438,
    "PLATINUM_future": 1609.199951171875,
    "SILVER_future": 45.95000076293945,
    "Long_Term_Treasury_ETF": 89.07499694824219,
    "CORN_future": 423.25,
    "SOYBEANS_future": 1014.0,
    "WHEAT_future": 520.0,
    "SP500_close": 6608.97998046875,
    "NASDAQ_close": 22311.916015625,
    "US_10Y_Treasury_Yield": 4.183000087738037,
    "VIX_close": 16.56999969482422,
    "GOLD_basis_spot_vs_near": 0.0,
    "China_10Y_Treasury_Yield": 1.8768
  }
}