{
  "latest_date": "2025-07-11",
  "latest_values": {
    "Shanghai_Composite_Index": 3509.681884765625,
    "CSI_300_Index": 4010.02001953125,
    "Shenzhen_Component_Index": 10631.1298828125,
    "ALUMINUM_future": 2536.5,
    "BTC_price": 117961.2421875,
    "OIL_price": 66.58000183105469,
    "USD_CNY_exchange_rate": 7.179999828338623,
    "Commodity_Index_ETF": 22.219999313354492,
    "US_Dollar_Index": 97.83799743652344,
    "ETH_price": 2999.263671875,
    "GOLD_spot_price": 3344.10009765625,
    "LEAN_HOGS_future": 106.25,
    "COPPER_future": 5.511000156402588,
    "High_Yield_Bond_ETF": 80.12999725341797,
    "LIVE_CATTLE_future": 219.0749969482422,
    "GOLD_near_month_future": 3399.60009765625,
    "NATURAL_GAS_future": 3.3469998836517334,
    "PLATINUM_future": 1431.5999755859375,
    "SILVER_future": 38.29499816894531,
    "Long_Term_Treasury_ETF": 86.98999786376953,
    "CORN_future": 414.5,
    "SOYBEANS_future": 1013.25,
    "WHEAT_future": 552.25,
    "SP500_close": 6280.4599609375,
    "NASDAQ_close": 20630.66015625,
    "US_10Y_Treasury_Yield": 4.3460001945495605,
    "VIX_close": 16.799999237060547,
    "GOLD_basis_spot_vs_near": -55.5,
    "China_10Y_Treasury_Yield": 1.6616
  }
}