{
  "latest_date": "2025-07-23",
  "latest_values": {
    "Shanghai_Composite_Index": 3581.861083984375,
    "CSI_300_Index": 4118.9599609375,
    "Shenzhen_Component_Index": 11099.830078125,
    "ALUMINUM_future": 2620.75,
    "BTC_price": 118552.3125,
    "OIL_price": 64.8499984741211,
    "USD_CNY_exchange_rate": 7.160799980163574,
    "Commodity_Index_ETF": 22.440000534057617,
    "US_Dollar_Index": 97.42400360107422,
    "ETH_price": 3672.14306640625,
    "GOLD_spot_price": 3441.199951171875,
    "LEAN_HOGS_future": 107.625,
    "COPPER_future": 5.818999767303467,
    "High_Yield_Bond_ETF": 80.5,
    "LIVE_CATTLE_future": 224.89999389648438,
    "GOLD_near_month_future": 3500.10009765625,
    "NATURAL_GAS_future": 3.2119998931884766,
    "PLATINUM_future": 1475.800048828125,
    "SILVER_future": 39.77000045776367,
    "Long_Term_Treasury_ETF": 86.5199966430664,
    "CORN_future": 419.0,
    "SOYBEANS_future": 1033.25,
    "WHEAT_future": 547.5,
    "SP500_close": 6309.6201171875,
    "NASDAQ_close": 20892.689453125,
    "US_10Y_Treasury_Yield": 4.335999965667725,
    "VIX_close": 16.0,
    "GOLD_basis_spot_vs_near": -58.900146484375,
    "China_10Y_Treasury_Yield": 1.7041
  }
}