{
  "latest_date": "2025-09-04",
  "latest_values": {
    "Shanghai_Composite_Index": 3813.556884765625,
    "CSI_300_Index": 4459.830078125,
    "Shenzhen_Component_Index": 12472.0,
    "ALUMINUM_future": 2557.0,
    "BTC_price": 110640.734375,
    "OIL_price": 63.529998779296875,
    "USD_CNY_exchange_rate": 7.138999938964844,
    "Commodity_Index_ETF": 22.3700008392334,
    "US_Dollar_Index": 98.23300170898438,
    "ETH_price": 4375.2392578125,
    "GOLD_spot_price": 3583.699951171875,
    "LEAN_HOGS_future": 93.82499694824219,
    "COPPER_future": 4.567999839782715,
    "High_Yield_Bond_ETF": 80.61000061035156,
    "LIVE_CATTLE_future": 238.1999969482422,
    "GOLD_near_month_future": 3583.5,
    "NATURAL_GAS_future": 3.0789999961853027,
    "PLATINUM_future": 1429.5,
    "SILVER_future": 41.35499954223633,
    "Long_Term_Treasury_ETF": 86.56999969482422,
    "CORN_future": 418.25,
    "SOYBEANS_future": 1033.75,
    "WHEAT_future": 521.0,
    "SP500_close": 6448.259765625,
    "NASDAQ_close": 21497.73046875,
    "US_10Y_Treasury_Yield": 4.210999965667725,
    "VIX_close": 16.350000381469727,
    "GOLD_basis_spot_vs_near": 0.199951171875,
    "China_10Y_Treasury_Yield": 1.7984
  }
}