{
  "latest_date": "2025-07-02",
  "latest_values": {
    "Shanghai_Composite_Index": 3454.79248046875,
    "CSI_300_Index": 3943.684814453125,
    "Shenzhen_Component_Index": 10412.6279296875,
    "ALUMINUM_future": 2581.5,
    "BTC_price": 109212.046875,
    "OIL_price": 67.5199966430664,
    "USD_CNY_exchange_rate": 7.164400100708008,
    "Commodity_Index_ETF": 22.290000915527344,
    "US_Dollar_Index": 96.79399871826172,
    "ETH_price": 2591.300537109375,
    "GOLD_spot_price": 3367.199951171875,
    "LEAN_HOGS_future": 109.4000015258789,
    "COPPER_future": 5.196499824523926,
    "High_Yield_Bond_ETF": 80.31999969482422,
    "LIVE_CATTLE_future": 212.625,
    "GOLD_near_month_future": 3367.39990234375,
    "NATURAL_GAS_future": 3.494999885559082,
    "PLATINUM_future": 1434.5,
    "SILVER_future": 36.78499984741211,
    "Long_Term_Treasury_ETF": 87.58000183105469,
    "CORN_future": 433.75,
    "SOYBEANS_future": 1047.75,
    "WHEAT_future": 565.0,
    "SP500_close": 6227.419921875,
    "NASDAQ_close": 20393.12890625,
    "US_10Y_Treasury_Yield": 4.293000221252441,
    "VIX_close": 16.639999389648438,
    "GOLD_basis_spot_vs_near": -0.199951171875,
    "China_10Y_Treasury_Yield": 1.6396
  }
}