{
  "latest_date": "2025-08-22",
  "latest_values": {
    "Shanghai_Composite_Index": 3771.09912109375,
    "CSI_300_Index": 4288.06982421875,
    "Shenzhen_Component_Index": 11919.759765625,
    "ALUMINUM_future": 2500.5,
    "BTC_price": 113079.6796875,
    "OIL_price": 63.66999816894531,
    "USD_CNY_exchange_rate": 7.1757001876831055,
    "Commodity_Index_ETF": 21.989999771118164,
    "US_Dollar_Index": 98.72899627685547,
    "ETH_price": 4336.93994140625,
    "GOLD_spot_price": 3368.800048828125,
    "LEAN_HOGS_future": 89.9000015258789,
    "COPPER_future": 4.444499969482422,
    "High_Yield_Bond_ETF": 80.19999694824219,
    "LIVE_CATTLE_future": 234.77499389648438,
    "GOLD_near_month_future": 3368.800048828125,
    "NATURAL_GAS_future": 2.7860000133514404,
    "PLATINUM_future": 1349.5999755859375,
    "SILVER_future": 37.970001220703125,
    "Long_Term_Treasury_ETF": 86.41000366210938,
    "CORN_future": 412.0,
    "SOYBEANS_future": 1056.25,
    "WHEAT_future": 528.75,
    "SP500_close": 6370.169921875,
    "NASDAQ_close": 21100.310546875,
    "US_10Y_Treasury_Yield": 4.329999923706055,
    "VIX_close": 16.729999542236328,
    "GOLD_basis_spot_vs_near": 0.0,
    "China_10Y_Treasury_Yield": 1.7667
  }
}