{
  "latest_date": "2025-09-04",
  "latest_values": {
    "Shanghai_Composite_Index": 3765.8759765625,
    "CSI_300_Index": 4365.20849609375,
    "Shenzhen_Component_Index": 12118.7021484375,
    "ALUMINUM_future": 2515.5,
    "BTC_price": 110024.609375,
    "OIL_price": 63.43000030517578,
    "USD_CNY_exchange_rate": 7.138999938964844,
    "Commodity_Index_ETF": 22.204999923706055,
    "US_Dollar_Index": 98.33799743652344,
    "ETH_price": 4273.798828125,
    "GOLD_spot_price": 3603.300048828125,
    "LEAN_HOGS_future": 95.0999984741211,
    "COPPER_future": 4.565000057220459,
    "High_Yield_Bond_ETF": 80.7249984741211,
    "LIVE_CATTLE_future": 236.97500610351562,
    "GOLD_near_month_future": 3603.300048828125,
    "NATURAL_GAS_future": 3.062999963760376,
    "PLATINUM_future": 1380.199951171875,
    "SILVER_future": 41.28499984741211,
    "Long_Term_Treasury_ETF": 87.11000061035156,
    "CORN_future": 420.75,
    "SOYBEANS_future": 1033.25,
    "WHEAT_future": 520.0,
    "SP500_close": 6488.6201171875,
    "NASDAQ_close": 21647.53515625,
    "US_10Y_Treasury_Yield": 4.177999973297119,
    "VIX_close": 15.539999961853027,
    "GOLD_basis_spot_vs_near": 0.0,
    "China_10Y_Treasury_Yield": 1.806
  }
}