{
  "latest_date": "2025-09-03",
  "latest_values": {
    "Shanghai_Composite_Index": 3858.133056640625,
    "CSI_300_Index": 4490.4501953125,
    "Shenzhen_Component_Index": 12553.83984375,
    "ALUMINUM_future": 2530.0,
    "BTC_price": 110845.859375,
    "OIL_price": 65.41999816894531,
    "USD_CNY_exchange_rate": 7.13040018081665,
    "Commodity_Index_ETF": 22.56999969482422,
    "US_Dollar_Index": 98.39399719238281,
    "ETH_price": 4311.90283203125,
    "GOLD_spot_price": 3601.10009765625,
    "LEAN_HOGS_future": 95.5,
    "COPPER_future": 4.619999885559082,
    "High_Yield_Bond_ETF": 80.38999938964844,
    "LIVE_CATTLE_future": 239.52499389648438,
    "GOLD_near_month_future": 3601.0,
    "NATURAL_GAS_future": 2.9860000610351562,
    "PLATINUM_future": 1408.9000244140625,
    "SILVER_future": 41.630001068115234,
    "Long_Term_Treasury_ETF": 85.62999725341797,
    "CORN_future": 423.25,
    "SOYBEANS_future": 1042.25,
    "WHEAT_future": 529.25,
    "SP500_close": 6415.5400390625,
    "NASDAQ_close": 21279.630859375,
    "US_10Y_Treasury_Yield": 4.2769999504089355,
    "VIX_close": 17.170000076293945,
    "GOLD_basis_spot_vs_near": 0.10009765625,
    "China_10Y_Treasury_Yield": 1.8167
  }
}