{
  "latest_date": "2025-06-30",
  "latest_values": {
    "Shanghai_Composite_Index": 3424.22705078125,
    "CSI_300_Index": 3921.760009765625,
    "Shenzhen_Component_Index": 10378.5498046875,
    "ALUMINUM_future": 2565.0,
    "BTC_price": 107545.1484375,
    "OIL_price": 65.23999786376953,
    "USD_CNY_exchange_rate": 7.167500019073486,
    "Commodity_Index_ETF": 21.84000015258789,
    "US_Dollar_Index": 97.27799987792969,
    "ETH_price": 2463.30517578125,
    "GOLD_spot_price": 3297.39990234375,
    "LEAN_HOGS_future": 110.9749984741211,
    "COPPER_future": 5.072500228881836,
    "High_Yield_Bond_ETF": 80.53500366210938,
    "LIVE_CATTLE_future": 211.5,
    "GOLD_near_month_future": 3297.300048828125,
    "NATURAL_GAS_future": 3.499000072479248,
    "PLATINUM_future": 1352.0999755859375,
    "SILVER_future": 36.25,
    "Long_Term_Treasury_ETF": 87.83499908447266,
    "CORN_future": 425.75,
    "SOYBEANS_future": 1031.75,
    "WHEAT_future": 543.25,
    "SP500_close": 6187.14013671875,
    "NASDAQ_close": 20323.71484375,
    "US_10Y_Treasury_Yield": 4.263000011444092,
    "VIX_close": 17.329999923706055,
    "GOLD_basis_spot_vs_near": 0.099853515625,
    "China_10Y_Treasury_Yield": 1.6469
  }
}