{
  "latest_date": "2025-09-19",
  "latest_values": {
    "Shanghai_Composite_Index": 3820.08935546875,
    "CSI_300_Index": 4501.91943359375,
    "Shenzhen_Component_Index": 13070.86328125,
    "ALUMINUM_future": 2612.25,
    "BTC_price": 115379.671875,
    "OIL_price": 62.369998931884766,
    "USD_CNY_exchange_rate": 7.1128997802734375,
    "Commodity_Index_ETF": 22.260000228881836,
    "US_Dollar_Index": 97.66000366210938,
    "ETH_price": 4456.83251953125,
    "GOLD_spot_price": 3716.0,
    "LEAN_HOGS_future": 97.9749984741211,
    "COPPER_future": 4.632500171661377,
    "High_Yield_Bond_ETF": 81.26000213623047,
    "LIVE_CATTLE_future": 233.4499969482422,
    "GOLD_near_month_future": 3716.10009765625,
    "NATURAL_GAS_future": 2.9100000858306885,
    "PLATINUM_future": 1420.5,
    "SILVER_future": 43.28499984741211,
    "Long_Term_Treasury_ETF": 89.0199966430664,
    "CORN_future": 424.25,
    "SOYBEANS_future": 1026.0,
    "WHEAT_future": 522.25,
    "SP500_close": 6664.35986328125,
    "NASDAQ_close": 22631.4765625,
    "US_10Y_Treasury_Yield": 4.138999938964844,
    "VIX_close": 15.460000038146973,
    "GOLD_basis_spot_vs_near": -0.10009765625,
    "China_10Y_Treasury_Yield": 1.8789
  }
}