{
  "latest_date": "2025-09-24",
  "latest_values": {
    "Shanghai_Composite_Index": 3853.64208984375,
    "CSI_300_Index": 4566.07080078125,
    "Shenzhen_Component_Index": 13119.8203125,
    "ALUMINUM_future": 2605.0,
    "BTC_price": 113568.8125,
    "OIL_price": 64.72000122070312,
    "USD_CNY_exchange_rate": 7.113999843597412,
    "Commodity_Index_ETF": 22.614999771118164,
    "US_Dollar_Index": 97.86399841308594,
    "ETH_price": 4172.88818359375,
    "GOLD_spot_price": 3772.199951171875,
    "LEAN_HOGS_future": 90.2249984741211,
    "COPPER_future": 4.827000141143799,
    "High_Yield_Bond_ETF": 81.16000366210938,
    "LIVE_CATTLE_future": 238.89999389648438,
    "GOLD_near_month_future": 3772.199951171875,
    "NATURAL_GAS_future": 2.882999897003174,
    "PLATINUM_future": 1478.4000244140625,
    "SILVER_future": 44.084999084472656,
    "Long_Term_Treasury_ETF": 89.05000305175781,
    "CORN_future": 424.5,
    "SOYBEANS_future": 1009.0,
    "WHEAT_future": 522.5,
    "SP500_close": 6634.81982421875,
    "NASDAQ_close": 22468.361328125,
    "US_10Y_Treasury_Yield": 4.138999938964844,
    "VIX_close": 17.209999084472656,
    "GOLD_basis_spot_vs_near": 0.0,
    "China_10Y_Treasury_Yield": 1.9022
  }
}