{
  "latest_date": "2025-10-01",
  "latest_values": {
    "Shanghai_Composite_Index": 3882.777099609375,
    "CSI_300_Index": 4640.68994140625,
    "Shenzhen_Component_Index": 13526.509765625,
    "ALUMINUM_future": 2623.5,
    "BTC_price": 117325.4375,
    "OIL_price": 61.529998779296875,
    "USD_CNY_exchange_rate": 7.133800029754639,
    "Commodity_Index_ETF": 22.405000686645508,
    "US_Dollar_Index": 97.64299774169922,
    "ETH_price": 4311.78466796875,
    "GOLD_spot_price": 3895.199951171875,
    "LEAN_HOGS_future": 88.75,
    "COPPER_future": 4.8379998207092285,
    "High_Yield_Bond_ETF": 80.83000183105469,
    "LIVE_CATTLE_future": 235.9250030517578,
    "GOLD_near_month_future": 3895.199951171875,
    "NATURAL_GAS_future": 3.322000026702881,
    "PLATINUM_future": 1596.5,
    "SILVER_future": 47.814998626708984,
    "Long_Term_Treasury_ETF": 89.30000305175781,
    "CORN_future": 412.0,
    "SOYBEANS_future": 997.0,
    "WHEAT_future": 504.0,
    "SP500_close": 6679.740234375,
    "NASDAQ_close": 22634.71484375,
    "US_10Y_Treasury_Yield": 4.0980000495910645,
    "VIX_close": 16.610000610351562,
    "GOLD_basis_spot_vs_near": 0.0,
    "China_10Y_Treasury_Yield": 1.8605
  }
}