{
  "latest_date": "2025-08-08",
  "latest_values": {
    "Shanghai_Composite_Index": 3639.6669921875,
    "CSI_300_Index": 4114.669921875,
    "Shenzhen_Component_Index": 11157.9404296875,
    "ALUMINUM_future": 2546.75,
    "BTC_price": 116769.8828125,
    "OIL_price": 64.06999969482422,
    "USD_CNY_exchange_rate": 7.182799816131592,
    "Commodity_Index_ETF": 21.84000015258789,
    "US_Dollar_Index": 98.27899932861328,
    "ETH_price": 3911.729736328125,
    "GOLD_spot_price": 3474.60009765625,
    "LEAN_HOGS_future": 90.9000015258789,
    "COPPER_future": 4.422999858856201,
    "High_Yield_Bond_ETF": 80.20999908447266,
    "LIVE_CATTLE_future": 232.5749969482422,
    "GOLD_near_month_future": 3474.39990234375,
    "NATURAL_GAS_future": 3.0309998989105225,
    "PLATINUM_future": 1341.0,
    "SILVER_future": 38.525001525878906,
    "Long_Term_Treasury_ETF": 87.66999816894531,
    "CORN_future": 406.5,
    "SOYBEANS_future": 992.25,
    "WHEAT_future": 538.25,
    "SP500_close": 6340.0,
    "NASDAQ_close": 21242.69921875,
    "US_10Y_Treasury_Yield": 4.24399995803833,
    "VIX_close": 16.200000762939453,
    "GOLD_basis_spot_vs_near": 0.2001953125,
    "China_10Y_Treasury_Yield": 1.6891
  }
}