{
  "latest_date": "2025-08-04",
  "latest_values": {
    "Shanghai_Composite_Index": 3583.308837890625,
    "CSI_300_Index": 4070.702392578125,
    "Shenzhen_Component_Index": 11041.5595703125,
    "ALUMINUM_future": 2475.75,
    "BTC_price": 115198.75,
    "OIL_price": 66.25,
    "USD_CNY_exchange_rate": 7.177499771118164,
    "Commodity_Index_ETF": 22.045499801635742,
    "US_Dollar_Index": 98.73200225830078,
    "ETH_price": 3684.419189453125,
    "GOLD_spot_price": 3428.199951171875,
    "LEAN_HOGS_future": 90.94999694824219,
    "COPPER_future": 4.452499866485596,
    "High_Yield_Bond_ETF": 80.19499969482422,
    "LIVE_CATTLE_future": 224.1750030517578,
    "GOLD_near_month_future": 3428.300048828125,
    "NATURAL_GAS_future": 2.9170000553131104,
    "PLATINUM_future": 1343.199951171875,
    "SILVER_future": 37.3650016784668,
    "Long_Term_Treasury_ETF": 88.05500030517578,
    "CORN_future": 407.5,
    "SOYBEANS_future": 995.5,
    "WHEAT_future": 516.75,
    "SP500_close": 6320.72998046875,
    "NASDAQ_close": 21037.275390625,
    "US_10Y_Treasury_Yield": 4.197999954223633,
    "VIX_close": 17.989999771118164,
    "GOLD_basis_spot_vs_near": -0.10009765625,
    "China_10Y_Treasury_Yield": 1.7083
  }
}