{
  "latest_date": "2025-08-15",
  "latest_values": {
    "Shanghai_Composite_Index": 3696.7705078125,
    "CSI_300_Index": 4202.353515625,
    "Shenzhen_Component_Index": 11451.4296875,
    "ALUMINUM_future": 2533.0,
    "BTC_price": 117352.2890625,
    "OIL_price": 63.400001525878906,
    "USD_CNY_exchange_rate": 7.174300193786621,
    "Commodity_Index_ETF": 21.7908992767334,
    "US_Dollar_Index": 97.77300262451172,
    "ETH_price": 4484.16455078125,
    "GOLD_spot_price": 3388.39990234375,
    "LEAN_HOGS_future": 89.3499984741211,
    "COPPER_future": 4.499000072479248,
    "High_Yield_Bond_ETF": 80.41000366210938,
    "LIVE_CATTLE_future": 227.5749969482422,
    "GOLD_near_month_future": 3388.39990234375,
    "NATURAL_GAS_future": 2.9619998931884766,
    "PLATINUM_future": 1347.300048828125,
    "SILVER_future": 37.93000030517578,
    "Long_Term_Treasury_ETF": 86.70500183105469,
    "CORN_future": 402.25,
    "SOYBEANS_future": 1038.0,
    "WHEAT_future": 528.5,
    "SP500_close": 6450.75,
    "NASDAQ_close": 21625.171875,
    "US_10Y_Treasury_Yield": 4.295000076293945,
    "VIX_close": 14.800000190734863,
    "GOLD_basis_spot_vs_near": 0.0,
    "China_10Y_Treasury_Yield": 1.7465
  }
}