{
  "latest_date": "2025-08-27",
  "latest_values": {
    "Shanghai_Composite_Index": 3800.349853515625,
    "CSI_300_Index": 4386.12646484375,
    "Shenzhen_Component_Index": 12473.169921875,
    "ALUMINUM_future": 2564.5,
    "BTC_price": 111753.0546875,
    "OIL_price": 63.810001373291016,
    "USD_CNY_exchange_rate": 7.151000022888184,
    "Commodity_Index_ETF": 22.040000915527344,
    "US_Dollar_Index": 98.5469970703125,
    "ETH_price": 4616.91162109375,
    "GOLD_spot_price": 3433.699951171875,
    "LEAN_HOGS_future": 94.57499694824219,
    "COPPER_future": 4.390500068664551,
    "High_Yield_Bond_ETF": 80.87999725341797,
    "LIVE_CATTLE_future": 240.4250030517578,
    "GOLD_near_month_future": 3433.699951171875,
    "NATURAL_GAS_future": 2.7750000953674316,
    "PLATINUM_future": 1341.4000244140625,
    "SILVER_future": 38.43000030517578,
    "Long_Term_Treasury_ETF": 86.38099670410156,
    "CORN_future": 406.25,
    "SOYBEANS_future": 1048.75,
    "WHEAT_future": 525.25,
    "SP500_close": 6477.14990234375,
    "NASDAQ_close": 21572.21875,
    "US_10Y_Treasury_Yield": 4.2769999504089355,
    "VIX_close": 14.880000114440918,
    "GOLD_basis_spot_vs_near": 0.0,
    "China_10Y_Treasury_Yield": 1.7988
  }
}