{
  "latest_date": "2025-07-29",
  "latest_values": {
    "Shanghai_Composite_Index": 3609.711181640625,
    "CSI_300_Index": 4152.02490234375,
    "Shenzhen_Component_Index": 11289.40625,
    "ALUMINUM_future": 2606.25,
    "BTC_price": 117861.7109375,
    "OIL_price": 69.23999786376953,
    "USD_CNY_exchange_rate": 7.177800178527832,
    "Commodity_Index_ETF": 22.690000534057617,
    "US_Dollar_Index": 98.89800262451172,
    "ETH_price": 3788.536865234375,
    "GOLD_spot_price": 3326.0,
    "LEAN_HOGS_future": 107.0999984741211,
    "COPPER_future": 5.6554999351501465,
    "High_Yield_Bond_ETF": 80.5,
    "LIVE_CATTLE_future": 229.5,
    "GOLD_near_month_future": 3383.10009765625,
    "NATURAL_GAS_future": 3.072999954223633,
    "PLATINUM_future": 1419.199951171875,
    "SILVER_future": 38.375,
    "Long_Term_Treasury_ETF": 87.31999969482422,
    "CORN_future": 410.75,
    "SOYBEANS_future": 1008.25,
    "WHEAT_future": 529.75,
    "SP500_close": 6370.85986328125,
    "NASDAQ_close": 21098.291015625,
    "US_10Y_Treasury_Yield": 4.329999923706055,
    "VIX_close": 15.979999542236328,
    "GOLD_basis_spot_vs_near": -57.10009765625,
    "China_10Y_Treasury_Yield": 1.7466
  }
}