{
  "latest_date": "2025-09-14",
  "latest_values": {
    "Shanghai_Composite_Index": 3870.597900390625,
    "CSI_300_Index": 4522.0,
    "Shenzhen_Component_Index": 12924.1298828125,
    "ALUMINUM_future": 2617.25,
    "BTC_price": 115414.109375,
    "OIL_price": 62.689998626708984,
    "USD_CNY_exchange_rate": 7.123700141906738,
    "Commodity_Index_ETF": 22.350000381469727,
    "US_Dollar_Index": 97.61499786376953,
    "ETH_price": 4623.9140625,
    "GOLD_spot_price": 3686.39990234375,
    "LEAN_HOGS_future": 97.125,
    "COPPER_future": 4.6519999504089355,
    "High_Yield_Bond_ETF": 80.95999908447266,
    "LIVE_CATTLE_future": 229.97500610351562,
    "GOLD_near_month_future": 3686.39990234375,
    "NATURAL_GAS_future": 2.940999984741211,
    "PLATINUM_future": 1411.699951171875,
    "SILVER_future": 42.83000183105469,
    "Long_Term_Treasury_ETF": 89.94999694824219,
    "CORN_future": 430.0,
    "SOYBEANS_future": 1046.25,
    "WHEAT_future": 523.5,
    "SP500_close": 6584.2900390625,
    "NASDAQ_close": 22141.099609375,
    "US_10Y_Treasury_Yield": 4.060999870300293,
    "VIX_close": 14.760000228881836,
    "GOLD_basis_spot_vs_near": 0.0,
    "China_10Y_Treasury_Yield": 1.867
  }
}