{
  "latest_date": "2025-07-04",
  "latest_values": {
    "Shanghai_Composite_Index": 3472.319091796875,
    "CSI_300_Index": 3982.203369140625,
    "Shenzhen_Component_Index": 10534.580078125,
    "ALUMINUM_future": 2545.5,
    "BTC_price": 107696.8984375,
    "OIL_price": 66.33000183105469,
    "USD_CNY_exchange_rate": 7.164000034332275,
    "Commodity_Index_ETF": 22.280000686645508,
    "US_Dollar_Index": 96.96700286865234,
    "ETH_price": 2494.22998046875,
    "GOLD_spot_price": 3342.5,
    "LEAN_HOGS_future": 106.0999984741211,
    "COPPER_future": 5.057000160217285,
    "High_Yield_Bond_ETF": 80.37000274658203,
    "LIVE_CATTLE_future": 214.0500030517578,
    "GOLD_near_month_future": 3398.199951171875,
    "NATURAL_GAS_future": 3.3910000324249268,
    "PLATINUM_future": 1402.699951171875,
    "SILVER_future": 36.775001525878906,
    "Long_Term_Treasury_ETF": 86.97000122070312,
    "CORN_future": 437.25,
    "SOYBEANS_future": 1048.25,
    "WHEAT_future": 556.75,
    "SP500_close": 6279.35009765625,
    "NASDAQ_close": 20601.099609375,
    "US_10Y_Treasury_Yield": 4.3480000495910645,
    "VIX_close": 17.479999542236328,
    "GOLD_basis_spot_vs_near": -55.699951171875,
    "China_10Y_Treasury_Yield": 1.6433
  }
}