{
  "latest_date": "2025-08-20",
  "latest_values": {
    "Shanghai_Composite_Index": 3727.2880859375,
    "CSI_300_Index": 4223.3701171875,
    "Shenzhen_Component_Index": 11821.6298828125,
    "ALUMINUM_future": 2478.75,
    "BTC_price": 113857.8203125,
    "OIL_price": 62.63999938964844,
    "USD_CNY_exchange_rate": 7.184599876403809,
    "Commodity_Index_ETF": 21.6200008392334,
    "US_Dollar_Index": 98.3239974975586,
    "ETH_price": 4228.69384765625,
    "GOLD_spot_price": 3367.39990234375,
    "LEAN_HOGS_future": 90.0999984741211,
    "COPPER_future": 4.420499801635742,
    "High_Yield_Bond_ETF": 80.37999725341797,
    "LIVE_CATTLE_future": 231.3000030517578,
    "GOLD_near_month_future": 3367.5,
    "NATURAL_GAS_future": 2.750999927520752,
    "PLATINUM_future": 1315.800048828125,
    "SILVER_future": 37.0099983215332,
    "Long_Term_Treasury_ETF": 86.6500015258789,
    "CORN_future": 403.5,
    "SOYBEANS_future": 1035.0,
    "WHEAT_future": 523.75,
    "SP500_close": 6411.3701171875,
    "NASDAQ_close": 21314.94921875,
    "US_10Y_Treasury_Yield": 4.302000045776367,
    "VIX_close": 15.989999771118164,
    "GOLD_basis_spot_vs_near": -0.10009765625,
    "China_10Y_Treasury_Yield": 1.7725
  }
}