{
  "latest_date": "2025-07-30",
  "latest_values": {
    "Shanghai_Composite_Index": 3609.7109375,
    "CSI_300_Index": 4152.02001953125,
    "Shenzhen_Component_Index": 11289.41015625,
    "ALUMINUM_future": 2566.5,
    "BTC_price": 117632.4609375,
    "OIL_price": 69.37999725341797,
    "USD_CNY_exchange_rate": 7.177800178527832,
    "Commodity_Index_ETF": 22.690000534057617,
    "US_Dollar_Index": 99.43299865722656,
    "ETH_price": 3772.220458984375,
    "GOLD_spot_price": 3367.10009765625,
    "LEAN_HOGS_future": 107.0999984741211,
    "COPPER_future": 5.610499858856201,
    "High_Yield_Bond_ETF": 80.5,
    "LIVE_CATTLE_future": 229.5,
    "GOLD_near_month_future": 3367.199951171875,
    "NATURAL_GAS_future": 3.052000045776367,
    "PLATINUM_future": 1415.699951171875,
    "SILVER_future": 37.619998931884766,
    "Long_Term_Treasury_ETF": 87.31999969482422,
    "CORN_future": 411.0,
    "SOYBEANS_future": 1006.0,
    "WHEAT_future": 526.0,
    "SP500_close": 6370.85986328125,
    "NASDAQ_close": 21098.2890625,
    "US_10Y_Treasury_Yield": 4.359999656677246,
    "VIX_close": 15.859999656677246,
    "GOLD_basis_spot_vs_near": -0.099853515625,
    "China_10Y_Treasury_Yield": 1.718
  }
}