{
  "latest_date": "2025-10-02",
  "latest_values": {
    "Shanghai_Composite_Index": 3882.777099609375,
    "CSI_300_Index": 4640.68994140625,
    "Shenzhen_Component_Index": 13526.509765625,
    "ALUMINUM_future": 2597.5,
    "BTC_price": 120406.0390625,
    "OIL_price": 60.7400016784668,
    "USD_CNY_exchange_rate": 7.11899995803833,
    "Commodity_Index_ETF": 22.34000015258789,
    "US_Dollar_Index": 97.8550033569336,
    "ETH_price": 4475.6025390625,
    "GOLD_spot_price": 3880.699951171875,
    "LEAN_HOGS_future": 86.7750015258789,
    "COPPER_future": 4.958499908447266,
    "High_Yield_Bond_ETF": 80.93000030517578,
    "LIVE_CATTLE_future": 236.125,
    "GOLD_near_month_future": 3880.89990234375,
    "NATURAL_GAS_future": 3.4100000858306885,
    "PLATINUM_future": 1596.0999755859375,
    "SILVER_future": 46.80500030517578,
    "Long_Term_Treasury_ETF": 89.55000305175781,
    "CORN_future": 421.25,
    "SOYBEANS_future": 1022.25,
    "WHEAT_future": 514.25,
    "SP500_close": 6715.35009765625,
    "NASDAQ_close": 22844.05078125,
    "US_10Y_Treasury_Yield": 4.088000297546387,
    "VIX_close": 16.6299991607666,
    "GOLD_basis_spot_vs_near": -0.199951171875,
    "China_10Y_Treasury_Yield": 1.8605
  }
}