{
  "latest_date": "2025-06-30",
  "latest_values": {
    "Shanghai_Composite_Index": 3424.22705078125,
    "CSI_300_Index": 3921.760009765625,
    "Shenzhen_Component_Index": 10378.5498046875,
    "ALUMINUM_future": 2561.25,
    "BTC_price": 107538.390625,
    "OIL_price": 65.51000213623047,
    "USD_CNY_exchange_rate": 7.167500019073486,
    "Commodity_Index_ETF": 21.799999237060547,
    "US_Dollar_Index": 97.16500091552734,
    "ETH_price": 2470.287109375,
    "GOLD_spot_price": 3301.5,
    "LEAN_HOGS_future": 113.0999984741211,
    "COPPER_future": 5.096499919891357,
    "High_Yield_Bond_ETF": 80.33999633789062,
    "LIVE_CATTLE_future": 213.60000610351562,
    "GOLD_near_month_future": 3301.60009765625,
    "NATURAL_GAS_future": 3.634000062942505,
    "PLATINUM_future": 1376.0999755859375,
    "SILVER_future": 36.35499954223633,
    "Long_Term_Treasury_ETF": 87.38999938964844,
    "CORN_future": 425.75,
    "SOYBEANS_future": 1028.5,
    "WHEAT_future": 540.75,
    "SP500_close": 6173.06982421875,
    "NASDAQ_close": 20273.4609375,
    "US_10Y_Treasury_Yield": 4.2829999923706055,
    "VIX_close": 17.09000015258789,
    "GOLD_basis_spot_vs_near": -0.10009765625,
    "China_10Y_Treasury_Yield": 1.6462
  }
}