{
  "latest_date": "2025-08-29",
  "latest_values": {
    "Shanghai_Composite_Index": 3843.596923828125,
    "CSI_300_Index": 4463.77978515625,
    "Shenzhen_Component_Index": 12571.3701171875,
    "ALUMINUM_future": 2532.0,
    "BTC_price": 109106.0390625,
    "OIL_price": 64.33999633789062,
    "USD_CNY_exchange_rate": 7.1529998779296875,
    "Commodity_Index_ETF": 22.19499969482422,
    "US_Dollar_Index": 97.98100280761719,
    "ETH_price": 4320.32421875,
    "GOLD_spot_price": 3487.39990234375,
    "LEAN_HOGS_future": 94.4000015258789,
    "COPPER_future": 4.565000057220459,
    "High_Yield_Bond_ETF": 80.91500091552734,
    "LIVE_CATTLE_future": 237.1999969482422,
    "GOLD_near_month_future": 3487.5,
    "NATURAL_GAS_future": 2.940000057220459,
    "PLATINUM_future": 1352.4000244140625,
    "SILVER_future": 39.689998626708984,
    "Long_Term_Treasury_ETF": 86.7916030883789,
    "CORN_future": 412.75,
    "SOYBEANS_future": 1046.0,
    "WHEAT_future": 529.75,
    "SP500_close": 6453.89990234375,
    "NASDAQ_close": 21456.515625,
    "US_10Y_Treasury_Yield": 4.236000061035156,
    "VIX_close": 14.979999542236328,
    "GOLD_basis_spot_vs_near": -0.10009765625,
    "China_10Y_Treasury_Yield": 1.8379
  }
}