{
  "latest_date": "2025-09-30",
  "latest_values": {
    "Shanghai_Composite_Index": 3862.531982421875,
    "CSI_300_Index": 4620.0498046875,
    "Shenzhen_Component_Index": 13479.4296875,
    "ALUMINUM_future": 2612.75,
    "BTC_price": 113672.296875,
    "OIL_price": 62.70000076293945,
    "USD_CNY_exchange_rate": 7.133800029754639,
    "Commodity_Index_ETF": 22.6200008392334,
    "US_Dollar_Index": 97.72799682617188,
    "ETH_price": 4178.8671875,
    "GOLD_spot_price": 3860.800048828125,
    "LEAN_HOGS_future": 90.32499694824219,
    "COPPER_future": 4.879499912261963,
    "High_Yield_Bond_ETF": 81.22000122070312,
    "LIVE_CATTLE_future": 231.3000030517578,
    "GOLD_near_month_future": 3860.800048828125,
    "NATURAL_GAS_future": 3.250999927520752,
    "PLATINUM_future": 1620.5999755859375,
    "SILVER_future": 46.779998779296875,
    "Long_Term_Treasury_ETF": 89.62999725341797,
    "CORN_future": 420.0,
    "SOYBEANS_future": 1007.0,
    "WHEAT_future": 517.5,
    "SP500_close": 6661.2099609375,
    "NASDAQ_close": 22591.150390625,
    "US_10Y_Treasury_Yield": 4.140999794006348,
    "VIX_close": 16.6299991607666,
    "GOLD_basis_spot_vs_near": 0.0,
    "China_10Y_Treasury_Yield": 1.887
  }
}