{
  "latest_date": "2025-07-07",
  "latest_values": {
    "Shanghai_Composite_Index": 3472.319091796875,
    "CSI_300_Index": 3982.199951171875,
    "Shenzhen_Component_Index": 10508.759765625,
    "ALUMINUM_future": 2519.5,
    "BTC_price": 108455.078125,
    "OIL_price": 67.3499984741211,
    "USD_CNY_exchange_rate": 7.164899826049805,
    "Commodity_Index_ETF": 22.110000610351562,
    "US_Dollar_Index": 97.33999633789062,
    "ETH_price": 2560.66064453125,
    "GOLD_spot_price": 3324.39990234375,
    "LEAN_HOGS_future": 107.42500305175781,
    "COPPER_future": 5.003499984741211,
    "High_Yield_Bond_ETF": 80.31500244140625,
    "LIVE_CATTLE_future": 215.0749969482422,
    "GOLD_near_month_future": 3324.39990234375,
    "NATURAL_GAS_future": 3.385999917984009,
    "PLATINUM_future": 1371.4000244140625,
    "SILVER_future": 36.72999954223633,
    "Long_Term_Treasury_ETF": 86.44999694824219,
    "CORN_future": 424.25,
    "SOYBEANS_future": 1023.5,
    "WHEAT_future": 543.0,
    "SP500_close": 6254.669921875,
    "NASDAQ_close": 20482.810546875,
    "US_10Y_Treasury_Yield": 4.369999885559082,
    "VIX_close": 17.559999465942383,
    "GOLD_basis_spot_vs_near": 0.0,
    "China_10Y_Treasury_Yield": 1.6406
  }
}