{
  "latest_date": "2025-06-29",
  "latest_values": {
    "Shanghai_Composite_Index": 3424.22705078125,
    "CSI_300_Index": 3921.760009765625,
    "Shenzhen_Component_Index": 10378.5498046875,
    "ALUMINUM_future": 2559.25,
    "BTC_price": 108199.7734375,
    "OIL_price": 65.06999969482422,
    "USD_CNY_exchange_rate": 7.171599864959717,
    "Commodity_Index_ETF": 21.799999237060547,
    "US_Dollar_Index": 97.25399780273438,
    "ETH_price": 2453.422119140625,
    "GOLD_spot_price": 3286.10009765625,
    "LEAN_HOGS_future": 113.0999984741211,
    "COPPER_future": 5.122000217437744,
    "High_Yield_Bond_ETF": 80.33999633789062,
    "LIVE_CATTLE_future": 213.60000610351562,
    "GOLD_near_month_future": 3285.699951171875,
    "NATURAL_GAS_future": 3.744999885559082,
    "PLATINUM_future": 1351.9000244140625,
    "SILVER_future": 36.165000915527344,
    "Long_Term_Treasury_ETF": 87.38999938964844,
    "CORN_future": 426.5,
    "SOYBEANS_future": 1025.25,
    "WHEAT_future": 541.25,
    "SP500_close": 6173.06982421875,
    "NASDAQ_close": 20273.4609375,
    "US_10Y_Treasury_Yield": 4.2829999923706055,
    "VIX_close": 16.31999969482422,
    "GOLD_basis_spot_vs_near": 0.400146484375,
    "China_10Y_Treasury_Yield": 1.6462
  }
}