{
  "latest_date": "2025-07-28",
  "latest_values": {
    "Shanghai_Composite_Index": 3593.655029296875,
    "CSI_300_Index": 4127.16015625,
    "Shenzhen_Component_Index": 11168.1396484375,
    "ALUMINUM_future": 2597.0,
    "BTC_price": 118577.3671875,
    "OIL_price": 66.77999877929688,
    "USD_CNY_exchange_rate": 7.153500080108643,
    "Commodity_Index_ETF": 22.334999084472656,
    "US_Dollar_Index": 98.33899688720703,
    "ETH_price": 3844.46923828125,
    "GOLD_spot_price": 3302.5,
    "LEAN_HOGS_future": 108.2750015258789,
    "COPPER_future": 5.738999843597412,
    "High_Yield_Bond_ETF": 80.4751968383789,
    "LIVE_CATTLE_future": 227.6999969482422,
    "GOLD_near_month_future": 3359.199951171875,
    "NATURAL_GAS_future": 3.0799999237060547,
    "PLATINUM_future": 1421.5,
    "SILVER_future": 38.099998474121094,
    "Long_Term_Treasury_ETF": 86.01499938964844,
    "CORN_future": 414.75,
    "SOYBEANS_future": 1012.0,
    "WHEAT_future": 534.25,
    "SP500_close": 6399.06982421875,
    "NASDAQ_close": 21196.115234375,
    "US_10Y_Treasury_Yield": 4.414000034332275,
    "VIX_close": 15.449999809265137,
    "GOLD_basis_spot_vs_near": -56.699951171875,
    "China_10Y_Treasury_Yield": 1.7146
  }
}