{
  "latest_date": "2025-07-25",
  "latest_values": {
    "Shanghai_Composite_Index": 3593.6552734375,
    "CSI_300_Index": 4127.16357421875,
    "Shenzhen_Component_Index": 11168.1416015625,
    "ALUMINUM_future": 2594.5,
    "BTC_price": 116244.3515625,
    "OIL_price": 65.33000183105469,
    "USD_CNY_exchange_rate": 7.167399883270264,
    "Commodity_Index_ETF": 22.2455997467041,
    "US_Dollar_Index": 97.76499938964844,
    "ETH_price": 3639.87939453125,
    "GOLD_spot_price": 3329.10009765625,
    "LEAN_HOGS_future": 108.1500015258789,
    "COPPER_future": 5.776500225067139,
    "High_Yield_Bond_ETF": 80.54499816894531,
    "LIVE_CATTLE_future": 226.5,
    "GOLD_near_month_future": 3385.60009765625,
    "NATURAL_GAS_future": 3.0999999046325684,
    "PLATINUM_future": 1421.9000244140625,
    "SILVER_future": 38.310001373291016,
    "Long_Term_Treasury_ETF": 86.34500122070312,
    "CORN_future": 417.75,
    "SOYBEANS_future": 1019.25,
    "WHEAT_future": 535.25,
    "SP500_close": 6389.169921875,
    "NASDAQ_close": 21139.564453125,
    "US_10Y_Treasury_Yield": 4.386000156402588,
    "VIX_close": 15.029999732971191,
    "GOLD_basis_spot_vs_near": -56.5,
    "China_10Y_Treasury_Yield": 1.7324
  }
}