{
  "latest_date": "2025-08-28",
  "latest_values": {
    "Shanghai_Composite_Index": 3800.35009765625,
    "CSI_300_Index": 4386.1298828125,
    "Shenzhen_Component_Index": 12295.0703125,
    "ALUMINUM_future": 2565.5,
    "BTC_price": 113088.1484375,
    "OIL_price": 63.61000061035156,
    "USD_CNY_exchange_rate": 7.1519999504089355,
    "Commodity_Index_ETF": 22.040000915527344,
    "US_Dollar_Index": 98.14399719238281,
    "ETH_price": 4583.16064453125,
    "GOLD_spot_price": 3445.0,
    "LEAN_HOGS_future": 93.875,
    "COPPER_future": 4.4145002365112305,
    "High_Yield_Bond_ETF": 80.97000122070312,
    "LIVE_CATTLE_future": 239.5749969482422,
    "GOLD_near_month_future": 3444.89990234375,
    "NATURAL_GAS_future": 2.8540000915527344,
    "PLATINUM_future": 1347.9000244140625,
    "SILVER_future": 38.8650016784668,
    "Long_Term_Treasury_ETF": 86.6500015258789,
    "CORN_future": 406.5,
    "SOYBEANS_future": 1046.25,
    "WHEAT_future": 525.5,
    "SP500_close": 6481.39990234375,
    "NASDAQ_close": 21590.140625,
    "US_10Y_Treasury_Yield": 4.23799991607666,
    "VIX_close": 14.850000381469727,
    "GOLD_basis_spot_vs_near": 0.10009765625,
    "China_10Y_Treasury_Yield": 1.7988
  }
}