{
  "latest_date": "2025-09-24",
  "latest_values": {
    "Shanghai_Composite_Index": 3821.8330078125,
    "CSI_300_Index": 4519.77978515625,
    "Shenzhen_Component_Index": 13119.8203125,
    "ALUMINUM_future": 2564.25,
    "BTC_price": 112158.609375,
    "OIL_price": 63.560001373291016,
    "USD_CNY_exchange_rate": 7.113999843597412,
    "Commodity_Index_ETF": 22.489999771118164,
    "US_Dollar_Index": 97.35199737548828,
    "ETH_price": 4169.98681640625,
    "GOLD_spot_price": 3790.10009765625,
    "LEAN_HOGS_future": 100.44999694824219,
    "COPPER_future": 4.639999866485596,
    "High_Yield_Bond_ETF": 81.26000213623047,
    "LIVE_CATTLE_future": 235.6750030517578,
    "GOLD_near_month_future": 3790.0,
    "NATURAL_GAS_future": 3.1429998874664307,
    "PLATINUM_future": 1493.699951171875,
    "SILVER_future": 44.19499969482422,
    "Long_Term_Treasury_ETF": 89.31999969482422,
    "CORN_future": 426.75,
    "SOYBEANS_future": 1010.25,
    "WHEAT_future": 522.75,
    "SP500_close": 6656.919921875,
    "NASDAQ_close": 22573.470703125,
    "US_10Y_Treasury_Yield": 4.119999885559082,
    "VIX_close": 16.639999389648438,
    "GOLD_basis_spot_vs_near": 0.10009765625,
    "China_10Y_Treasury_Yield": 1.877
  }
}