{
  "latest_date": "2025-09-12",
  "latest_values": {
    "Shanghai_Composite_Index": 3875.30908203125,
    "CSI_300_Index": 4548.0400390625,
    "Shenzhen_Component_Index": 12979.8896484375,
    "ALUMINUM_future": 2611.75,
    "BTC_price": 115493.765625,
    "OIL_price": 61.86000061035156,
    "USD_CNY_exchange_rate": 7.120699882507324,
    "Commodity_Index_ETF": 22.219999313354492,
    "US_Dollar_Index": 97.6520004272461,
    "ETH_price": 4520.1884765625,
    "GOLD_spot_price": 3692.800048828125,
    "LEAN_HOGS_future": 98.17500305175781,
    "COPPER_future": 4.676499843597412,
    "High_Yield_Bond_ETF": 81.04000091552734,
    "LIVE_CATTLE_future": 232.39999389648438,
    "GOLD_near_month_future": 3692.800048828125,
    "NATURAL_GAS_future": 2.9189999103546143,
    "PLATINUM_future": 1401.0,
    "SILVER_future": 42.630001068115234,
    "Long_Term_Treasury_ETF": 90.33999633789062,
    "CORN_future": 419.75,
    "SOYBEANS_future": 1034.75,
    "WHEAT_future": 520.5,
    "SP500_close": 6587.47021484375,
    "NASDAQ_close": 22043.0703125,
    "US_10Y_Treasury_Yield": 4.011000156402588,
    "VIX_close": 14.710000038146973,
    "GOLD_basis_spot_vs_near": 0.0,
    "China_10Y_Treasury_Yield": 1.8743
  }
}