{
  "latest_date": "2025-07-15",
  "latest_values": {
    "Shanghai_Composite_Index": 3504.998779296875,
    "CSI_300_Index": 4019.064453125,
    "Shenzhen_Component_Index": 10744.5615234375,
    "ALUMINUM_future": 2495.75,
    "BTC_price": 117345.0,
    "OIL_price": 66.75,
    "USD_CNY_exchange_rate": 7.172399997711182,
    "Commodity_Index_ETF": 22.280000686645508,
    "US_Dollar_Index": 98.63800048828125,
    "ETH_price": 3073.0576171875,
    "GOLD_spot_price": 3330.5,
    "LEAN_HOGS_future": 103.9749984741211,
    "COPPER_future": 5.516499996185303,
    "High_Yield_Bond_ETF": 79.8499984741211,
    "LIVE_CATTLE_future": 222.625,
    "GOLD_near_month_future": 3387.699951171875,
    "NATURAL_GAS_future": 3.50600004196167,
    "PLATINUM_future": 1412.4000244140625,
    "SILVER_future": 37.98500061035156,
    "Long_Term_Treasury_ETF": 85.01000213623047,
    "CORN_future": 419.25,
    "SOYBEANS_future": 1002.5,
    "WHEAT_future": 538.5,
    "SP500_close": 6243.759765625,
    "NASDAQ_close": 20677.798828125,
    "US_10Y_Treasury_Yield": 4.488999843597412,
    "VIX_close": 17.3799991607666,
    "GOLD_basis_spot_vs_near": -57.199951171875,
    "China_10Y_Treasury_Yield": 1.6557
  }
}