{
  "latest_date": "2025-08-21",
  "latest_values": {
    "Shanghai_Composite_Index": 3771.098876953125,
    "CSI_300_Index": 4288.07080078125,
    "Shenzhen_Component_Index": 11919.7626953125,
    "ALUMINUM_future": 2504.75,
    "BTC_price": 112088.0078125,
    "OIL_price": 63.47999954223633,
    "USD_CNY_exchange_rate": 7.179599761962891,
    "Commodity_Index_ETF": 21.989999771118164,
    "US_Dollar_Index": 98.6520004272461,
    "ETH_price": 4214.4677734375,
    "GOLD_spot_price": 3382.89990234375,
    "LEAN_HOGS_future": 89.9000015258789,
    "COPPER_future": 4.450500011444092,
    "High_Yield_Bond_ETF": 80.19999694824219,
    "LIVE_CATTLE_future": 234.77499389648438,
    "GOLD_near_month_future": 3383.0,
    "NATURAL_GAS_future": 2.808000087738037,
    "PLATINUM_future": 1357.4000244140625,
    "SILVER_future": 38.099998474121094,
    "Long_Term_Treasury_ETF": 86.41000366210938,
    "CORN_future": 412.75,
    "SOYBEANS_future": 1055.0,
    "WHEAT_future": 530.0,
    "SP500_close": 6370.169921875,
    "NASDAQ_close": 21100.3125,
    "US_10Y_Treasury_Yield": 4.329999923706055,
    "VIX_close": 16.600000381469727,
    "GOLD_basis_spot_vs_near": -0.10009765625,
    "China_10Y_Treasury_Yield": 1.7667
  }
}