{
  "latest_date": "2025-07-14",
  "latest_values": {
    "Shanghai_Composite_Index": 3519.64990234375,
    "CSI_300_Index": 4017.667724609375,
    "Shenzhen_Component_Index": 10684.5166015625,
    "ALUMINUM_future": 2506.5,
    "BTC_price": 119809.484375,
    "OIL_price": 66.95999908447266,
    "USD_CNY_exchange_rate": 7.166999816894531,
    "Commodity_Index_ETF": 22.341999053955078,
    "US_Dollar_Index": 98.11799621582031,
    "ETH_price": 3004.8291015625,
    "GOLD_spot_price": 3359.39990234375,
    "LEAN_HOGS_future": 103.32499694824219,
    "COPPER_future": 5.545000076293945,
    "High_Yield_Bond_ETF": 80.07499694824219,
    "LIVE_CATTLE_future": 219.27499389648438,
    "GOLD_near_month_future": 3415.0,
    "NATURAL_GAS_future": 3.4839999675750732,
    "PLATINUM_future": 1416.0999755859375,
    "SILVER_future": 38.65999984741211,
    "Long_Term_Treasury_ETF": 85.62999725341797,
    "CORN_future": 416.75,
    "SOYBEANS_future": 1007.5,
    "WHEAT_future": 541.25,
    "SP500_close": 6269.93994140625,
    "NASDAQ_close": 20653.212890625,
    "US_10Y_Treasury_Yield": 4.425000190734863,
    "VIX_close": 16.969999313354492,
    "GOLD_basis_spot_vs_near": -55.60009765625,
    "China_10Y_Treasury_Yield": 1.6726
  }
}