{
  "latest_date": "2025-08-01",
  "latest_values": {
    "Shanghai_Composite_Index": 3559.951904296875,
    "CSI_300_Index": 4054.9287109375,
    "Shenzhen_Component_Index": 11009.76953125,
    "ALUMINUM_future": 2496.5,
    "BTC_price": 115267.9921875,
    "OIL_price": 67.33999633789062,
    "USD_CNY_exchange_rate": 7.176400184631348,
    "Commodity_Index_ETF": 22.1299991607666,
    "US_Dollar_Index": 98.93900299072266,
    "ETH_price": 3614.7841796875,
    "GOLD_spot_price": 3397.5,
    "LEAN_HOGS_future": 106.6500015258789,
    "COPPER_future": 4.408999919891357,
    "High_Yield_Bond_ETF": 79.94999694824219,
    "LIVE_CATTLE_future": 223.02499389648438,
    "GOLD_near_month_future": 3397.5,
    "NATURAL_GAS_future": 3.0999999046325684,
    "PLATINUM_future": 1312.199951171875,
    "SILVER_future": 36.935001373291016,
    "Long_Term_Treasury_ETF": 87.54499816894531,
    "CORN_future": 414.0,
    "SOYBEANS_future": 993.5,
    "WHEAT_future": 538.75,
    "SP500_close": 6244.31005859375,
    "NASDAQ_close": 20703.154296875,
    "US_10Y_Treasury_Yield": 4.250999927520752,
    "VIX_close": 20.389999389648438,
    "GOLD_basis_spot_vs_near": 0.0,
    "China_10Y_Treasury_Yield": 1.7059
  }
}