{
  "latest_date": "2025-09-15",
  "latest_values": {
    "Shanghai_Composite_Index": 3870.597900390625,
    "CSI_300_Index": 4522.0,
    "Shenzhen_Component_Index": 12924.1298828125,
    "ALUMINUM_future": 2634.25,
    "BTC_price": 115541.625,
    "OIL_price": 63.0099983215332,
    "USD_CNY_exchange_rate": 7.1184000968933105,
    "Commodity_Index_ETF": 22.350000381469727,
    "US_Dollar_Index": 97.63300323486328,
    "ETH_price": 4636.70947265625,
    "GOLD_spot_price": 3677.699951171875,
    "LEAN_HOGS_future": 97.07499694824219,
    "COPPER_future": 4.666500091552734,
    "High_Yield_Bond_ETF": 80.95999908447266,
    "LIVE_CATTLE_future": 229.89999389648438,
    "GOLD_near_month_future": 3677.60009765625,
    "NATURAL_GAS_future": 2.9760000705718994,
    "PLATINUM_future": 1411.5999755859375,
    "SILVER_future": 42.665000915527344,
    "Long_Term_Treasury_ETF": 89.94999694824219,
    "CORN_future": 430.0,
    "SOYBEANS_future": 1046.25,
    "WHEAT_future": 523.5,
    "SP500_close": 6584.2900390625,
    "NASDAQ_close": 22141.099609375,
    "US_10Y_Treasury_Yield": 4.060999870300293,
    "VIX_close": 14.760000228881836,
    "GOLD_basis_spot_vs_near": 0.099853515625,
    "China_10Y_Treasury_Yield": 1.867
  }
}