{
  "latest_date": "2025-07-26",
  "latest_values": {
    "Shanghai_Composite_Index": 3593.655029296875,
    "CSI_300_Index": 4127.16015625,
    "Shenzhen_Component_Index": 11168.1396484375,
    "ALUMINUM_future": 2546.5,
    "BTC_price": 117376.3203125,
    "OIL_price": 65.16000366210938,
    "USD_CNY_exchange_rate": 7.167399883270264,
    "Commodity_Index_ETF": 22.170000076293945,
    "US_Dollar_Index": 97.6500015258789,
    "ETH_price": 3745.162109375,
    "GOLD_spot_price": 3334.0,
    "LEAN_HOGS_future": 108.69999694824219,
    "COPPER_future": 5.763500213623047,
    "High_Yield_Bond_ETF": 80.48999786376953,
    "LIVE_CATTLE_future": 226.47500610351562,
    "GOLD_near_month_future": 3335.60009765625,
    "NATURAL_GAS_future": 3.109999895095825,
    "PLATINUM_future": 1407.4000244140625,
    "SILVER_future": 38.16699981689453,
    "Long_Term_Treasury_ETF": 86.43000030517578,
    "CORN_future": 399.5,
    "SOYBEANS_future": 998.75,
    "WHEAT_future": 538.25,
    "SP500_close": 6388.64013671875,
    "NASDAQ_close": 21108.3203125,
    "US_10Y_Treasury_Yield": 4.386000156402588,
    "VIX_close": 14.930000305175781,
    "GOLD_basis_spot_vs_near": -1.60009765625,
    "China_10Y_Treasury_Yield": 1.7324
  }
}