{
  "latest_date": "2025-09-16",
  "latest_values": {
    "Shanghai_Composite_Index": 3861.864990234375,
    "CSI_300_Index": 4523.3369140625,
    "Shenzhen_Component_Index": 13005.76953125,
    "ALUMINUM_future": 2591.0,
    "BTC_price": 115789.21875,
    "OIL_price": 64.52999877929688,
    "USD_CNY_exchange_rate": 7.124199867248535,
    "Commodity_Index_ETF": 22.7549991607666,
    "US_Dollar_Index": 96.70099639892578,
    "ETH_price": 4453.5595703125,
    "GOLD_spot_price": 3723.5,
    "LEAN_HOGS_future": 97.5250015258789,
    "COPPER_future": 4.703000068664551,
    "High_Yield_Bond_ETF": 81.1449966430664,
    "LIVE_CATTLE_future": 233.375,
    "GOLD_near_month_future": 3723.5,
    "NATURAL_GAS_future": 3.1059999465942383,
    "PLATINUM_future": 1400.0999755859375,
    "SILVER_future": 42.82500076293945,
    "Long_Term_Treasury_ETF": 90.3499984741211,
    "CORN_future": 429.25,
    "SOYBEANS_future": 1049.5,
    "WHEAT_future": 532.75,
    "SP500_close": 6606.97021484375,
    "NASDAQ_close": 22333.828125,
    "US_10Y_Treasury_Yield": 4.029999732971191,
    "VIX_close": 16.18000030517578,
    "GOLD_basis_spot_vs_near": 0.0,
    "China_10Y_Treasury_Yield": 1.8527
  }
}