{
  "latest_date": "2025-07-24",
  "latest_values": {
    "Shanghai_Composite_Index": 3582.298095703125,
    "CSI_300_Index": 4119.77001953125,
    "Shenzhen_Component_Index": 11059.0400390625,
    "ALUMINUM_future": 2611.5,
    "BTC_price": 118494.2890625,
    "OIL_price": 65.73999786376953,
    "USD_CNY_exchange_rate": 7.174300193786621,
    "Commodity_Index_ETF": 22.3799991607666,
    "US_Dollar_Index": 97.28399658203125,
    "ETH_price": 3591.277587890625,
    "GOLD_spot_price": 3372.39990234375,
    "LEAN_HOGS_future": 108.375,
    "COPPER_future": 5.9120001792907715,
    "High_Yield_Bond_ETF": 80.54000091552734,
    "LIVE_CATTLE_future": 227.35000610351562,
    "GOLD_near_month_future": 3429.10009765625,
    "NATURAL_GAS_future": 3.0969998836517334,
    "PLATINUM_future": 1449.0,
    "SILVER_future": 39.28499984741211,
    "Long_Term_Treasury_ETF": 86.04000091552734,
    "CORN_future": 419.75,
    "SOYBEANS_future": 1026.75,
    "WHEAT_future": 544.0,
    "SP500_close": 6358.91015625,
    "NASDAQ_close": 21020.01953125,
    "US_10Y_Treasury_Yield": 4.388000011444092,
    "VIX_close": 15.4399995803833,
    "GOLD_basis_spot_vs_near": -56.7001953125,
    "China_10Y_Treasury_Yield": 1.7041
  }
}