{
  "latest_date": "2025-09-08",
  "latest_values": {
    "Shanghai_Composite_Index": 3812.513916015625,
    "CSI_300_Index": 4460.330078125,
    "Shenzhen_Component_Index": 12590.5595703125,
    "ALUMINUM_future": 2553.5,
    "BTC_price": 112317.9375,
    "OIL_price": 63.0,
    "USD_CNY_exchange_rate": 7.14139986038208,
    "Commodity_Index_ETF": 22.030000686645508,
    "US_Dollar_Index": 97.58000183105469,
    "ETH_price": 4351.447265625,
    "GOLD_spot_price": 3665.10009765625,
    "LEAN_HOGS_future": 96.125,
    "COPPER_future": 4.553500175476074,
    "High_Yield_Bond_ETF": 80.87000274658203,
    "LIVE_CATTLE_future": 235.97500610351562,
    "GOLD_near_month_future": 3665.300048828125,
    "NATURAL_GAS_future": 3.1689999103546143,
    "PLATINUM_future": 1397.800048828125,
    "SILVER_future": 41.900001525878906,
    "Long_Term_Treasury_ETF": 88.55999755859375,
    "CORN_future": 416.25,
    "SOYBEANS_future": 1028.25,
    "WHEAT_future": 521.5,
    "SP500_close": 6481.5,
    "NASDAQ_close": 21700.390625,
    "US_10Y_Treasury_Yield": 4.070000171661377,
    "VIX_close": 15.449999809265137,
    "GOLD_basis_spot_vs_near": -0.199951171875,
    "China_10Y_Treasury_Yield": 1.8514
  }
}