{
  "latest_date": "2025-07-10",
  "latest_values": {
    "Shanghai_Composite_Index": 3493.050048828125,
    "CSI_300_Index": 3991.39990234375,
    "Shenzhen_Component_Index": 10581.7998046875,
    "ALUMINUM_future": 2543.25,
    "BTC_price": 111157.2421875,
    "OIL_price": 68.33999633789062,
    "USD_CNY_exchange_rate": 7.173799991607666,
    "Commodity_Index_ETF": 22.290000915527344,
    "US_Dollar_Index": 97.35600280761719,
    "ETH_price": 2770.103515625,
    "GOLD_spot_price": 3330.39990234375,
    "LEAN_HOGS_future": 107.5250015258789,
    "COPPER_future": 5.59499979019165,
    "High_Yield_Bond_ETF": 80.20999908447266,
    "LIVE_CATTLE_future": 220.125,
    "GOLD_near_month_future": 3386.39990234375,
    "NATURAL_GAS_future": 3.2130000591278076,
    "PLATINUM_future": 1385.0,
    "SILVER_future": 36.685001373291016,
    "Long_Term_Treasury_ETF": 86.93000030517578,
    "CORN_future": 413.25,
    "SOYBEANS_future": 1007.5,
    "WHEAT_future": 543.0,
    "SP500_close": 6263.259765625,
    "NASDAQ_close": 20611.33984375,
    "US_10Y_Treasury_Yield": 4.3420000076293945,
    "VIX_close": 15.9399995803833,
    "GOLD_basis_spot_vs_near": -56.0,
    "China_10Y_Treasury_Yield": 1.6446
  }
}