{
  "latest_date": "2025-09-10",
  "latest_values": {
    "Shanghai_Composite_Index": 3812.22119140625,
    "CSI_300_Index": 4445.36474609375,
    "Shenzhen_Component_Index": 12557.6796875,
    "ALUMINUM_future": 2552.25,
    "BTC_price": 113848.6953125,
    "OIL_price": 63.790000915527344,
    "USD_CNY_exchange_rate": 7.129300117492676,
    "Commodity_Index_ETF": 22.397600173950195,
    "US_Dollar_Index": 97.78600311279297,
    "ETH_price": 4369.65185546875,
    "GOLD_spot_price": 3686.5,
    "LEAN_HOGS_future": 96.94999694824219,
    "COPPER_future": 4.61899995803833,
    "High_Yield_Bond_ETF": 80.8949966430664,
    "LIVE_CATTLE_future": 231.3249969482422,
    "GOLD_near_month_future": 3686.699951171875,
    "NATURAL_GAS_future": 3.0320000648498535,
    "PLATINUM_future": 1402.0,
    "SILVER_future": 41.63999938964844,
    "Long_Term_Treasury_ETF": 89.91999816894531,
    "CORN_future": 417.25,
    "SOYBEANS_future": 1025.0,
    "WHEAT_future": 515.75,
    "SP500_close": 6531.60986328125,
    "NASDAQ_close": 21903.33984375,
    "US_10Y_Treasury_Yield": 4.0320000648498535,
    "VIX_close": 15.010000228881836,
    "GOLD_basis_spot_vs_near": -0.199951171875,
    "China_10Y_Treasury_Yield": 1.8992
  }
}