{
  "latest_date": "2025-07-31",
  "latest_values": {
    "Shanghai_Composite_Index": 3615.717041015625,
    "CSI_300_Index": 4151.240234375,
    "Shenzhen_Component_Index": 11203.0302734375,
    "ALUMINUM_future": 2492.75,
    "BTC_price": 118353.125,
    "OIL_price": 69.69000244140625,
    "USD_CNY_exchange_rate": 7.176400184631348,
    "Commodity_Index_ETF": 22.639999389648438,
    "US_Dollar_Index": 99.73200225830078,
    "ETH_price": 3838.1328125,
    "GOLD_spot_price": 3360.10009765625,
    "LEAN_HOGS_future": 106.8499984741211,
    "COPPER_future": 4.374000072479248,
    "High_Yield_Bond_ETF": 80.33000183105469,
    "LIVE_CATTLE_future": 232.9499969482422,
    "GOLD_near_month_future": 3360.10009765625,
    "NATURAL_GAS_future": 3.0420000553131104,
    "PLATINUM_future": 1318.5999755859375,
    "SILVER_future": 36.67499923706055,
    "Long_Term_Treasury_ETF": 86.87000274658203,
    "CORN_future": 411.25,
    "SOYBEANS_future": 993.75,
    "WHEAT_future": 523.75,
    "SP500_close": 6362.89990234375,
    "NASDAQ_close": 21129.669921875,
    "US_10Y_Treasury_Yield": 4.375999927520752,
    "VIX_close": 15.119999885559082,
    "GOLD_basis_spot_vs_near": 0.0,
    "China_10Y_Treasury_Yield": 1.7044
  }
}