{
  "latest_date": "2025-08-29",
  "latest_values": {
    "Shanghai_Composite_Index": 3857.927490234375,
    "CSI_300_Index": 4496.75927734375,
    "Shenzhen_Component_Index": 12696.150390625,
    "ALUMINUM_future": 2535.25,
    "BTC_price": 107577.2578125,
    "OIL_price": 63.970001220703125,
    "USD_CNY_exchange_rate": 7.129899978637695,
    "Commodity_Index_ETF": 22.209999084472656,
    "US_Dollar_Index": 97.84600067138672,
    "ETH_price": 4313.2744140625,
    "GOLD_spot_price": 3516.89990234375,
    "LEAN_HOGS_future": 95.0,
    "COPPER_future": 4.5854997634887695,
    "High_Yield_Bond_ETF": 80.86000061035156,
    "LIVE_CATTLE_future": 239.8000030517578,
    "GOLD_near_month_future": 3516.699951171875,
    "NATURAL_GAS_future": 3.013000011444092,
    "PLATINUM_future": 1370.0,
    "SILVER_future": 40.755001068115234,
    "Long_Term_Treasury_ETF": 86.5999984741211,
    "CORN_future": 420.0,
    "SOYBEANS_future": 1053.0,
    "WHEAT_future": 533.75,
    "SP500_close": 6460.259765625,
    "NASDAQ_close": 21455.552734375,
    "US_10Y_Treasury_Yield": 4.2270002365112305,
    "VIX_close": 15.359999656677246,
    "GOLD_basis_spot_vs_near": 0.199951171875,
    "China_10Y_Treasury_Yield": 1.8379
  }
}