{
  "latest_date": "2025-08-05",
  "latest_values": {
    "Shanghai_Composite_Index": 3583.30908203125,
    "CSI_300_Index": 4070.699951171875,
    "Shenzhen_Component_Index": 11041.5595703125,
    "ALUMINUM_future": 2481.5,
    "BTC_price": 113959.4453125,
    "OIL_price": 65.43000030517578,
    "USD_CNY_exchange_rate": 7.211599826812744,
    "Commodity_Index_ETF": 21.899999618530273,
    "US_Dollar_Index": 98.9000015258789,
    "ETH_price": 3626.891845703125,
    "GOLD_spot_price": 3433.0,
    "LEAN_HOGS_future": 91.42500305175781,
    "COPPER_future": 4.406000137329102,
    "High_Yield_Bond_ETF": 80.17500305175781,
    "LIVE_CATTLE_future": 225.9499969482422,
    "GOLD_near_month_future": 3432.699951171875,
    "NATURAL_GAS_future": 2.9760000705718994,
    "PLATINUM_future": 1323.0999755859375,
    "SILVER_future": 37.625,
    "Long_Term_Treasury_ETF": 87.98500061035156,
    "CORN_future": 406.0,
    "SOYBEANS_future": 1001.5,
    "WHEAT_future": 532.5,
    "SP500_close": 6327.93994140625,
    "NASDAQ_close": 21083.384765625,
    "US_10Y_Treasury_Yield": 4.2220001220703125,
    "VIX_close": 17.40999984741211,
    "GOLD_basis_spot_vs_near": 0.300048828125,
    "China_10Y_Treasury_Yield": 1.7061
  }
}