{
  "latest_date": "2025-07-17",
  "latest_values": {
    "Shanghai_Composite_Index": 3516.825439453125,
    "CSI_300_Index": 4034.490966796875,
    "Shenzhen_Component_Index": 10720.8095703125,
    "ALUMINUM_future": 2480.0,
    "BTC_price": 118846.8984375,
    "OIL_price": 67.0999984741211,
    "USD_CNY_exchange_rate": 7.172900199890137,
    "Commodity_Index_ETF": 22.40999984741211,
    "US_Dollar_Index": 98.65799713134766,
    "ETH_price": 3413.694580078125,
    "GOLD_spot_price": 3341.699951171875,
    "LEAN_HOGS_future": 105.3499984741211,
    "COPPER_future": 5.499499797821045,
    "High_Yield_Bond_ETF": 80.1500015258789,
    "LIVE_CATTLE_future": 223.5500030517578,
    "GOLD_near_month_future": 3397.699951171875,
    "NATURAL_GAS_future": 3.5739998817443848,
    "PLATINUM_future": 1457.0999755859375,
    "SILVER_future": 38.25,
    "Long_Term_Treasury_ETF": 85.2750015258789,
    "CORN_future": 423.5,
    "SOYBEANS_future": 1027.5,
    "WHEAT_future": 534.5,
    "SP500_close": 6294.85986328125,
    "NASDAQ_close": 20901.705078125,
    "US_10Y_Treasury_Yield": 4.450999736785889,
    "VIX_close": 16.84000015258789,
    "GOLD_basis_spot_vs_near": -56.0,
    "China_10Y_Treasury_Yield": 1.663
  }
}