{
  "latest_date": "2025-09-19",
  "latest_values": {
    "Shanghai_Composite_Index": 3831.656005859375,
    "CSI_300_Index": 4498.10986328125,
    "Shenzhen_Component_Index": 13075.66015625,
    "ALUMINUM_future": 2654.75,
    "BTC_price": 116962.703125,
    "OIL_price": 63.119998931884766,
    "USD_CNY_exchange_rate": 7.103300094604492,
    "Commodity_Index_ETF": 22.440000534057617,
    "US_Dollar_Index": 97.29299926757812,
    "ETH_price": 4546.365234375,
    "GOLD_spot_price": 3691.39990234375,
    "LEAN_HOGS_future": 97.5,
    "COPPER_future": 4.618500232696533,
    "High_Yield_Bond_ETF": 81.2300033569336,
    "LIVE_CATTLE_future": 232.39999389648438,
    "GOLD_near_month_future": 3691.300048828125,
    "NATURAL_GAS_future": 2.928999900817871,
    "PLATINUM_future": 1402.9000244140625,
    "SILVER_future": 42.63999938964844,
    "Long_Term_Treasury_ETF": 89.19000244140625,
    "CORN_future": 426.0,
    "SOYBEANS_future": 1042.75,
    "WHEAT_future": 526.0,
    "SP500_close": 6631.9599609375,
    "NASDAQ_close": 22470.720703125,
    "US_10Y_Treasury_Yield": 4.104000091552734,
    "VIX_close": 15.699999809265137,
    "GOLD_basis_spot_vs_near": 0.099853515625,
    "China_10Y_Treasury_Yield": 1.8546
  }
}