{
  "latest_date": "2025-08-28",
  "latest_values": {
    "Shanghai_Composite_Index": 3800.349853515625,
    "CSI_300_Index": 4386.12646484375,
    "Shenzhen_Component_Index": 12295.0693359375,
    "ALUMINUM_future": 2537.75,
    "BTC_price": 111420.3203125,
    "OIL_price": 63.77000045776367,
    "USD_CNY_exchange_rate": 7.1519999504089355,
    "Commodity_Index_ETF": 22.040000915527344,
    "US_Dollar_Index": 98.11199951171875,
    "ETH_price": 4515.6982421875,
    "GOLD_spot_price": 3451.60009765625,
    "LEAN_HOGS_future": 93.875,
    "COPPER_future": 4.421500205993652,
    "High_Yield_Bond_ETF": 80.97000122070312,
    "LIVE_CATTLE_future": 239.5749969482422,
    "GOLD_near_month_future": 3451.800048828125,
    "NATURAL_GAS_future": 2.8540000915527344,
    "PLATINUM_future": 1345.199951171875,
    "SILVER_future": 38.724998474121094,
    "Long_Term_Treasury_ETF": 86.6500015258789,
    "CORN_future": 405.5,
    "SOYBEANS_future": 1047.0,
    "WHEAT_future": 523.75,
    "SP500_close": 6481.39990234375,
    "NASDAQ_close": 21590.140625,
    "US_10Y_Treasury_Yield": 4.23799991607666,
    "VIX_close": 14.850000381469727,
    "GOLD_basis_spot_vs_near": -0.199951171875,
    "China_10Y_Treasury_Yield": 1.7988
  }
}