{
  "latest_date": "2025-08-20",
  "latest_values": {
    "Shanghai_Composite_Index": 3766.21044921875,
    "CSI_300_Index": 4271.39599609375,
    "Shenzhen_Component_Index": 11926.7412109375,
    "ALUMINUM_future": 2496.5,
    "BTC_price": 114051.9765625,
    "OIL_price": 62.779998779296875,
    "USD_CNY_exchange_rate": 7.17519998550415,
    "Commodity_Index_ETF": 21.84000015258789,
    "US_Dollar_Index": 98.17900085449219,
    "ETH_price": 4312.0419921875,
    "GOLD_spot_price": 3389.60009765625,
    "LEAN_HOGS_future": 89.69999694824219,
    "COPPER_future": 4.439499855041504,
    "High_Yield_Bond_ETF": 80.37999725341797,
    "LIVE_CATTLE_future": 234.8249969482422,
    "GOLD_near_month_future": 3389.60009765625,
    "NATURAL_GAS_future": 2.749000072479248,
    "PLATINUM_future": 1339.800048828125,
    "SILVER_future": 37.790000915527344,
    "Long_Term_Treasury_ETF": 86.79000091552734,
    "CORN_future": 405.75,
    "SOYBEANS_future": 1039.25,
    "WHEAT_future": 529.25,
    "SP500_close": 6380.14990234375,
    "NASDAQ_close": 21110.248046875,
    "US_10Y_Treasury_Yield": 4.289000034332275,
    "VIX_close": 16.329999923706055,
    "GOLD_basis_spot_vs_near": 0.0,
    "China_10Y_Treasury_Yield": 1.782
  }
}