{
  "latest_date": "2025-07-29",
  "latest_values": {
    "Shanghai_Composite_Index": 3597.93701171875,
    "CSI_300_Index": 4135.81982421875,
    "Shenzhen_Component_Index": 11217.580078125,
    "ALUMINUM_future": 2575.0,
    "BTC_price": 118271.7734375,
    "OIL_price": 66.70999908447266,
    "USD_CNY_exchange_rate": 7.153500080108643,
    "Commodity_Index_ETF": 22.399999618530273,
    "US_Dollar_Index": 98.75499725341797,
    "ETH_price": 3823.585693359375,
    "GOLD_spot_price": 3321.800048828125,
    "LEAN_HOGS_future": 108.3499984741211,
    "COPPER_future": 5.621500015258789,
    "High_Yield_Bond_ETF": 80.44999694824219,
    "LIVE_CATTLE_future": 227.75,
    "GOLD_near_month_future": 3377.89990234375,
    "NATURAL_GAS_future": 3.1010000705718994,
    "PLATINUM_future": 1422.4000244140625,
    "SILVER_future": 38.310001373291016,
    "Long_Term_Treasury_ETF": 85.87000274658203,
    "CORN_future": 414.5,
    "SOYBEANS_future": 1010.5,
    "WHEAT_future": 531.75,
    "SP500_close": 6389.77001953125,
    "NASDAQ_close": 21178.580078125,
    "US_10Y_Treasury_Yield": 4.420000076293945,
    "VIX_close": 14.720000267028809,
    "GOLD_basis_spot_vs_near": -56.099853515625,
    "China_10Y_Treasury_Yield": 1.7466
  }
}