{
  "latest_date": "2025-08-26",
  "latest_values": {
    "Shanghai_Composite_Index": 3883.56201171875,
    "CSI_300_Index": 4469.22021484375,
    "Shenzhen_Component_Index": 12441.0703125,
    "ALUMINUM_future": 2539.75,
    "BTC_price": 110157.3828125,
    "OIL_price": 63.790000915527344,
    "USD_CNY_exchange_rate": 7.167500019073486,
    "Commodity_Index_ETF": 22.190000534057617,
    "US_Dollar_Index": 98.29399871826172,
    "ETH_price": 4483.13818359375,
    "GOLD_spot_price": 3417.199951171875,
    "LEAN_HOGS_future": 91.42500305175781,
    "COPPER_future": 4.459499835968018,
    "High_Yield_Bond_ETF": 80.69000244140625,
    "LIVE_CATTLE_future": 236.97500610351562,
    "GOLD_near_month_future": 3417.199951171875,
    "NATURAL_GAS_future": 2.7139999866485596,
    "PLATINUM_future": 1346.800048828125,
    "SILVER_future": 38.415000915527344,
    "Long_Term_Treasury_ETF": 86.80000305175781,
    "CORN_future": 411.75,
    "SOYBEANS_future": 1053.75,
    "WHEAT_future": 531.25,
    "SP500_close": 6439.31982421875,
    "NASDAQ_close": 21449.2890625,
    "US_10Y_Treasury_Yield": 4.2829999923706055,
    "VIX_close": 15.350000381469727,
    "GOLD_basis_spot_vs_near": 0.0,
    "China_10Y_Treasury_Yield": 1.7598
  }
}