{
  "latest_date": "2025-07-25",
  "latest_values": {
    "Shanghai_Composite_Index": 3605.72705078125,
    "CSI_300_Index": 4149.0400390625,
    "Shenzhen_Component_Index": 11193.0595703125,
    "ALUMINUM_future": 2629.0,
    "BTC_price": 115437.6796875,
    "OIL_price": 66.54000091552734,
    "USD_CNY_exchange_rate": 7.1595001220703125,
    "Commodity_Index_ETF": 22.399999618530273,
    "US_Dollar_Index": 97.5,
    "ETH_price": 3625.412109375,
    "GOLD_spot_price": 3359.39990234375,
    "LEAN_HOGS_future": 108.19999694824219,
    "COPPER_future": 5.81850004196167,
    "High_Yield_Bond_ETF": 80.44000244140625,
    "LIVE_CATTLE_future": 225.875,
    "GOLD_near_month_future": 3416.800048828125,
    "NATURAL_GAS_future": 3.1089999675750732,
    "PLATINUM_future": 1437.0999755859375,
    "SILVER_future": 39.22999954223633,
    "Long_Term_Treasury_ETF": 85.88999938964844,
    "CORN_future": 421.5,
    "SOYBEANS_future": 1023.5,
    "WHEAT_future": 541.5,
    "SP500_close": 6363.35009765625,
    "NASDAQ_close": 21057.9609375,
    "US_10Y_Treasury_Yield": 4.4079999923706055,
    "VIX_close": 15.390000343322754,
    "GOLD_basis_spot_vs_near": -57.400146484375,
    "China_10Y_Treasury_Yield": 1.7376
  }
}