{
  "latest_date": "2025-07-24",
  "latest_values": {
    "Shanghai_Composite_Index": 3605.726806640625,
    "CSI_300_Index": 4149.03662109375,
    "Shenzhen_Component_Index": 11193.0595703125,
    "ALUMINUM_future": 2636.5,
    "BTC_price": 119227.8515625,
    "OIL_price": 65.45999908447266,
    "USD_CNY_exchange_rate": 7.174300193786621,
    "Commodity_Index_ETF": 22.28499984741211,
    "US_Dollar_Index": 97.3280029296875,
    "ETH_price": 3723.033203125,
    "GOLD_spot_price": 3372.39990234375,
    "LEAN_HOGS_future": 108.30000305175781,
    "COPPER_future": 5.81850004196167,
    "High_Yield_Bond_ETF": 80.48500061035156,
    "LIVE_CATTLE_future": 225.6999969482422,
    "GOLD_near_month_future": 3429.300048828125,
    "NATURAL_GAS_future": 3.0820000171661377,
    "PLATINUM_future": 1444.5,
    "SILVER_future": 39.244998931884766,
    "Long_Term_Treasury_ETF": 86.12999725341797,
    "CORN_future": 419.75,
    "SOYBEANS_future": 1021.5,
    "WHEAT_future": 539.5,
    "SP500_close": 6376.3798828125,
    "NASDAQ_close": 21093.08984375,
    "US_10Y_Treasury_Yield": 4.3979997634887695,
    "VIX_close": 15.15999984741211,
    "GOLD_basis_spot_vs_near": -56.900146484375,
    "China_10Y_Treasury_Yield": 1.7376
  }
}