{
  "latest_date": "2025-09-27",
  "latest_values": {
    "Shanghai_Composite_Index": 3828.10595703125,
    "CSI_300_Index": 4550.0498046875,
    "Shenzhen_Component_Index": 13209.0,
    "ALUMINUM_future": 2578.25,
    "BTC_price": 109566.25,
    "OIL_price": 65.19000244140625,
    "USD_CNY_exchange_rate": 7.132299900054932,
    "Commodity_Index_ETF": 22.809999465942383,
    "US_Dollar_Index": 98.18199920654297,
    "ETH_price": 4024.046875,
    "GOLD_spot_price": 3789.800048828125,
    "LEAN_HOGS_future": 101.5,
    "COPPER_future": 4.764500141143799,
    "High_Yield_Bond_ETF": 81.08000183105469,
    "LIVE_CATTLE_future": 231.8000030517578,
    "GOLD_near_month_future": 3789.800048828125,
    "NATURAL_GAS_future": 2.859999895095825,
    "PLATINUM_future": 1589.800048828125,
    "SILVER_future": 46.3650016784668,
    "Long_Term_Treasury_ETF": 88.9000015258789,
    "CORN_future": 421.5,
    "SOYBEANS_future": 1014.0,
    "WHEAT_future": 519.0,
    "SP500_close": 6643.7001953125,
    "NASDAQ_close": 22484.0703125,
    "US_10Y_Treasury_Yield": 4.186999797821045,
    "VIX_close": 15.289999961853027,
    "GOLD_basis_spot_vs_near": 0.0,
    "China_10Y_Treasury_Yield": 1.8768
  }
}