{
  "latest_date": "2025-07-10",
  "latest_values": {
    "Shanghai_Composite_Index": 3493.050048828125,
    "CSI_300_Index": 3991.39990234375,
    "Shenzhen_Component_Index": 10581.7998046875,
    "ALUMINUM_future": 2540.75,
    "BTC_price": 111195.21875,
    "OIL_price": 68.4000015258789,
    "USD_CNY_exchange_rate": 7.173799991607666,
    "Commodity_Index_ETF": 22.290000915527344,
    "US_Dollar_Index": 97.37899780273438,
    "ETH_price": 2785.302001953125,
    "GOLD_spot_price": 3329.699951171875,
    "LEAN_HOGS_future": 107.5250015258789,
    "COPPER_future": 5.616000175476074,
    "High_Yield_Bond_ETF": 80.20999908447266,
    "LIVE_CATTLE_future": 220.125,
    "GOLD_near_month_future": 3385.5,
    "NATURAL_GAS_future": 3.2019999027252197,
    "PLATINUM_future": 1387.5,
    "SILVER_future": 36.685001373291016,
    "Long_Term_Treasury_ETF": 86.93000030517578,
    "CORN_future": 413.5,
    "SOYBEANS_future": 1008.0,
    "WHEAT_future": 543.0,
    "SP500_close": 6263.259765625,
    "NASDAQ_close": 20611.33984375,
    "US_10Y_Treasury_Yield": 4.3420000076293945,
    "VIX_close": 15.9399995803833,
    "GOLD_basis_spot_vs_near": -55.800048828125,
    "China_10Y_Treasury_Yield": 1.6446
  }
}