{
  "latest_date": "2025-09-22",
  "latest_values": {
    "Shanghai_Composite_Index": 3820.089111328125,
    "CSI_300_Index": 4501.919921875,
    "Shenzhen_Component_Index": 13070.8603515625,
    "ALUMINUM_future": 2614.0,
    "BTC_price": 112765.125,
    "OIL_price": 62.709999084472656,
    "USD_CNY_exchange_rate": 7.1128997802734375,
    "Commodity_Index_ETF": 22.260000228881836,
    "US_Dollar_Index": 97.52200317382812,
    "ETH_price": 4200.8603515625,
    "GOLD_spot_price": 3753.0,
    "LEAN_HOGS_future": 97.9749984741211,
    "COPPER_future": 4.644499778747559,
    "High_Yield_Bond_ETF": 81.26000213623047,
    "LIVE_CATTLE_future": 233.4499969482422,
    "GOLD_near_month_future": 3753.10009765625,
    "NATURAL_GAS_future": 2.9240000247955322,
    "PLATINUM_future": 1426.4000244140625,
    "SILVER_future": 43.95000076293945,
    "Long_Term_Treasury_ETF": 89.0199966430664,
    "CORN_future": 424.0,
    "SOYBEANS_future": 1022.5,
    "WHEAT_future": 520.0,
    "SP500_close": 6664.35986328125,
    "NASDAQ_close": 22631.48046875,
    "US_10Y_Treasury_Yield": 4.138999938964844,
    "VIX_close": 16.170000076293945,
    "GOLD_basis_spot_vs_near": -0.10009765625,
    "China_10Y_Treasury_Yield": 1.8789
  }
}