{
  "latest_date": "2025-07-16",
  "latest_values": {
    "Shanghai_Composite_Index": 3504.9990234375,
    "CSI_300_Index": 4019.06005859375,
    "Shenzhen_Component_Index": 10744.5595703125,
    "ALUMINUM_future": 2439.75,
    "BTC_price": 118703.7734375,
    "OIL_price": 65.73999786376953,
    "USD_CNY_exchange_rate": 7.166999816894531,
    "Commodity_Index_ETF": 22.19499969482422,
    "US_Dollar_Index": 98.86199951171875,
    "ETH_price": 3202.466552734375,
    "GOLD_spot_price": 3331.0,
    "LEAN_HOGS_future": 104.7249984741211,
    "COPPER_future": 5.504499912261963,
    "High_Yield_Bond_ETF": 79.93000030517578,
    "LIVE_CATTLE_future": 223.39999389648438,
    "GOLD_near_month_future": 3386.5,
    "NATURAL_GAS_future": 3.569999933242798,
    "PLATINUM_future": 1417.4000244140625,
    "SILVER_future": 37.91999816894531,
    "Long_Term_Treasury_ETF": 85.46499633789062,
    "CORN_future": 423.5,
    "SOYBEANS_future": 1012.5,
    "WHEAT_future": 536.75,
    "SP500_close": 6239.7900390625,
    "NASDAQ_close": 20637.111328125,
    "US_10Y_Treasury_Yield": 4.453000068664551,
    "VIX_close": 17.110000610351562,
    "GOLD_basis_spot_vs_near": -55.5,
    "China_10Y_Treasury_Yield": 1.6617
  }
}