{
  "latest_date": "2025-07-15",
  "latest_values": {
    "Shanghai_Composite_Index": 3504.998779296875,
    "CSI_300_Index": 4019.064453125,
    "Shenzhen_Component_Index": 10744.5615234375,
    "ALUMINUM_future": 2495.75,
    "BTC_price": 116868.5703125,
    "OIL_price": 66.61000061035156,
    "USD_CNY_exchange_rate": 7.172900199890137,
    "Commodity_Index_ETF": 22.295000076293945,
    "US_Dollar_Index": 98.60700225830078,
    "ETH_price": 3069.979248046875,
    "GOLD_spot_price": 3335.699951171875,
    "LEAN_HOGS_future": 103.9749984741211,
    "COPPER_future": 5.574999809265137,
    "High_Yield_Bond_ETF": 79.86000061035156,
    "LIVE_CATTLE_future": 222.625,
    "GOLD_near_month_future": 3392.0,
    "NATURAL_GAS_future": 3.5329999923706055,
    "PLATINUM_future": 1416.4000244140625,
    "SILVER_future": 38.119998931884766,
    "Long_Term_Treasury_ETF": 84.92500305175781,
    "CORN_future": 419.25,
    "SOYBEANS_future": 1002.5,
    "WHEAT_future": 538.5,
    "SP500_close": 6255.85986328125,
    "NASDAQ_close": 20725.572265625,
    "US_10Y_Treasury_Yield": 4.486999988555908,
    "VIX_close": 16.93000030517578,
    "GOLD_basis_spot_vs_near": -56.300048828125,
    "China_10Y_Treasury_Yield": 1.6557
  }
}