{
  "latest_date": "2025-08-29",
  "latest_values": {
    "Shanghai_Composite_Index": 3857.927490234375,
    "CSI_300_Index": 4496.75927734375,
    "Shenzhen_Component_Index": 12571.3701171875,
    "ALUMINUM_future": 2530.5,
    "BTC_price": 108419.34375,
    "OIL_price": 64.0,
    "USD_CNY_exchange_rate": 7.1529998779296875,
    "Commodity_Index_ETF": 22.170000076293945,
    "US_Dollar_Index": 97.79499816894531,
    "ETH_price": 4296.6005859375,
    "GOLD_spot_price": 3501.0,
    "LEAN_HOGS_future": 94.75,
    "COPPER_future": 4.576000213623047,
    "High_Yield_Bond_ETF": 80.95500183105469,
    "LIVE_CATTLE_future": 238.9250030517578,
    "GOLD_near_month_future": 3501.199951171875,
    "NATURAL_GAS_future": 2.9760000705718994,
    "PLATINUM_future": 1356.4000244140625,
    "SILVER_future": 39.994998931884766,
    "Long_Term_Treasury_ETF": 86.55069732666016,
    "CORN_future": 414.0,
    "SOYBEANS_future": 1045.75,
    "WHEAT_future": 531.25,
    "SP500_close": 6453.8798828125,
    "NASDAQ_close": 21444.66796875,
    "US_10Y_Treasury_Yield": 4.2270002365112305,
    "VIX_close": 15.680000305175781,
    "GOLD_basis_spot_vs_near": -0.199951171875,
    "China_10Y_Treasury_Yield": 1.8379
  }
}