{
  "latest_date": "2025-10-05",
  "latest_values": {
    "Shanghai_Composite_Index": 3882.777099609375,
    "CSI_300_Index": 4640.68994140625,
    "Shenzhen_Component_Index": 13526.509765625,
    "ALUMINUM_future": 2644.0,
    "BTC_price": 122943.65625,
    "OIL_price": 60.880001068115234,
    "USD_CNY_exchange_rate": 7.119999885559082,
    "Commodity_Index_ETF": 22.40999984741211,
    "US_Dollar_Index": 97.71199798583984,
    "ETH_price": 4545.5419921875,
    "GOLD_spot_price": 3908.89990234375,
    "LEAN_HOGS_future": 87.30000305175781,
    "COPPER_future": 5.109000205993652,
    "High_Yield_Bond_ETF": 80.83999633789062,
    "LIVE_CATTLE_future": 234.5,
    "GOLD_near_month_future": 3908.89990234375,
    "NATURAL_GAS_future": 3.3239998817443848,
    "PLATINUM_future": 1619.300048828125,
    "SILVER_future": 47.96500015258789,
    "Long_Term_Treasury_ETF": 89.37999725341797,
    "CORN_future": 419.0,
    "SOYBEANS_future": 1037.0,
    "WHEAT_future": 515.25,
    "SP500_close": 6715.7900390625,
    "NASDAQ_close": 22780.509765625,
    "US_10Y_Treasury_Yield": 4.11899995803833,
    "VIX_close": 16.649999618530273,
    "GOLD_basis_spot_vs_near": 0.0,
    "China_10Y_Treasury_Yield": 1.8605
  }
}