{
  "latest_date": "2025-08-22",
  "latest_values": {
    "Shanghai_Composite_Index": 3771.09912109375,
    "CSI_300_Index": 4288.06982421875,
    "Shenzhen_Component_Index": 11919.759765625,
    "ALUMINUM_future": 2499.25,
    "BTC_price": 113134.78125,
    "OIL_price": 63.56999969482422,
    "USD_CNY_exchange_rate": 7.1757001876831055,
    "Commodity_Index_ETF": 21.989999771118164,
    "US_Dollar_Index": 98.7969970703125,
    "ETH_price": 4289.07421875,
    "GOLD_spot_price": 3372.60009765625,
    "LEAN_HOGS_future": 89.9000015258789,
    "COPPER_future": 4.441999912261963,
    "High_Yield_Bond_ETF": 80.19999694824219,
    "LIVE_CATTLE_future": 234.77499389648438,
    "GOLD_near_month_future": 3372.5,
    "NATURAL_GAS_future": 2.8010001182556152,
    "PLATINUM_future": 1350.5999755859375,
    "SILVER_future": 38.005001068115234,
    "Long_Term_Treasury_ETF": 86.41000366210938,
    "CORN_future": 413.25,
    "SOYBEANS_future": 1056.0,
    "WHEAT_future": 531.5,
    "SP500_close": 6370.169921875,
    "NASDAQ_close": 21100.310546875,
    "US_10Y_Treasury_Yield": 4.329999923706055,
    "VIX_close": 16.600000381469727,
    "GOLD_basis_spot_vs_near": 0.10009765625,
    "China_10Y_Treasury_Yield": 1.7667
  }
}