{
  "latest_date": "2025-10-02",
  "latest_values": {
    "Shanghai_Composite_Index": 3882.777099609375,
    "CSI_300_Index": 4640.68994140625,
    "Shenzhen_Component_Index": 13526.509765625,
    "ALUMINUM_future": 2624.5,
    "BTC_price": 120758.515625,
    "OIL_price": 60.709999084472656,
    "USD_CNY_exchange_rate": 7.11899995803833,
    "Commodity_Index_ETF": 22.34000015258789,
    "US_Dollar_Index": 97.85700225830078,
    "ETH_price": 4488.50048828125,
    "GOLD_spot_price": 3882.199951171875,
    "LEAN_HOGS_future": 86.7750015258789,
    "COPPER_future": 4.953999996185303,
    "High_Yield_Bond_ETF": 80.93000030517578,
    "LIVE_CATTLE_future": 233.5,
    "GOLD_near_month_future": 3882.199951171875,
    "NATURAL_GAS_future": 3.421999931335449,
    "PLATINUM_future": 1597.800048828125,
    "SILVER_future": 46.834999084472656,
    "Long_Term_Treasury_ETF": 89.55000305175781,
    "CORN_future": 421.25,
    "SOYBEANS_future": 1040.0,
    "WHEAT_future": 514.25,
    "SP500_close": 6715.35009765625,
    "NASDAQ_close": 22844.05078125,
    "US_10Y_Treasury_Yield": 4.088000297546387,
    "VIX_close": 16.65999984741211,
    "GOLD_basis_spot_vs_near": 0.0,
    "China_10Y_Treasury_Yield": 1.8605
  }
}