{
  "latest_date": "2025-07-16",
  "latest_values": {
    "Shanghai_Composite_Index": 3503.77685546875,
    "CSI_300_Index": 4007.201904296875,
    "Shenzhen_Component_Index": 10720.806640625,
    "ALUMINUM_future": 2472.25,
    "BTC_price": 119132.0859375,
    "OIL_price": 66.6500015258789,
    "USD_CNY_exchange_rate": 7.166999816894531,
    "Commodity_Index_ETF": 22.315000534057617,
    "US_Dollar_Index": 98.27899932861328,
    "ETH_price": 3335.9091796875,
    "GOLD_spot_price": 3361.300048828125,
    "LEAN_HOGS_future": 104.5,
    "COPPER_future": 5.525000095367432,
    "High_Yield_Bond_ETF": 80.0,
    "LIVE_CATTLE_future": 223.8000030517578,
    "GOLD_near_month_future": 3417.60009765625,
    "NATURAL_GAS_future": 3.5169999599456787,
    "PLATINUM_future": 1436.800048828125,
    "SILVER_future": 38.15999984741211,
    "Long_Term_Treasury_ETF": 84.91000366210938,
    "CORN_future": 423.75,
    "SOYBEANS_future": 1018.5,
    "WHEAT_future": 539.5,
    "SP500_close": 6254.39013671875,
    "NASDAQ_close": 20690.37109375,
    "US_10Y_Treasury_Yield": 4.450999736785889,
    "VIX_close": 17.510000228881836,
    "GOLD_basis_spot_vs_near": -56.300048828125,
    "China_10Y_Treasury_Yield": 1.6617
  }
}