{
  "latest_date": "2025-07-15",
  "latest_values": {
    "Shanghai_Composite_Index": 3504.998779296875,
    "CSI_300_Index": 4019.064453125,
    "Shenzhen_Component_Index": 10744.5615234375,
    "ALUMINUM_future": 2495.75,
    "BTC_price": 116521.6484375,
    "OIL_price": 66.6500015258789,
    "USD_CNY_exchange_rate": 7.168099880218506,
    "Commodity_Index_ETF": 22.274999618530273,
    "US_Dollar_Index": 98.63099670410156,
    "ETH_price": 3038.77001953125,
    "GOLD_spot_price": 3336.5,
    "LEAN_HOGS_future": 103.9749984741211,
    "COPPER_future": 5.550000190734863,
    "High_Yield_Bond_ETF": 79.8499984741211,
    "LIVE_CATTLE_future": 222.625,
    "GOLD_near_month_future": 3390.5,
    "NATURAL_GAS_future": 3.506999969482422,
    "PLATINUM_future": 1416.199951171875,
    "SILVER_future": 38.11000061035156,
    "Long_Term_Treasury_ETF": 85.01000213623047,
    "CORN_future": 419.25,
    "SOYBEANS_future": 1002.5,
    "WHEAT_future": 538.5,
    "SP500_close": 6243.759765625,
    "NASDAQ_close": 20677.798828125,
    "US_10Y_Treasury_Yield": 4.488999843597412,
    "VIX_close": 17.079999923706055,
    "GOLD_basis_spot_vs_near": -54.0,
    "China_10Y_Treasury_Yield": 1.6557
  }
}