{
  "latest_date": "2025-08-18",
  "latest_values": {
    "Shanghai_Composite_Index": 3696.77099609375,
    "CSI_300_Index": 4202.35009765625,
    "Shenzhen_Component_Index": 11634.669921875,
    "ALUMINUM_future": 2512.0,
    "BTC_price": 115104.140625,
    "OIL_price": 62.4900016784668,
    "USD_CNY_exchange_rate": 7.179500102996826,
    "Commodity_Index_ETF": 21.665000915527344,
    "US_Dollar_Index": 98.0530014038086,
    "ETH_price": 4304.34375,
    "GOLD_spot_price": 3383.5,
    "LEAN_HOGS_future": 90.1500015258789,
    "COPPER_future": 4.456500053405762,
    "High_Yield_Bond_ETF": 80.46499633789062,
    "LIVE_CATTLE_future": 229.8000030517578,
    "GOLD_near_month_future": 3383.60009765625,
    "NATURAL_GAS_future": 2.8919999599456787,
    "PLATINUM_future": 1342.5999755859375,
    "SILVER_future": 38.130001068115234,
    "Long_Term_Treasury_ETF": 86.35980224609375,
    "CORN_future": 406.5,
    "SOYBEANS_future": 1045.25,
    "WHEAT_future": 526.5,
    "SP500_close": 6449.669921875,
    "NASDAQ_close": 21622.43359375,
    "US_10Y_Treasury_Yield": 4.320000171661377,
    "VIX_close": 15.460000038146973,
    "GOLD_basis_spot_vs_near": -0.10009765625,
    "China_10Y_Treasury_Yield": 1.7872
  }
}