{
  "latest_date": "2025-07-11",
  "latest_values": {
    "Shanghai_Composite_Index": 3509.681884765625,
    "CSI_300_Index": 4010.02001953125,
    "Shenzhen_Component_Index": 10631.1298828125,
    "ALUMINUM_future": 2547.5,
    "BTC_price": 116505.53125,
    "OIL_price": 67.0,
    "USD_CNY_exchange_rate": 7.179999828338623,
    "Commodity_Index_ETF": 22.219999313354492,
    "US_Dollar_Index": 97.83799743652344,
    "ETH_price": 2965.056396484375,
    "GOLD_spot_price": 3341.89990234375,
    "LEAN_HOGS_future": 106.25,
    "COPPER_future": 5.605999946594238,
    "High_Yield_Bond_ETF": 80.12999725341797,
    "LIVE_CATTLE_future": 219.0749969482422,
    "GOLD_near_month_future": 3396.5,
    "NATURAL_GAS_future": 3.365999937057495,
    "PLATINUM_future": 1415.0,
    "SILVER_future": 37.810001373291016,
    "Long_Term_Treasury_ETF": 86.98999786376953,
    "CORN_future": 417.0,
    "SOYBEANS_future": 1016.0,
    "WHEAT_future": 555.0,
    "SP500_close": 6280.4599609375,
    "NASDAQ_close": 20630.66015625,
    "US_10Y_Treasury_Yield": 4.3460001945495605,
    "VIX_close": 15.779999732971191,
    "GOLD_basis_spot_vs_near": -54.60009765625,
    "China_10Y_Treasury_Yield": 1.6616
  }
}