{
  "latest_date": "2025-09-26",
  "latest_values": {
    "Shanghai_Composite_Index": 3828.10595703125,
    "CSI_300_Index": 4550.048828125,
    "Shenzhen_Component_Index": 13445.900390625,
    "ALUMINUM_future": 2580.25,
    "BTC_price": 109590.1796875,
    "OIL_price": 66.01000213623047,
    "USD_CNY_exchange_rate": 7.131499767303467,
    "Commodity_Index_ETF": 22.8799991607666,
    "US_Dollar_Index": 98.27100372314453,
    "ETH_price": 3987.681396484375,
    "GOLD_spot_price": 3803.39990234375,
    "LEAN_HOGS_future": 92.44999694824219,
    "COPPER_future": 4.743000030517578,
    "High_Yield_Bond_ETF": 81.06500244140625,
    "LIVE_CATTLE_future": 236.9250030517578,
    "GOLD_near_month_future": 3803.39990234375,
    "NATURAL_GAS_future": 3.183000087738037,
    "PLATINUM_future": 1580.0,
    "SILVER_future": 46.275001525878906,
    "Long_Term_Treasury_ETF": 88.75499725341797,
    "CORN_future": 421.5,
    "SOYBEANS_future": 1013.75,
    "WHEAT_future": 519.0,
    "SP500_close": 6632.35986328125,
    "NASDAQ_close": 22419.240234375,
    "US_10Y_Treasury_Yield": 4.195000171661377,
    "VIX_close": 16.309999465942383,
    "GOLD_basis_spot_vs_near": 0.0,
    "China_10Y_Treasury_Yield": 1.8768
  }
}