{
  "latest_date": "2025-08-28",
  "latest_values": {
    "Shanghai_Composite_Index": 3843.597412109375,
    "CSI_300_Index": 4463.7822265625,
    "Shenzhen_Component_Index": 12571.37109375,
    "ALUMINUM_future": 2531.5,
    "BTC_price": 112482.8203125,
    "OIL_price": 64.2699966430664,
    "USD_CNY_exchange_rate": 7.1519999504089355,
    "Commodity_Index_ETF": 22.170000076293945,
    "US_Dollar_Index": 97.81600189208984,
    "ETH_price": 4489.98291015625,
    "GOLD_spot_price": 3478.199951171875,
    "LEAN_HOGS_future": 94.2750015258789,
    "COPPER_future": 4.4710001945495605,
    "High_Yield_Bond_ETF": 80.98500061035156,
    "LIVE_CATTLE_future": 237.0749969482422,
    "GOLD_near_month_future": 3478.199951171875,
    "NATURAL_GAS_future": 2.937999963760376,
    "PLATINUM_future": 1366.0,
    "SILVER_future": 39.71500015258789,
    "Long_Term_Treasury_ETF": 87.18930053710938,
    "CORN_future": 410.75,
    "SOYBEANS_future": 1048.25,
    "WHEAT_future": 529.75,
    "SP500_close": 6503.06982421875,
    "NASDAQ_close": 21721.646484375,
    "US_10Y_Treasury_Yield": 4.206999778747559,
    "VIX_close": 14.34000015258789,
    "GOLD_basis_spot_vs_near": 0.0,
    "China_10Y_Treasury_Yield": 1.8478
  }
}