{
  "latest_date": "2025-08-07",
  "latest_values": {
    "Shanghai_Composite_Index": 3633.9951171875,
    "CSI_300_Index": 4113.47998046875,
    "Shenzhen_Component_Index": 11177.7802734375,
    "ALUMINUM_future": 2556.5,
    "BTC_price": 116485.5,
    "OIL_price": 64.55999755859375,
    "USD_CNY_exchange_rate": 7.1834001541137695,
    "Commodity_Index_ETF": 21.770000457763672,
    "US_Dollar_Index": 98.2509994506836,
    "ETH_price": 3827.268798828125,
    "GOLD_spot_price": 3451.39990234375,
    "LEAN_HOGS_future": 91.92500305175781,
    "COPPER_future": 4.41949987411499,
    "High_Yield_Bond_ETF": 80.29000091552734,
    "LIVE_CATTLE_future": 229.4499969482422,
    "GOLD_near_month_future": 3451.300048828125,
    "NATURAL_GAS_future": 3.111999988555908,
    "PLATINUM_future": 1350.300048828125,
    "SILVER_future": 38.584999084472656,
    "Long_Term_Treasury_ETF": 87.81999969482422,
    "CORN_future": 403.75,
    "SOYBEANS_future": 986.0,
    "WHEAT_future": 536.0,
    "SP500_close": 6345.06005859375,
    "NASDAQ_close": 21169.419921875,
    "US_10Y_Treasury_Yield": 4.21999979019165,
    "VIX_close": 16.209999084472656,
    "GOLD_basis_spot_vs_near": 0.099853515625,
    "China_10Y_Treasury_Yield": 1.6894
  }
}