{
  "latest_date": "2025-07-18",
  "latest_values": {
    "Shanghai_Composite_Index": 3516.824951171875,
    "CSI_300_Index": 4034.489990234375,
    "Shenzhen_Component_Index": 10873.6201171875,
    "ALUMINUM_future": 2428.75,
    "BTC_price": 118853.328125,
    "OIL_price": 68.16999816894531,
    "USD_CNY_exchange_rate": 7.178500175476074,
    "Commodity_Index_ETF": 22.770000457763672,
    "US_Dollar_Index": 98.16000366210938,
    "ETH_price": 3638.742919921875,
    "GOLD_spot_price": 3362.89990234375,
    "LEAN_HOGS_future": 106.3499984741211,
    "COPPER_future": 5.575500011444092,
    "High_Yield_Bond_ETF": 80.24500274658203,
    "LIVE_CATTLE_future": 223.72500610351562,
    "GOLD_near_month_future": 3418.39990234375,
    "NATURAL_GAS_future": 3.5999999046325684,
    "PLATINUM_future": 1473.199951171875,
    "SILVER_future": 38.58000183105469,
    "Long_Term_Treasury_ETF": 85.41999816894531,
    "CORN_future": 428.75,
    "SOYBEANS_future": 1040.75,
    "WHEAT_future": 547.5,
    "SP500_close": 6303.7900390625,
    "NASDAQ_close": 20913.38671875,
    "US_10Y_Treasury_Yield": 4.427999973297119,
    "VIX_close": 16.31999969482422,
    "GOLD_basis_spot_vs_near": -55.5,
    "China_10Y_Treasury_Yield": 1.6652
  }
}