{
  "latest_date": "2025-07-18",
  "latest_values": {
    "Shanghai_Composite_Index": 3534.482666015625,
    "CSI_300_Index": 4058.548583984375,
    "Shenzhen_Component_Index": 10913.8388671875,
    "ALUMINUM_future": 2428.75,
    "BTC_price": 117640.7890625,
    "OIL_price": 67.30000305175781,
    "USD_CNY_exchange_rate": 7.17710018157959,
    "Commodity_Index_ETF": 22.530000686645508,
    "US_Dollar_Index": 98.46299743652344,
    "ETH_price": 3525.203369140625,
    "GOLD_spot_price": 3355.5,
    "LEAN_HOGS_future": 106.5,
    "COPPER_future": 5.581500053405762,
    "High_Yield_Bond_ETF": 80.25,
    "LIVE_CATTLE_future": 223.3000030517578,
    "GOLD_near_month_future": 3411.300048828125,
    "NATURAL_GAS_future": 3.566999912261963,
    "PLATINUM_future": 1456.0999755859375,
    "SILVER_future": 38.42499923706055,
    "Long_Term_Treasury_ETF": 85.23999786376953,
    "CORN_future": 428.0,
    "SOYBEANS_future": 1035.0,
    "WHEAT_future": 547.0,
    "SP500_close": 6296.7900390625,
    "NASDAQ_close": 20895.65625,
    "US_10Y_Treasury_Yield": 4.432000160217285,
    "VIX_close": 16.40999984741211,
    "GOLD_basis_spot_vs_near": -55.800048828125,
    "China_10Y_Treasury_Yield": 1.6652
  }
}