{
  "latest_date": "2025-08-04",
  "latest_values": {
    "Shanghai_Composite_Index": 3559.951904296875,
    "CSI_300_Index": 4054.929931640625,
    "Shenzhen_Component_Index": 10991.3203125,
    "ALUMINUM_future": 2490.25,
    "BTC_price": 114741.296875,
    "OIL_price": 67.43000030517578,
    "USD_CNY_exchange_rate": 7.200200080871582,
    "Commodity_Index_ETF": 22.09000015258789,
    "US_Dollar_Index": 98.87699890136719,
    "ETH_price": 3556.6640625,
    "GOLD_spot_price": 3408.0,
    "LEAN_HOGS_future": 90.125,
    "COPPER_future": 4.447500228881836,
    "High_Yield_Bond_ETF": 79.9800033569336,
    "LIVE_CATTLE_future": 223.52499389648438,
    "GOLD_near_month_future": 3408.0,
    "NATURAL_GAS_future": 3.065999984741211,
    "PLATINUM_future": 1327.9000244140625,
    "SILVER_future": 37.2599983215332,
    "Long_Term_Treasury_ETF": 87.81999969482422,
    "CORN_future": 410.25,
    "SOYBEANS_future": 988.75,
    "WHEAT_future": 536.5,
    "SP500_close": 6238.009765625,
    "NASDAQ_close": 20650.130859375,
    "US_10Y_Treasury_Yield": 4.21999979019165,
    "VIX_close": 19.280000686645508,
    "GOLD_basis_spot_vs_near": 0.0,
    "China_10Y_Treasury_Yield": 1.7059
  }
}