{
  "latest_date": "2025-08-07",
  "latest_values": {
    "Shanghai_Composite_Index": 3633.994873046875,
    "CSI_300_Index": 4113.4853515625,
    "Shenzhen_Component_Index": 11177.7822265625,
    "ALUMINUM_future": 2544.5,
    "BTC_price": 114945.859375,
    "OIL_price": 64.41000366210938,
    "USD_CNY_exchange_rate": 7.181700229644775,
    "Commodity_Index_ETF": 21.770000457763672,
    "US_Dollar_Index": 98.25199890136719,
    "ETH_price": 3674.169677734375,
    "GOLD_spot_price": 3434.699951171875,
    "LEAN_HOGS_future": 91.92500305175781,
    "COPPER_future": 4.4120001792907715,
    "High_Yield_Bond_ETF": 80.29000091552734,
    "LIVE_CATTLE_future": 229.4499969482422,
    "GOLD_near_month_future": 3434.89990234375,
    "NATURAL_GAS_future": 3.0869998931884766,
    "PLATINUM_future": 1355.4000244140625,
    "SILVER_future": 37.96500015258789,
    "Long_Term_Treasury_ETF": 87.81999969482422,
    "CORN_future": 403.0,
    "SOYBEANS_future": 985.0,
    "WHEAT_future": 530.5,
    "SP500_close": 6345.06005859375,
    "NASDAQ_close": 21169.423828125,
    "US_10Y_Treasury_Yield": 4.220000267028809,
    "VIX_close": 16.770000457763672,
    "GOLD_basis_spot_vs_near": -0.199951171875,
    "China_10Y_Treasury_Yield": 1.6999
  }
}