{
  "latest_date": "2025-08-22",
  "latest_values": {
    "Shanghai_Composite_Index": 3825.75927734375,
    "CSI_300_Index": 4377.99755859375,
    "Shenzhen_Component_Index": 12166.060546875,
    "ALUMINUM_future": 2513.5,
    "BTC_price": 116822.15625,
    "OIL_price": 63.810001373291016,
    "USD_CNY_exchange_rate": 7.164599895477295,
    "Commodity_Index_ETF": 22.094999313354492,
    "US_Dollar_Index": 97.69999694824219,
    "ETH_price": 4792.98828125,
    "GOLD_spot_price": 3418.60009765625,
    "LEAN_HOGS_future": 91.2750015258789,
    "COPPER_future": 4.473499774932861,
    "High_Yield_Bond_ETF": 80.79000091552734,
    "LIVE_CATTLE_future": 237.8249969482422,
    "GOLD_near_month_future": 3418.699951171875,
    "NATURAL_GAS_future": 2.697000026702881,
    "PLATINUM_future": 1364.199951171875,
    "SILVER_future": 39.01499938964844,
    "Long_Term_Treasury_ETF": 86.98500061035156,
    "CORN_future": 411.75,
    "SOYBEANS_future": 1058.25,
    "WHEAT_future": 527.5,
    "SP500_close": 6470.18994140625,
    "NASDAQ_close": 21514.466796875,
    "US_10Y_Treasury_Yield": 4.261000156402588,
    "VIX_close": 14.350000381469727,
    "GOLD_basis_spot_vs_near": -0.099853515625,
    "China_10Y_Treasury_Yield": 1.7818
  }
}