{
  "latest_date": "2025-08-05",
  "latest_values": {
    "Shanghai_Composite_Index": 3583.30908203125,
    "CSI_300_Index": 4070.699951171875,
    "Shenzhen_Component_Index": 11041.5595703125,
    "ALUMINUM_future": 2479.5,
    "BTC_price": 114777.234375,
    "OIL_price": 65.6500015258789,
    "USD_CNY_exchange_rate": 7.211599826812744,
    "Commodity_Index_ETF": 22.010000228881836,
    "US_Dollar_Index": 99.0009994506836,
    "ETH_price": 3672.779541015625,
    "GOLD_spot_price": 3353.0,
    "LEAN_HOGS_future": 90.8499984741211,
    "COPPER_future": 4.409999847412109,
    "High_Yield_Bond_ETF": 80.25,
    "LIVE_CATTLE_future": 230.5749969482422,
    "GOLD_near_month_future": 3405.0,
    "NATURAL_GAS_future": 2.9790000915527344,
    "PLATINUM_future": 1324.0999755859375,
    "SILVER_future": 37.400001525878906,
    "Long_Term_Treasury_ETF": 88.05999755859375,
    "CORN_future": 406.0,
    "SOYBEANS_future": 999.5,
    "WHEAT_future": 515.5,
    "SP500_close": 6329.93994140625,
    "NASDAQ_close": 21053.580078125,
    "US_10Y_Treasury_Yield": 4.199999809265137,
    "VIX_close": 17.229999542236328,
    "GOLD_basis_spot_vs_near": -52.0,
    "China_10Y_Treasury_Yield": 1.7061
  }
}