{
  "latest_date": "2025-07-04",
  "latest_values": {
    "Shanghai_Composite_Index": 3461.15087890625,
    "CSI_300_Index": 3968.070068359375,
    "Shenzhen_Component_Index": 10534.580078125,
    "ALUMINUM_future": 2524.75,
    "BTC_price": 109252.6171875,
    "OIL_price": 67.0,
    "USD_CNY_exchange_rate": 7.1645002365112305,
    "Commodity_Index_ETF": 22.280000686645508,
    "US_Dollar_Index": 97.18000030517578,
    "ETH_price": 2580.56884765625,
    "GOLD_spot_price": 3342.89990234375,
    "LEAN_HOGS_future": 107.9749984741211,
    "COPPER_future": 5.141499996185303,
    "High_Yield_Bond_ETF": 80.37000274658203,
    "LIVE_CATTLE_future": 214.0500030517578,
    "GOLD_near_month_future": 3398.800048828125,
    "NATURAL_GAS_future": 3.4089999198913574,
    "PLATINUM_future": 1382.0999755859375,
    "SILVER_future": 37.08399963378906,
    "Long_Term_Treasury_ETF": 86.97000122070312,
    "CORN_future": 431.5,
    "SOYBEANS_future": 1056.25,
    "WHEAT_future": 547.75,
    "SP500_close": 6279.35009765625,
    "NASDAQ_close": 20601.099609375,
    "US_10Y_Treasury_Yield": 4.3480000495910645,
    "VIX_close": 16.3799991607666,
    "GOLD_basis_spot_vs_near": -55.900146484375,
    "China_10Y_Treasury_Yield": 1.6407
  }
}