{
  "latest_date": "2025-09-10",
  "latest_values": {
    "Shanghai_Composite_Index": 3812.22119140625,
    "CSI_300_Index": 4445.36474609375,
    "Shenzhen_Component_Index": 12510.599609375,
    "ALUMINUM_future": 2553.5,
    "BTC_price": 113863.921875,
    "OIL_price": 63.959999084472656,
    "USD_CNY_exchange_rate": 7.129300117492676,
    "Commodity_Index_ETF": 22.399999618530273,
    "US_Dollar_Index": 97.68699645996094,
    "ETH_price": 4402.05712890625,
    "GOLD_spot_price": 3686.199951171875,
    "LEAN_HOGS_future": 97.0250015258789,
    "COPPER_future": 4.617499828338623,
    "High_Yield_Bond_ETF": 80.8949966430664,
    "LIVE_CATTLE_future": 230.9250030517578,
    "GOLD_near_month_future": 3686.0,
    "NATURAL_GAS_future": 3.0360000133514404,
    "PLATINUM_future": 1396.300048828125,
    "SILVER_future": 41.650001525878906,
    "Long_Term_Treasury_ETF": 89.69999694824219,
    "CORN_future": 417.5,
    "SOYBEANS_future": 1027.75,
    "WHEAT_future": 517.25,
    "SP500_close": 6542.85009765625,
    "NASDAQ_close": 21948.03515625,
    "US_10Y_Treasury_Yield": 4.045000076293945,
    "VIX_close": 14.789999961853027,
    "GOLD_basis_spot_vs_near": 0.199951171875,
    "China_10Y_Treasury_Yield": 1.8992
  }
}