{
  "latest_date": "2025-09-24",
  "latest_values": {
    "Shanghai_Composite_Index": 3821.8330078125,
    "CSI_300_Index": 4519.77978515625,
    "Shenzhen_Component_Index": 13119.8203125,
    "ALUMINUM_future": 2574.0,
    "BTC_price": 113141.75,
    "OIL_price": 64.4000015258789,
    "USD_CNY_exchange_rate": 7.113999843597412,
    "Commodity_Index_ETF": 22.579999923706055,
    "US_Dollar_Index": 97.86599731445312,
    "ETH_price": 4173.24853515625,
    "GOLD_spot_price": 3792.10009765625,
    "LEAN_HOGS_future": 99.92500305175781,
    "COPPER_future": 4.76200008392334,
    "High_Yield_Bond_ETF": 81.22000122070312,
    "LIVE_CATTLE_future": 235.0,
    "GOLD_near_month_future": 3792.0,
    "NATURAL_GAS_future": 3.1510000228881836,
    "PLATINUM_future": 1484.199951171875,
    "SILVER_future": 44.275001525878906,
    "Long_Term_Treasury_ETF": 88.90840148925781,
    "CORN_future": 425.75,
    "SOYBEANS_future": 1011.75,
    "WHEAT_future": 522.25,
    "SP500_close": 6659.4599609375,
    "NASDAQ_close": 22588.705078125,
    "US_10Y_Treasury_Yield": 4.138999938964844,
    "VIX_close": 16.719999313354492,
    "GOLD_basis_spot_vs_near": 0.10009765625,
    "China_10Y_Treasury_Yield": 1.9022
  }
}