{
  "latest_date": "2025-09-25",
  "latest_values": {
    "Shanghai_Composite_Index": 3853.64208984375,
    "CSI_300_Index": 4566.07080078125,
    "Shenzhen_Component_Index": 13356.142578125,
    "ALUMINUM_future": 2590.0,
    "BTC_price": 113239.2109375,
    "OIL_price": 64.75,
    "USD_CNY_exchange_rate": 7.111599922180176,
    "Commodity_Index_ETF": 22.639999389648438,
    "US_Dollar_Index": 97.79199981689453,
    "ETH_price": 4122.29736328125,
    "GOLD_spot_price": 3772.300048828125,
    "LEAN_HOGS_future": 99.32499694824219,
    "COPPER_future": 4.8125,
    "High_Yield_Bond_ETF": 81.1500015258789,
    "LIVE_CATTLE_future": 239.0749969482422,
    "GOLD_near_month_future": 3772.5,
    "NATURAL_GAS_future": 2.875,
    "PLATINUM_future": 1483.5999755859375,
    "SILVER_future": 44.16999816894531,
    "Long_Term_Treasury_ETF": 88.9800033569336,
    "CORN_future": 424.25,
    "SOYBEANS_future": 1010.0,
    "WHEAT_future": 519.0,
    "SP500_close": 6637.97021484375,
    "NASDAQ_close": 22497.85546875,
    "US_10Y_Treasury_Yield": 4.147000312805176,
    "VIX_close": 16.18000030517578,
    "GOLD_basis_spot_vs_near": -0.199951171875,
    "China_10Y_Treasury_Yield": 1.9022
  }
}