{
  "latest_date": "2025-09-02",
  "latest_values": {
    "Shanghai_Composite_Index": 3875.531005859375,
    "CSI_300_Index": 4523.7099609375,
    "Shenzhen_Component_Index": 12828.9501953125,
    "ALUMINUM_future": 2542.75,
    "BTC_price": 110379.4296875,
    "OIL_price": 65.9800033569336,
    "USD_CNY_exchange_rate": 7.13040018081665,
    "Commodity_Index_ETF": 22.209999084472656,
    "US_Dollar_Index": 98.33499908447266,
    "ETH_price": 4397.892578125,
    "GOLD_spot_price": 3549.39990234375,
    "LEAN_HOGS_future": 95.0,
    "COPPER_future": 4.573500156402588,
    "High_Yield_Bond_ETF": 80.86000061035156,
    "LIVE_CATTLE_future": 239.8000030517578,
    "GOLD_near_month_future": 3549.39990234375,
    "NATURAL_GAS_future": 2.9839999675750732,
    "PLATINUM_future": 1406.0,
    "SILVER_future": 41.459999084472656,
    "Long_Term_Treasury_ETF": 86.5999984741211,
    "CORN_future": 419.5,
    "SOYBEANS_future": 1047.25,
    "WHEAT_future": 528.25,
    "SP500_close": 6460.259765625,
    "NASDAQ_close": 21455.55078125,
    "US_10Y_Treasury_Yield": 4.2270002365112305,
    "VIX_close": 17.280000686645508,
    "GOLD_basis_spot_vs_near": 0.0,
    "China_10Y_Treasury_Yield": 1.8167
  }
}