{
  "latest_date": "2025-08-15",
  "latest_values": {
    "Shanghai_Composite_Index": 3696.7705078125,
    "CSI_300_Index": 4202.353515625,
    "Shenzhen_Component_Index": 11451.4296875,
    "ALUMINUM_future": 2531.75,
    "BTC_price": 117186.0390625,
    "OIL_price": 63.18000030517578,
    "USD_CNY_exchange_rate": 7.174300193786621,
    "Commodity_Index_ETF": 21.77280044555664,
    "US_Dollar_Index": 97.802001953125,
    "ETH_price": 4413.27978515625,
    "GOLD_spot_price": 3387.800048828125,
    "LEAN_HOGS_future": 89.7249984741211,
    "COPPER_future": 4.497499942779541,
    "High_Yield_Bond_ETF": 80.4000015258789,
    "LIVE_CATTLE_future": 227.625,
    "GOLD_near_month_future": 3387.800048828125,
    "NATURAL_GAS_future": 2.943000078201294,
    "PLATINUM_future": 1348.0999755859375,
    "SILVER_future": 38.005001068115234,
    "Long_Term_Treasury_ETF": 86.45919799804688,
    "CORN_future": 404.0,
    "SOYBEANS_future": 1042.25,
    "WHEAT_future": 528.0,
    "SP500_close": 6450.22021484375,
    "NASDAQ_close": 21597.798828125,
    "US_10Y_Treasury_Yield": 4.311999797821045,
    "VIX_close": 14.880000114440918,
    "GOLD_basis_spot_vs_near": 0.0,
    "China_10Y_Treasury_Yield": 1.7465
  }
}