{
  "latest_date": "2025-07-17",
  "latest_values": {
    "Shanghai_Composite_Index": 3516.825439453125,
    "CSI_300_Index": 4034.490966796875,
    "Shenzhen_Component_Index": 10873.619140625,
    "ALUMINUM_future": 2491.5,
    "BTC_price": 119721.0625,
    "OIL_price": 67.62999725341797,
    "USD_CNY_exchange_rate": 7.182700157165527,
    "Commodity_Index_ETF": 22.489999771118164,
    "US_Dollar_Index": 98.65299987792969,
    "ETH_price": 3434.453857421875,
    "GOLD_spot_price": 3344.10009765625,
    "LEAN_HOGS_future": 105.94999694824219,
    "COPPER_future": 5.495999813079834,
    "High_Yield_Bond_ETF": 80.13999938964844,
    "LIVE_CATTLE_future": 223.64999389648438,
    "GOLD_near_month_future": 3399.800048828125,
    "NATURAL_GAS_future": 3.5179998874664307,
    "PLATINUM_future": 1483.5999755859375,
    "SILVER_future": 38.400001525878906,
    "Long_Term_Treasury_ETF": 85.11000061035156,
    "CORN_future": 420.75,
    "SOYBEANS_future": 1027.25,
    "WHEAT_future": 534.0,
    "SP500_close": 6297.35986328125,
    "NASDAQ_close": 20885.6484375,
    "US_10Y_Treasury_Yield": 4.463000297546387,
    "VIX_close": 16.520000457763672,
    "GOLD_basis_spot_vs_near": -55.699951171875,
    "China_10Y_Treasury_Yield": 1.663
  }
}