{
  "latest_date": "2025-07-25",
  "latest_values": {
    "Shanghai_Composite_Index": 3593.6552734375,
    "CSI_300_Index": 4127.16357421875,
    "Shenzhen_Component_Index": 11193.0595703125,
    "ALUMINUM_future": 2594.5,
    "BTC_price": 115778.328125,
    "OIL_price": 65.30000305175781,
    "USD_CNY_exchange_rate": 7.1595001220703125,
    "Commodity_Index_ETF": 22.235000610351562,
    "US_Dollar_Index": 97.76000213623047,
    "ETH_price": 3637.328857421875,
    "GOLD_spot_price": 3328.0,
    "LEAN_HOGS_future": 107.4749984741211,
    "COPPER_future": 5.754000186920166,
    "High_Yield_Bond_ETF": 80.4800033569336,
    "LIVE_CATTLE_future": 225.3249969482422,
    "GOLD_near_month_future": 3385.0,
    "NATURAL_GAS_future": 3.122999906539917,
    "PLATINUM_future": 1416.199951171875,
    "SILVER_future": 38.209999084472656,
    "Long_Term_Treasury_ETF": 86.1050033569336,
    "CORN_future": 418.25,
    "SOYBEANS_future": 1018.5,
    "WHEAT_future": 535.25,
    "SP500_close": 6380.77978515625,
    "NASDAQ_close": 21124.251953125,
    "US_10Y_Treasury_Yield": 4.4079999923706055,
    "VIX_close": 15.039999961853027,
    "GOLD_basis_spot_vs_near": -57.0,
    "China_10Y_Treasury_Yield": 1.7324
  }
}