{
  "latest_date": "2025-08-04",
  "latest_values": {
    "Shanghai_Composite_Index": 3583.308837890625,
    "CSI_300_Index": 4070.702392578125,
    "Shenzhen_Component_Index": 11041.5595703125,
    "ALUMINUM_future": 2475.75,
    "BTC_price": 115516.2109375,
    "OIL_price": 66.27999877929688,
    "USD_CNY_exchange_rate": 7.200200080871582,
    "Commodity_Index_ETF": 22.040000915527344,
    "US_Dollar_Index": 98.74099731445312,
    "ETH_price": 3713.404296875,
    "GOLD_spot_price": 3426.0,
    "LEAN_HOGS_future": 90.625,
    "COPPER_future": 4.442999839782715,
    "High_Yield_Bond_ETF": 80.20500183105469,
    "LIVE_CATTLE_future": 223.375,
    "GOLD_near_month_future": 3426.0,
    "NATURAL_GAS_future": 2.8989999294281006,
    "PLATINUM_future": 1340.699951171875,
    "SILVER_future": 37.3650016784668,
    "Long_Term_Treasury_ETF": 88.00299835205078,
    "CORN_future": 407.75,
    "SOYBEANS_future": 994.5,
    "WHEAT_future": 537.25,
    "SP500_close": 6323.52978515625,
    "NASDAQ_close": 21027.830078125,
    "US_10Y_Treasury_Yield": 4.203999996185303,
    "VIX_close": 17.989999771118164,
    "GOLD_basis_spot_vs_near": 0.0,
    "China_10Y_Treasury_Yield": 1.7083
  }
}