{
  "latest_date": "2025-07-30",
  "latest_values": {
    "Shanghai_Composite_Index": 3609.7109375,
    "CSI_300_Index": 4152.02001953125,
    "Shenzhen_Component_Index": 11289.41015625,
    "ALUMINUM_future": 2606.25,
    "BTC_price": 117908.1953125,
    "OIL_price": 69.20999908447266,
    "USD_CNY_exchange_rate": 7.176400184631348,
    "Commodity_Index_ETF": 22.690000534057617,
    "US_Dollar_Index": 98.87200164794922,
    "ETH_price": 3788.382080078125,
    "GOLD_spot_price": 3328.5,
    "LEAN_HOGS_future": 107.0999984741211,
    "COPPER_future": 5.664999961853027,
    "High_Yield_Bond_ETF": 80.5,
    "LIVE_CATTLE_future": 229.5,
    "GOLD_near_month_future": 3385.60009765625,
    "NATURAL_GAS_future": 3.072999954223633,
    "PLATINUM_future": 1421.4000244140625,
    "SILVER_future": 38.400001525878906,
    "Long_Term_Treasury_ETF": 87.31999969482422,
    "CORN_future": 411.0,
    "SOYBEANS_future": 1008.25,
    "WHEAT_future": 527.5,
    "SP500_close": 6370.85986328125,
    "NASDAQ_close": 21098.2890625,
    "US_10Y_Treasury_Yield": 4.329999923706055,
    "VIX_close": 15.979999542236328,
    "GOLD_basis_spot_vs_near": -57.10009765625,
    "China_10Y_Treasury_Yield": 1.7466
  }
}