{
  "latest_date": "2025-07-07",
  "latest_values": {
    "Shanghai_Composite_Index": 3473.127197265625,
    "CSI_300_Index": 3965.174560546875,
    "Shenzhen_Component_Index": 10435.5068359375,
    "ALUMINUM_future": 2511.0,
    "BTC_price": 107849.65625,
    "OIL_price": 67.80000305175781,
    "USD_CNY_exchange_rate": 7.1743998527526855,
    "Commodity_Index_ETF": 22.204999923706055,
    "US_Dollar_Index": 97.6449966430664,
    "ETH_price": 2519.411865234375,
    "GOLD_spot_price": 3335.699951171875,
    "LEAN_HOGS_future": 107.375,
    "COPPER_future": 5.022500038146973,
    "High_Yield_Bond_ETF": 80.11499786376953,
    "LIVE_CATTLE_future": 215.85000610351562,
    "GOLD_near_month_future": 3391.300048828125,
    "NATURAL_GAS_future": 3.4519999027252197,
    "PLATINUM_future": 1371.800048828125,
    "SILVER_future": 36.83000183105469,
    "Long_Term_Treasury_ETF": 86.19499969482422,
    "CORN_future": 421.5,
    "SOYBEANS_future": 1019.5,
    "WHEAT_future": 547.25,
    "SP500_close": 6221.56982421875,
    "NASDAQ_close": 20404.560546875,
    "US_10Y_Treasury_Yield": 4.384999752044678,
    "VIX_close": 18.149999618530273,
    "GOLD_basis_spot_vs_near": -55.60009765625,
    "China_10Y_Treasury_Yield": 1.6406
  }
}