{
  "latest_date": "2025-06-30",
  "latest_values": {
    "Shanghai_Composite_Index": 3424.22705078125,
    "CSI_300_Index": 3921.760009765625,
    "Shenzhen_Component_Index": 10378.5498046875,
    "ALUMINUM_future": 2562.25,
    "BTC_price": 107674.8046875,
    "OIL_price": 65.29000091552734,
    "USD_CNY_exchange_rate": 7.167500019073486,
    "Commodity_Index_ETF": 21.799999237060547,
    "US_Dollar_Index": 97.20999908447266,
    "ETH_price": 2455.13232421875,
    "GOLD_spot_price": 3294.300048828125,
    "LEAN_HOGS_future": 113.0999984741211,
    "COPPER_future": 5.0920000076293945,
    "High_Yield_Bond_ETF": 80.33999633789062,
    "LIVE_CATTLE_future": 213.60000610351562,
    "GOLD_near_month_future": 3294.5,
    "NATURAL_GAS_future": 3.5820000171661377,
    "PLATINUM_future": 1367.0,
    "SILVER_future": 36.25,
    "Long_Term_Treasury_ETF": 87.38999938964844,
    "CORN_future": 425.25,
    "SOYBEANS_future": 1029.25,
    "WHEAT_future": 539.25,
    "SP500_close": 6173.06982421875,
    "NASDAQ_close": 20273.4609375,
    "US_10Y_Treasury_Yield": 4.2829999923706055,
    "VIX_close": 17.049999237060547,
    "GOLD_basis_spot_vs_near": -0.199951171875,
    "China_10Y_Treasury_Yield": 1.6469
  }
}