{
  "latest_date": "2025-08-07",
  "latest_values": {
    "Shanghai_Composite_Index": 3639.66650390625,
    "CSI_300_Index": 4114.666015625,
    "Shenzhen_Component_Index": 11157.9404296875,
    "ALUMINUM_future": 2540.0,
    "BTC_price": 117273.546875,
    "OIL_price": 63.83000183105469,
    "USD_CNY_exchange_rate": 7.181000232696533,
    "Commodity_Index_ETF": 21.84000015258789,
    "US_Dollar_Index": 98.06900024414062,
    "ETH_price": 3874.749267578125,
    "GOLD_spot_price": 3478.0,
    "LEAN_HOGS_future": 90.9000015258789,
    "COPPER_future": 4.414999961853027,
    "High_Yield_Bond_ETF": 80.20999908447266,
    "LIVE_CATTLE_future": 232.5749969482422,
    "GOLD_near_month_future": 3477.89990234375,
    "NATURAL_GAS_future": 3.0810000896453857,
    "PLATINUM_future": 1357.0,
    "SILVER_future": 38.5,
    "Long_Term_Treasury_ETF": 87.66999816894531,
    "CORN_future": 407.0,
    "SOYBEANS_future": 994.5,
    "WHEAT_future": 538.75,
    "SP500_close": 6340.0,
    "NASDAQ_close": 21242.697265625,
    "US_10Y_Treasury_Yield": 4.24399995803833,
    "VIX_close": 16.56999969482422,
    "GOLD_basis_spot_vs_near": 0.10009765625,
    "China_10Y_Treasury_Yield": 1.6894
  }
}