{
  "latest_date": "2025-08-12",
  "latest_values": {
    "Shanghai_Composite_Index": 3647.547119140625,
    "CSI_300_Index": 4122.509765625,
    "Shenzhen_Component_Index": 11291.4296875,
    "ALUMINUM_future": 2518.0,
    "BTC_price": 118949.890625,
    "OIL_price": 64.18000030517578,
    "USD_CNY_exchange_rate": 7.181000232696533,
    "Commodity_Index_ETF": 21.8700008392334,
    "US_Dollar_Index": 98.47699737548828,
    "ETH_price": 4285.8544921875,
    "GOLD_spot_price": 3404.89990234375,
    "LEAN_HOGS_future": 91.625,
    "COPPER_future": 4.464000225067139,
    "High_Yield_Bond_ETF": 80.22000122070312,
    "LIVE_CATTLE_future": 226.375,
    "GOLD_near_month_future": 3404.800048828125,
    "NATURAL_GAS_future": 2.9760000705718994,
    "PLATINUM_future": 1344.5999755859375,
    "SILVER_future": 37.91999816894531,
    "Long_Term_Treasury_ETF": 87.38999938964844,
    "CORN_future": 404.75,
    "SOYBEANS_future": 1001.25,
    "WHEAT_future": 533.75,
    "SP500_close": 6373.4501953125,
    "NASDAQ_close": 21385.400390625,
    "US_10Y_Treasury_Yield": 4.2729997634887695,
    "VIX_close": 16.25,
    "GOLD_basis_spot_vs_near": 0.099853515625,
    "China_10Y_Treasury_Yield": 1.7203
  }
}