{
  "latest_date": "2025-07-18",
  "latest_values": {
    "Shanghai_Composite_Index": 3516.824951171875,
    "CSI_300_Index": 4034.489990234375,
    "Shenzhen_Component_Index": 10873.6201171875,
    "ALUMINUM_future": 2493.25,
    "BTC_price": 119320.0625,
    "OIL_price": 67.87000274658203,
    "USD_CNY_exchange_rate": 7.178500175476074,
    "Commodity_Index_ETF": 22.489999771118164,
    "US_Dollar_Index": 98.4530029296875,
    "ETH_price": 3622.287109375,
    "GOLD_spot_price": 3355.300048828125,
    "LEAN_HOGS_future": 105.94999694824219,
    "COPPER_future": 5.553999900817871,
    "High_Yield_Bond_ETF": 80.13999938964844,
    "LIVE_CATTLE_future": 223.64999389648438,
    "GOLD_near_month_future": 3411.699951171875,
    "NATURAL_GAS_future": 3.5739998817443848,
    "PLATINUM_future": 1485.9000244140625,
    "SILVER_future": 38.709999084472656,
    "Long_Term_Treasury_ETF": 85.11000061035156,
    "CORN_future": 426.25,
    "SOYBEANS_future": 1038.25,
    "WHEAT_future": 536.75,
    "SP500_close": 6297.35986328125,
    "NASDAQ_close": 20885.650390625,
    "US_10Y_Treasury_Yield": 4.4629998207092285,
    "VIX_close": 16.479999542236328,
    "GOLD_basis_spot_vs_near": -56.39990234375,
    "China_10Y_Treasury_Yield": 1.663
  }
}