{
  "latest_date": "2025-07-22",
  "latest_values": {
    "Shanghai_Composite_Index": 3559.791015625,
    "CSI_300_Index": 4085.610107421875,
    "Shenzhen_Component_Index": 11007.490234375,
    "ALUMINUM_future": 2634.75,
    "BTC_price": 119398.015625,
    "OIL_price": 66.45999908447266,
    "USD_CNY_exchange_rate": 7.174300193786621,
    "Commodity_Index_ETF": 22.479999542236328,
    "US_Dollar_Index": 97.84700012207031,
    "ETH_price": 3704.12451171875,
    "GOLD_spot_price": 3423.800048828125,
    "LEAN_HOGS_future": 107.30000305175781,
    "COPPER_future": 5.691500186920166,
    "High_Yield_Bond_ETF": 80.36000061035156,
    "LIVE_CATTLE_future": 225.1750030517578,
    "GOLD_near_month_future": 3482.300048828125,
    "NATURAL_GAS_future": 3.2290000915527344,
    "PLATINUM_future": 1482.699951171875,
    "SILVER_future": 39.67499923706055,
    "Long_Term_Treasury_ETF": 86.0,
    "CORN_future": 418.0,
    "SOYBEANS_future": 1023.25,
    "WHEAT_future": 543.25,
    "SP500_close": 6305.60009765625,
    "NASDAQ_close": 20974.1796875,
    "US_10Y_Treasury_Yield": 4.363999843597412,
    "VIX_close": 16.739999771118164,
    "GOLD_basis_spot_vs_near": -58.5,
    "China_10Y_Treasury_Yield": 1.6907
  }
}