{
  "latest_date": "2025-09-02",
  "latest_values": {
    "Shanghai_Composite_Index": 3858.13330078125,
    "CSI_300_Index": 4490.45263671875,
    "Shenzhen_Component_Index": 12553.837890625,
    "ALUMINUM_future": 2542.75,
    "BTC_price": 110584.9765625,
    "OIL_price": 65.68000030517578,
    "USD_CNY_exchange_rate": 7.13040018081665,
    "Commodity_Index_ETF": 22.565799713134766,
    "US_Dollar_Index": 98.31500244140625,
    "ETH_price": 4297.84912109375,
    "GOLD_spot_price": 3593.199951171875,
    "LEAN_HOGS_future": 95.5250015258789,
    "COPPER_future": 4.644999980926514,
    "High_Yield_Bond_ETF": 80.30349731445312,
    "LIVE_CATTLE_future": 239.9250030517578,
    "GOLD_near_month_future": 3593.199951171875,
    "NATURAL_GAS_future": 2.9739999771118164,
    "PLATINUM_future": 1415.5,
    "SILVER_future": 41.654998779296875,
    "Long_Term_Treasury_ETF": 85.5,
    "CORN_future": 421.25,
    "SOYBEANS_future": 1038.75,
    "WHEAT_future": 526.75,
    "SP500_close": 6394.39013671875,
    "NASDAQ_close": 21189.724609375,
    "US_10Y_Treasury_Yield": 4.284999847412109,
    "VIX_close": 18.100000381469727,
    "GOLD_basis_spot_vs_near": 0.0,
    "China_10Y_Treasury_Yield": 1.8167
  }
}