{
  "latest_date": "2025-09-15",
  "latest_values": {
    "Shanghai_Composite_Index": 3860.503662109375,
    "CSI_300_Index": 4533.0556640625,
    "Shenzhen_Component_Index": 13005.7744140625,
    "ALUMINUM_future": 2657.0,
    "BTC_price": 114998.7890625,
    "OIL_price": 63.25,
    "USD_CNY_exchange_rate": 7.118100166320801,
    "Commodity_Index_ETF": 22.549299240112305,
    "US_Dollar_Index": 97.31099700927734,
    "ETH_price": 4498.0185546875,
    "GOLD_spot_price": 3718.699951171875,
    "LEAN_HOGS_future": 97.57499694824219,
    "COPPER_future": 4.715000152587891,
    "High_Yield_Bond_ETF": 81.18000030517578,
    "LIVE_CATTLE_future": 234.625,
    "GOLD_near_month_future": 3718.60009765625,
    "NATURAL_GAS_future": 3.0350000858306885,
    "PLATINUM_future": 1419.4000244140625,
    "SILVER_future": 43.03499984741211,
    "Long_Term_Treasury_ETF": 90.30000305175781,
    "CORN_future": 423.5,
    "SOYBEANS_future": 1043.0,
    "WHEAT_future": 525.5,
    "SP500_close": 6607.7099609375,
    "NASDAQ_close": 22308.166015625,
    "US_10Y_Treasury_Yield": 4.0320000648498535,
    "VIX_close": 15.670000076293945,
    "GOLD_basis_spot_vs_near": 0.099853515625,
    "China_10Y_Treasury_Yield": 1.8724
  }
}