{
  "latest_date": "2025-07-09",
  "latest_values": {
    "Shanghai_Composite_Index": 3497.47509765625,
    "CSI_300_Index": 3998.449951171875,
    "Shenzhen_Component_Index": 10588.3896484375,
    "ALUMINUM_future": 2510.0,
    "BTC_price": 108935.3203125,
    "OIL_price": 68.5199966430664,
    "USD_CNY_exchange_rate": 7.1743998527526855,
    "Commodity_Index_ETF": 22.329999923706055,
    "US_Dollar_Index": 97.64700317382812,
    "ETH_price": 2621.243896484375,
    "GOLD_spot_price": 3303.199951171875,
    "LEAN_HOGS_future": 106.92500305175781,
    "COPPER_future": 5.54449987411499,
    "High_Yield_Bond_ETF": 79.98999786376953,
    "LIVE_CATTLE_future": 219.89999389648438,
    "GOLD_near_month_future": 3358.300048828125,
    "NATURAL_GAS_future": 3.2699999809265137,
    "PLATINUM_future": 1376.800048828125,
    "SILVER_future": 36.834999084472656,
    "Long_Term_Treasury_ETF": 86.02999877929688,
    "CORN_future": 413.75,
    "SOYBEANS_future": 1016.75,
    "WHEAT_future": 549.5,
    "SP500_close": 6225.52001953125,
    "NASDAQ_close": 20418.4609375,
    "US_10Y_Treasury_Yield": 4.414999961853027,
    "VIX_close": 16.350000381469727,
    "GOLD_basis_spot_vs_near": -55.10009765625,
    "China_10Y_Treasury_Yield": 1.6446
  }
}