{
  "latest_date": "2025-08-25",
  "latest_values": {
    "Shanghai_Composite_Index": 3883.561767578125,
    "CSI_300_Index": 4469.2216796875,
    "Shenzhen_Component_Index": 12166.0595703125,
    "ALUMINUM_future": 2505.25,
    "BTC_price": 112191.1171875,
    "OIL_price": 64.62000274658203,
    "USD_CNY_exchange_rate": 7.179900169372559,
    "Commodity_Index_ETF": 22.239900588989258,
    "US_Dollar_Index": 97.93900299072266,
    "ETH_price": 4652.625,
    "GOLD_spot_price": 3419.10009765625,
    "LEAN_HOGS_future": 91.125,
    "COPPER_future": 4.482999801635742,
    "High_Yield_Bond_ETF": 80.75499725341797,
    "LIVE_CATTLE_future": 235.77499389648438,
    "GOLD_near_month_future": 3418.89990234375,
    "NATURAL_GAS_future": 2.697000026702881,
    "PLATINUM_future": 1346.300048828125,
    "SILVER_future": 38.82500076293945,
    "Long_Term_Treasury_ETF": 86.7874984741211,
    "CORN_future": 415.25,
    "SOYBEANS_future": 1053.0,
    "WHEAT_future": 534.25,
    "SP500_close": 6460.259765625,
    "NASDAQ_close": 21541.533203125,
    "US_10Y_Treasury_Yield": 4.293000221252441,
    "VIX_close": 14.5,
    "GOLD_basis_spot_vs_near": 0.2001953125,
    "China_10Y_Treasury_Yield": 1.7643
  }
}