{
  "latest_date": "2025-07-01",
  "latest_values": {
    "Shanghai_Composite_Index": 3444.426025390625,
    "CSI_300_Index": 3936.080078125,
    "Shenzhen_Component_Index": 10465.1201171875,
    "ALUMINUM_future": 2574.5,
    "BTC_price": 106562.1015625,
    "OIL_price": 65.7699966430664,
    "USD_CNY_exchange_rate": 7.172100067138672,
    "Commodity_Index_ETF": 21.809999465942383,
    "US_Dollar_Index": 96.46600341796875,
    "ETH_price": 2458.004638671875,
    "GOLD_spot_price": 3361.0,
    "LEAN_HOGS_future": 107.30000305175781,
    "COPPER_future": 5.133500099182129,
    "High_Yield_Bond_ETF": 80.6500015258789,
    "LIVE_CATTLE_future": 213.97500610351562,
    "GOLD_near_month_future": 3360.800048828125,
    "NATURAL_GAS_future": 3.438999891281128,
    "PLATINUM_future": 1364.0,
    "SILVER_future": 36.724998474121094,
    "Long_Term_Treasury_ETF": 88.25,
    "CORN_future": 419.25,
    "SOYBEANS_future": 1019.75,
    "WHEAT_future": 540.5,
    "SP500_close": 6204.9501953125,
    "NASDAQ_close": 20369.73046875,
    "US_10Y_Treasury_Yield": 4.230000019073486,
    "VIX_close": 17.290000915527344,
    "GOLD_basis_spot_vs_near": 0.199951171875,
    "China_10Y_Treasury_Yield": 1.6433
  }
}