{
  "latest_date": "2025-10-03",
  "latest_values": {
    "Shanghai_Composite_Index": 3882.777099609375,
    "CSI_300_Index": 4640.68994140625,
    "Shenzhen_Component_Index": 13526.509765625,
    "ALUMINUM_future": 2654.25,
    "BTC_price": 122526.6015625,
    "OIL_price": 60.689998626708984,
    "USD_CNY_exchange_rate": 7.118500232696533,
    "Commodity_Index_ETF": 22.40999984741211,
    "US_Dollar_Index": 97.71199798583984,
    "ETH_price": 4529.1083984375,
    "GOLD_spot_price": 3912.10009765625,
    "LEAN_HOGS_future": 87.30000305175781,
    "COPPER_future": 5.085000038146973,
    "High_Yield_Bond_ETF": 80.83999633789062,
    "LIVE_CATTLE_future": 234.60000610351562,
    "GOLD_near_month_future": 3911.699951171875,
    "NATURAL_GAS_future": 3.3359999656677246,
    "PLATINUM_future": 1644.800048828125,
    "SILVER_future": 47.970001220703125,
    "Long_Term_Treasury_ETF": 89.37999725341797,
    "CORN_future": 419.5,
    "SOYBEANS_future": 1036.25,
    "WHEAT_future": 514.75,
    "SP500_close": 6715.7900390625,
    "NASDAQ_close": 22780.505859375,
    "US_10Y_Treasury_Yield": 4.11899995803833,
    "VIX_close": 16.649999618530273,
    "GOLD_basis_spot_vs_near": 0.400146484375,
    "China_10Y_Treasury_Yield": 1.8605
  }
}