{
  "latest_date": "2025-07-09",
  "latest_values": {
    "Shanghai_Composite_Index": 3497.47509765625,
    "CSI_300_Index": 3998.449951171875,
    "Shenzhen_Component_Index": 10588.3896484375,
    "ALUMINUM_future": 2513.25,
    "BTC_price": 108668.2109375,
    "OIL_price": 68.8499984741211,
    "USD_CNY_exchange_rate": 7.1743998527526855,
    "Commodity_Index_ETF": 22.329999923706055,
    "US_Dollar_Index": 97.572998046875,
    "ETH_price": 2611.5078125,
    "GOLD_spot_price": 3293.10009765625,
    "LEAN_HOGS_future": 107.19999694824219,
    "COPPER_future": 5.513999938964844,
    "High_Yield_Bond_ETF": 79.98999786376953,
    "LIVE_CATTLE_future": 219.89999389648438,
    "GOLD_near_month_future": 3292.800048828125,
    "NATURAL_GAS_future": 3.2869999408721924,
    "PLATINUM_future": 1373.0,
    "SILVER_future": 36.689998626708984,
    "Long_Term_Treasury_ETF": 86.02999877929688,
    "CORN_future": 415.5,
    "SOYBEANS_future": 1020.75,
    "WHEAT_future": 550.0,
    "SP500_close": 6225.52001953125,
    "NASDAQ_close": 20418.4609375,
    "US_10Y_Treasury_Yield": 4.414999961853027,
    "VIX_close": 16.510000228881836,
    "GOLD_basis_spot_vs_near": 0.300048828125,
    "China_10Y_Treasury_Yield": 1.6444
  }
}