{
  "latest_date": "2025-07-11",
  "latest_values": {
    "Shanghai_Composite_Index": 3510.17724609375,
    "CSI_300_Index": 4014.806884765625,
    "Shenzhen_Component_Index": 10696.09765625,
    "ALUMINUM_future": 2534.5,
    "BTC_price": 117524.734375,
    "OIL_price": 68.26000213623047,
    "USD_CNY_exchange_rate": 7.167600154876709,
    "Commodity_Index_ETF": 22.46179962158203,
    "US_Dollar_Index": 97.83300018310547,
    "ETH_price": 2973.075439453125,
    "GOLD_spot_price": 3369.5,
    "LEAN_HOGS_future": 105.4000015258789,
    "COPPER_future": 5.611000061035156,
    "High_Yield_Bond_ETF": 79.9749984741211,
    "LIVE_CATTLE_future": 221.77499389648438,
    "GOLD_near_month_future": 3425.699951171875,
    "NATURAL_GAS_future": 3.3359999656677246,
    "PLATINUM_future": 1470.5999755859375,
    "SILVER_future": 39.0099983215332,
    "Long_Term_Treasury_ETF": 85.87999725341797,
    "CORN_future": 413.5,
    "SOYBEANS_future": 1010.5,
    "WHEAT_future": 549.0,
    "SP500_close": 6265.9599609375,
    "NASDAQ_close": 20644.537109375,
    "US_10Y_Treasury_Yield": 4.418999671936035,
    "VIX_close": 16.270000457763672,
    "GOLD_basis_spot_vs_near": -56.199951171875,
    "China_10Y_Treasury_Yield": 1.6653
  }
}