{
  "latest_date": "2025-08-26",
  "latest_values": {
    "Shanghai_Composite_Index": 3883.56201171875,
    "CSI_300_Index": 4469.22021484375,
    "Shenzhen_Component_Index": 12441.0703125,
    "ALUMINUM_future": 2569.5,
    "BTC_price": 110129.65625,
    "OIL_price": 63.869998931884766,
    "USD_CNY_exchange_rate": 7.167500019073486,
    "Commodity_Index_ETF": 22.079999923706055,
    "US_Dollar_Index": 98.20999908447266,
    "ETH_price": 4470.85986328125,
    "GOLD_spot_price": 3422.39990234375,
    "LEAN_HOGS_future": 92.0999984741211,
    "COPPER_future": 4.465000152587891,
    "High_Yield_Bond_ETF": 80.76499938964844,
    "LIVE_CATTLE_future": 237.75,
    "GOLD_near_month_future": 3422.39990234375,
    "NATURAL_GAS_future": 2.6570000648498535,
    "PLATINUM_future": 1345.9000244140625,
    "SILVER_future": 38.51499938964844,
    "Long_Term_Treasury_ETF": 86.41000366210938,
    "CORN_future": 410.5,
    "SOYBEANS_future": 1045.5,
    "WHEAT_future": 532.75,
    "SP500_close": 6440.16015625,
    "NASDAQ_close": 21454.947265625,
    "US_10Y_Treasury_Yield": 4.2829999923706055,
    "VIX_close": 15.34000015258789,
    "GOLD_basis_spot_vs_near": 0.0,
    "China_10Y_Treasury_Yield": 1.7598
  }
}