{
  "latest_date": "2025-08-11",
  "latest_values": {
    "Shanghai_Composite_Index": 3635.1279296875,
    "CSI_300_Index": 4104.97021484375,
    "Shenzhen_Component_Index": 11128.669921875,
    "ALUMINUM_future": 2515.0,
    "BTC_price": 119477.09375,
    "OIL_price": 64.23999786376953,
    "USD_CNY_exchange_rate": 7.181000232696533,
    "Commodity_Index_ETF": 21.84000015258789,
    "US_Dollar_Index": 98.47100067138672,
    "ETH_price": 4175.5791015625,
    "GOLD_spot_price": 3406.60009765625,
    "LEAN_HOGS_future": 90.55000305175781,
    "COPPER_future": 4.440999984741211,
    "High_Yield_Bond_ETF": 80.22000122070312,
    "LIVE_CATTLE_future": 225.9499969482422,
    "GOLD_near_month_future": 3406.5,
    "NATURAL_GAS_future": 2.9790000915527344,
    "PLATINUM_future": 1333.5,
    "SILVER_future": 37.88999938964844,
    "Long_Term_Treasury_ETF": 87.29000091552734,
    "CORN_future": 407.0,
    "SOYBEANS_future": 1004.25,
    "WHEAT_future": 535.5,
    "SP500_close": 6389.4501953125,
    "NASDAQ_close": 21450.01953125,
    "US_10Y_Treasury_Yield": 4.265999794006348,
    "VIX_close": 15.850000381469727,
    "GOLD_basis_spot_vs_near": 0.10009765625,
    "China_10Y_Treasury_Yield": 1.7203
  }
}