{
  "latest_date": "2025-09-25",
  "latest_values": {
    "Shanghai_Composite_Index": 3853.302001953125,
    "CSI_300_Index": 4593.4873046875,
    "Shenzhen_Component_Index": 13356.1396484375,
    "ALUMINUM_future": 2584.75,
    "BTC_price": 111382.6953125,
    "OIL_price": 64.79000091552734,
    "USD_CNY_exchange_rate": 7.111599922180176,
    "Commodity_Index_ETF": 22.660200119018555,
    "US_Dollar_Index": 98.40399932861328,
    "ETH_price": 3980.033203125,
    "GOLD_spot_price": 3770.0,
    "LEAN_HOGS_future": 90.75,
    "COPPER_future": 4.776500225067139,
    "High_Yield_Bond_ETF": 80.97000122070312,
    "LIVE_CATTLE_future": 231.64999389648438,
    "GOLD_near_month_future": 3770.0,
    "NATURAL_GAS_future": 3.174999952316284,
    "PLATINUM_future": 1525.800048828125,
    "SILVER_future": 45.02000045776367,
    "Long_Term_Treasury_ETF": 88.6449966430664,
    "CORN_future": 424.25,
    "SOYBEANS_future": 1009.75,
    "WHEAT_future": 523.5,
    "SP500_close": 6606.56982421875,
    "NASDAQ_close": 22406.99609375,
    "US_10Y_Treasury_Yield": 4.184999942779541,
    "VIX_close": 16.549999237060547,
    "GOLD_basis_spot_vs_near": 0.0,
    "China_10Y_Treasury_Yield": 1.884
  }
}