{
  "latest_date": "2025-07-23",
  "latest_values": {
    "Shanghai_Composite_Index": 3581.861083984375,
    "CSI_300_Index": 4118.9599609375,
    "Shenzhen_Component_Index": 11099.830078125,
    "ALUMINUM_future": 2617.75,
    "BTC_price": 118412.5859375,
    "OIL_price": 64.9000015258789,
    "USD_CNY_exchange_rate": 7.160799980163574,
    "Commodity_Index_ETF": 22.440000534057617,
    "US_Dollar_Index": 97.44999694824219,
    "ETH_price": 3665.056884765625,
    "GOLD_spot_price": 3435.699951171875,
    "LEAN_HOGS_future": 107.625,
    "COPPER_future": 5.83050012588501,
    "High_Yield_Bond_ETF": 80.5,
    "LIVE_CATTLE_future": 224.89999389648438,
    "GOLD_near_month_future": 3494.5,
    "NATURAL_GAS_future": 3.2290000915527344,
    "PLATINUM_future": 1482.5,
    "SILVER_future": 39.72999954223633,
    "Long_Term_Treasury_ETF": 86.5199966430664,
    "CORN_future": 419.25,
    "SOYBEANS_future": 1032.25,
    "WHEAT_future": 550.5,
    "SP500_close": 6309.6201171875,
    "NASDAQ_close": 20892.689453125,
    "US_10Y_Treasury_Yield": 4.335999965667725,
    "VIX_close": 16.059999465942383,
    "GOLD_basis_spot_vs_near": -58.800048828125,
    "China_10Y_Treasury_Yield": 1.7041
  }
}