{
  "latest_date": "2025-08-14",
  "latest_values": {
    "Shanghai_Composite_Index": 3683.465087890625,
    "CSI_300_Index": 4176.580078125,
    "Shenzhen_Component_Index": 11551.3701171875,
    "ALUMINUM_future": 2541.25,
    "BTC_price": 120977.53125,
    "OIL_price": 62.599998474121094,
    "USD_CNY_exchange_rate": 7.178500175476074,
    "Commodity_Index_ETF": 21.75,
    "US_Dollar_Index": 97.79499816894531,
    "ETH_price": 4700.68798828125,
    "GOLD_spot_price": 3402.0,
    "LEAN_HOGS_future": 90.7249984741211,
    "COPPER_future": 4.486499786376953,
    "High_Yield_Bond_ETF": 80.61000061035156,
    "LIVE_CATTLE_future": 229.47500610351562,
    "GOLD_near_month_future": 3401.89990234375,
    "NATURAL_GAS_future": 2.796999931335449,
    "PLATINUM_future": 1355.0,
    "SILVER_future": 38.3650016784668,
    "Long_Term_Treasury_ETF": 87.66999816894531,
    "CORN_future": 393.25,
    "SOYBEANS_future": 1038.25,
    "WHEAT_future": 524.25,
    "SP500_close": 6466.580078125,
    "NASDAQ_close": 21713.140625,
    "US_10Y_Treasury_Yield": 4.23799991607666,
    "VIX_close": 14.6899995803833,
    "GOLD_basis_spot_vs_near": 0.10009765625,
    "China_10Y_Treasury_Yield": 1.7341
  }
}