{
  "latest_date": "2025-07-04",
  "latest_values": {
    "Shanghai_Composite_Index": 3472.319091796875,
    "CSI_300_Index": 3982.203369140625,
    "Shenzhen_Component_Index": 10508.7607421875,
    "ALUMINUM_future": 2544.25,
    "BTC_price": 107922.9765625,
    "OIL_price": 66.37999725341797,
    "USD_CNY_exchange_rate": 7.164000034332275,
    "Commodity_Index_ETF": 22.280000686645508,
    "US_Dollar_Index": 96.99700164794922,
    "ETH_price": 2493.904541015625,
    "GOLD_spot_price": 3346.800048828125,
    "LEAN_HOGS_future": 106.0999984741211,
    "COPPER_future": 5.064499855041504,
    "High_Yield_Bond_ETF": 80.37000274658203,
    "LIVE_CATTLE_future": 214.0500030517578,
    "GOLD_near_month_future": 3401.0,
    "NATURAL_GAS_future": 3.38700008392334,
    "PLATINUM_future": 1405.800048828125,
    "SILVER_future": 37.14500045776367,
    "Long_Term_Treasury_ETF": 86.97000122070312,
    "CORN_future": 437.25,
    "SOYBEANS_future": 1048.25,
    "WHEAT_future": 556.75,
    "SP500_close": 6279.35009765625,
    "NASDAQ_close": 20601.099609375,
    "US_10Y_Treasury_Yield": 4.3480000495910645,
    "VIX_close": 17.479999542236328,
    "GOLD_basis_spot_vs_near": -54.199951171875,
    "China_10Y_Treasury_Yield": 1.6433
  }
}