{
  "latest_date": "2025-09-16",
  "latest_values": {
    "Shanghai_Composite_Index": 3861.864990234375,
    "CSI_300_Index": 4523.3369140625,
    "Shenzhen_Component_Index": 13063.9736328125,
    "ALUMINUM_future": 2591.0,
    "BTC_price": 116553.65625,
    "OIL_price": 64.55000305175781,
    "USD_CNY_exchange_rate": 7.113699913024902,
    "Commodity_Index_ETF": 22.770000457763672,
    "US_Dollar_Index": 96.62300109863281,
    "ETH_price": 4493.39990234375,
    "GOLD_spot_price": 3724.199951171875,
    "LEAN_HOGS_future": 97.19999694824219,
    "COPPER_future": 4.695000171661377,
    "High_Yield_Bond_ETF": 81.15499877929688,
    "LIVE_CATTLE_future": 233.5749969482422,
    "GOLD_near_month_future": 3724.39990234375,
    "NATURAL_GAS_future": 3.1080000400543213,
    "PLATINUM_future": 1403.0,
    "SILVER_future": 42.79499816894531,
    "Long_Term_Treasury_ETF": 90.40499877929688,
    "CORN_future": 429.0,
    "SOYBEANS_future": 1049.0,
    "WHEAT_future": 533.5,
    "SP500_close": 6609.35009765625,
    "NASDAQ_close": 22338.369140625,
    "US_10Y_Treasury_Yield": 4.0279998779296875,
    "VIX_close": 16.020000457763672,
    "GOLD_basis_spot_vs_near": -0.199951171875,
    "China_10Y_Treasury_Yield": 1.8527
  }
}