{
  "latest_date": "2025-09-30",
  "latest_values": {
    "Shanghai_Composite_Index": 3862.531982421875,
    "CSI_300_Index": 4620.0498046875,
    "Shenzhen_Component_Index": 13479.4296875,
    "ALUMINUM_future": 2583.5,
    "BTC_price": 113251.0234375,
    "OIL_price": 62.20000076293945,
    "USD_CNY_exchange_rate": 7.119200229644775,
    "Commodity_Index_ETF": 22.6200008392334,
    "US_Dollar_Index": 97.81099700927734,
    "ETH_price": 4172.06396484375,
    "GOLD_spot_price": 3842.10009765625,
    "LEAN_HOGS_future": 101.0999984741211,
    "COPPER_future": 4.857500076293945,
    "High_Yield_Bond_ETF": 81.22000122070312,
    "LIVE_CATTLE_future": 236.27499389648438,
    "GOLD_near_month_future": 3842.0,
    "NATURAL_GAS_future": 3.315999984741211,
    "PLATINUM_future": 1605.800048828125,
    "SILVER_future": 46.33000183105469,
    "Long_Term_Treasury_ETF": 89.62999725341797,
    "CORN_future": 419.5,
    "SOYBEANS_future": 1007.75,
    "WHEAT_future": 517.0,
    "SP500_close": 6661.2099609375,
    "NASDAQ_close": 22591.150390625,
    "US_10Y_Treasury_Yield": 4.123000144958496,
    "VIX_close": 16.540000915527344,
    "GOLD_basis_spot_vs_near": 0.10009765625,
    "China_10Y_Treasury_Yield": 1.8605
  }
}