{
  "latest_date": "2025-09-02",
  "latest_values": {
    "Shanghai_Composite_Index": 3875.531005859375,
    "CSI_300_Index": 4523.7099609375,
    "Shenzhen_Component_Index": 12828.9501953125,
    "ALUMINUM_future": 2530.0,
    "BTC_price": 110433.96875,
    "OIL_price": 65.79000091552734,
    "USD_CNY_exchange_rate": 7.13040018081665,
    "Commodity_Index_ETF": 22.209999084472656,
    "US_Dollar_Index": 98.29399871826172,
    "ETH_price": 4401.12646484375,
    "GOLD_spot_price": 3543.199951171875,
    "LEAN_HOGS_future": 95.0250015258789,
    "COPPER_future": 4.557000160217285,
    "High_Yield_Bond_ETF": 80.86000061035156,
    "LIVE_CATTLE_future": 239.64999389648438,
    "GOLD_near_month_future": 3543.10009765625,
    "NATURAL_GAS_future": 2.9830000400543213,
    "PLATINUM_future": 1402.0,
    "SILVER_future": 41.220001220703125,
    "Long_Term_Treasury_ETF": 86.5999984741211,
    "CORN_future": 418.75,
    "SOYBEANS_future": 1046.5,
    "WHEAT_future": 527.5,
    "SP500_close": 6460.259765625,
    "NASDAQ_close": 21455.55078125,
    "US_10Y_Treasury_Yield": 4.2270002365112305,
    "VIX_close": 17.170000076293945,
    "GOLD_basis_spot_vs_near": 0.099853515625,
    "China_10Y_Treasury_Yield": 1.8257
  }
}