{
  "latest_date": "2025-07-17",
  "latest_values": {
    "Shanghai_Composite_Index": 3516.825439453125,
    "CSI_300_Index": 4034.490966796875,
    "Shenzhen_Component_Index": 10873.619140625,
    "ALUMINUM_future": 2491.5,
    "BTC_price": 119783.0625,
    "OIL_price": 67.6500015258789,
    "USD_CNY_exchange_rate": 7.172900199890137,
    "Commodity_Index_ETF": 22.48349952697754,
    "US_Dollar_Index": 98.73500061035156,
    "ETH_price": 3439.4306640625,
    "GOLD_spot_price": 3343.800048828125,
    "LEAN_HOGS_future": 105.94999694824219,
    "COPPER_future": 5.502999782562256,
    "High_Yield_Bond_ETF": 80.125,
    "LIVE_CATTLE_future": 223.64999389648438,
    "GOLD_near_month_future": 3398.60009765625,
    "NATURAL_GAS_future": 3.5490000247955322,
    "PLATINUM_future": 1487.0,
    "SILVER_future": 38.39500045776367,
    "Long_Term_Treasury_ETF": 85.00469970703125,
    "CORN_future": 420.75,
    "SOYBEANS_future": 1027.25,
    "WHEAT_future": 534.0,
    "SP500_close": 6303.2900390625,
    "NASDAQ_close": 20906.189453125,
    "US_10Y_Treasury_Yield": 4.459000110626221,
    "VIX_close": 16.520000457763672,
    "GOLD_basis_spot_vs_near": -54.800048828125,
    "China_10Y_Treasury_Yield": 1.663
  }
}