{
  "latest_date": "2025-07-31",
  "latest_values": {
    "Shanghai_Composite_Index": 3573.208251953125,
    "CSI_300_Index": 4075.59130859375,
    "Shenzhen_Component_Index": 11009.7685546875,
    "ALUMINUM_future": 2489.0,
    "BTC_price": 116837.7890625,
    "OIL_price": 69.1500015258789,
    "USD_CNY_exchange_rate": 7.176400184631348,
    "Commodity_Index_ETF": 22.454999923706055,
    "US_Dollar_Index": 100.02100372314453,
    "ETH_price": 3735.1611328125,
    "GOLD_spot_price": 3343.89990234375,
    "LEAN_HOGS_future": 106.9749984741211,
    "COPPER_future": 4.416999816894531,
    "High_Yield_Bond_ETF": 80.37000274658203,
    "LIVE_CATTLE_future": 228.3000030517578,
    "GOLD_near_month_future": 3344.10009765625,
    "NATURAL_GAS_future": 3.0920000076293945,
    "PLATINUM_future": 1298.800048828125,
    "SILVER_future": 36.77000045776367,
    "Long_Term_Treasury_ETF": 86.91999816894531,
    "CORN_future": 413.75,
    "SOYBEANS_future": 990.25,
    "WHEAT_future": 524.0,
    "SP500_close": 6339.39013671875,
    "NASDAQ_close": 21122.44921875,
    "US_10Y_Treasury_Yield": 4.359999656677246,
    "VIX_close": 16.780000686645508,
    "GOLD_basis_spot_vs_near": -0.2001953125,
    "China_10Y_Treasury_Yield": 1.7044
  }
}