{
  "latest_date": "2025-08-01",
  "latest_values": {
    "Shanghai_Composite_Index": 3573.2080078125,
    "CSI_300_Index": 4075.590087890625,
    "Shenzhen_Component_Index": 11009.76953125,
    "ALUMINUM_future": 2496.5,
    "BTC_price": 115851.4453125,
    "OIL_price": 69.43000030517578,
    "USD_CNY_exchange_rate": 7.211100101470947,
    "Commodity_Index_ETF": 22.450000762939453,
    "US_Dollar_Index": 98.95999908447266,
    "ETH_price": 3672.10986328125,
    "GOLD_spot_price": 3394.199951171875,
    "LEAN_HOGS_future": 89.55000305175781,
    "COPPER_future": 4.416500091552734,
    "High_Yield_Bond_ETF": 80.37999725341797,
    "LIVE_CATTLE_future": 223.39999389648438,
    "GOLD_near_month_future": 3394.300048828125,
    "NATURAL_GAS_future": 3.0989999771118164,
    "PLATINUM_future": 1304.800048828125,
    "SILVER_future": 37.005001068115234,
    "Long_Term_Treasury_ETF": 86.91999816894531,
    "CORN_future": 413.5,
    "SOYBEANS_future": 987.75,
    "WHEAT_future": 518.75,
    "SP500_close": 6339.39013671875,
    "NASDAQ_close": 21122.44921875,
    "US_10Y_Treasury_Yield": 4.2669997215271,
    "VIX_close": 18.75,
    "GOLD_basis_spot_vs_near": -0.10009765625,
    "China_10Y_Treasury_Yield": 1.7059
  }
}