{
  "latest_date": "2025-07-04",
  "latest_values": {
    "Shanghai_Composite_Index": 3461.15087890625,
    "CSI_300_Index": 3968.070068359375,
    "Shenzhen_Component_Index": 10534.580078125,
    "ALUMINUM_future": 2561.25,
    "BTC_price": 108925.0078125,
    "OIL_price": 66.5,
    "USD_CNY_exchange_rate": 7.164899826049805,
    "Commodity_Index_ETF": 22.280000686645508,
    "US_Dollar_Index": 97.00499725341797,
    "ETH_price": 2548.828369140625,
    "GOLD_spot_price": 3344.89990234375,
    "LEAN_HOGS_future": 106.0999984741211,
    "COPPER_future": 5.056000232696533,
    "High_Yield_Bond_ETF": 80.37000274658203,
    "LIVE_CATTLE_future": 214.0500030517578,
    "GOLD_near_month_future": 3345.0,
    "NATURAL_GAS_future": 3.431999921798706,
    "PLATINUM_future": 1401.9000244140625,
    "SILVER_future": 37.064998626708984,
    "Long_Term_Treasury_ETF": 86.97000122070312,
    "CORN_future": 437.25,
    "SOYBEANS_future": 1048.25,
    "WHEAT_future": 556.75,
    "SP500_close": 6279.35009765625,
    "NASDAQ_close": 20601.099609375,
    "US_10Y_Treasury_Yield": 4.3480000495910645,
    "VIX_close": 17.540000915527344,
    "GOLD_basis_spot_vs_near": -0.10009765625,
    "China_10Y_Treasury_Yield": 1.6433
  }
}