{
  "latest_date": "2025-08-21",
  "latest_values": {
    "Shanghai_Composite_Index": 3766.21044921875,
    "CSI_300_Index": 4271.39599609375,
    "Shenzhen_Component_Index": 11926.7412109375,
    "ALUMINUM_future": 2479.0,
    "BTC_price": 114171.125,
    "OIL_price": 62.880001068115234,
    "USD_CNY_exchange_rate": 7.1757001876831055,
    "Commodity_Index_ETF": 21.860000610351562,
    "US_Dollar_Index": 98.2750015258789,
    "ETH_price": 4320.9599609375,
    "GOLD_spot_price": 3388.0,
    "LEAN_HOGS_future": 90.0,
    "COPPER_future": 4.434500217437744,
    "High_Yield_Bond_ETF": 80.3499984741211,
    "LIVE_CATTLE_future": 235.1750030517578,
    "GOLD_near_month_future": 3388.0,
    "NATURAL_GAS_future": 2.757999897003174,
    "PLATINUM_future": 1342.199951171875,
    "SILVER_future": 37.86000061035156,
    "Long_Term_Treasury_ETF": 86.83999633789062,
    "CORN_future": 404.25,
    "SOYBEANS_future": 1037.0,
    "WHEAT_future": 530.0,
    "SP500_close": 6395.77978515625,
    "NASDAQ_close": 21172.857421875,
    "US_10Y_Treasury_Yield": 4.296000003814697,
    "VIX_close": 15.6899995803833,
    "GOLD_basis_spot_vs_near": 0.0,
    "China_10Y_Treasury_Yield": 1.782
  }
}