{
  "latest_date": "2025-07-21",
  "latest_values": {
    "Shanghai_Composite_Index": 3534.48291015625,
    "CSI_300_Index": 4058.550048828125,
    "Shenzhen_Component_Index": 10913.83984375,
    "ALUMINUM_future": 2507.25,
    "BTC_price": 117970.1640625,
    "OIL_price": 67.36000061035156,
    "USD_CNY_exchange_rate": 7.17549991607666,
    "Commodity_Index_ETF": 22.530000686645508,
    "US_Dollar_Index": 98.03299713134766,
    "ETH_price": 3813.435302734375,
    "GOLD_spot_price": 3382.699951171875,
    "LEAN_HOGS_future": 106.5,
    "COPPER_future": 5.642000198364258,
    "High_Yield_Bond_ETF": 80.25,
    "LIVE_CATTLE_future": 223.3000030517578,
    "GOLD_near_month_future": 3438.39990234375,
    "NATURAL_GAS_future": 3.3959999084472656,
    "PLATINUM_future": 1474.0999755859375,
    "SILVER_future": 38.91999816894531,
    "Long_Term_Treasury_ETF": 85.23999786376953,
    "CORN_future": 426.5,
    "SOYBEANS_future": 1029.75,
    "WHEAT_future": 548.5,
    "SP500_close": 6296.7900390625,
    "NASDAQ_close": 20895.650390625,
    "US_10Y_Treasury_Yield": 4.432000160217285,
    "VIX_close": 16.8799991607666,
    "GOLD_basis_spot_vs_near": -55.699951171875,
    "China_10Y_Treasury_Yield": 1.6774
  }
}