{
  "latest_date": "2025-08-13",
  "latest_values": {
    "Shanghai_Composite_Index": 3665.91796875,
    "CSI_300_Index": 4143.830078125,
    "Shenzhen_Component_Index": 11351.6298828125,
    "ALUMINUM_future": 2564.75,
    "BTC_price": 119312.3046875,
    "OIL_price": 63.029998779296875,
    "USD_CNY_exchange_rate": 7.187699794769287,
    "Commodity_Index_ETF": 21.780000686645508,
    "US_Dollar_Index": 98.0719985961914,
    "ETH_price": 4596.07470703125,
    "GOLD_spot_price": 3400.800048828125,
    "LEAN_HOGS_future": 91.5,
    "COPPER_future": 4.508999824523926,
    "High_Yield_Bond_ETF": 80.4000015258789,
    "LIVE_CATTLE_future": 229.25,
    "GOLD_near_month_future": 3400.800048828125,
    "NATURAL_GAS_future": 2.7960000038146973,
    "PLATINUM_future": 1354.199951171875,
    "SILVER_future": 38.18000030517578,
    "Long_Term_Treasury_ETF": 86.94999694824219,
    "CORN_future": 395.25,
    "SOYBEANS_future": 1039.0,
    "WHEAT_future": 525.25,
    "SP500_close": 6445.759765625,
    "NASDAQ_close": 21681.900390625,
    "US_10Y_Treasury_Yield": 4.293000221252441,
    "VIX_close": 14.729999542236328,
    "GOLD_basis_spot_vs_near": 0.0,
    "China_10Y_Treasury_Yield": 1.7271
  }
}