{
  "latest_date": "2025-07-17",
  "latest_values": {
    "Shanghai_Composite_Index": 3503.777099609375,
    "CSI_300_Index": 4007.199951171875,
    "Shenzhen_Component_Index": 10720.8095703125,
    "ALUMINUM_future": 2460.75,
    "BTC_price": 118510.9296875,
    "OIL_price": 66.52999877929688,
    "USD_CNY_exchange_rate": 7.172900199890137,
    "Commodity_Index_ETF": 22.309999465942383,
    "US_Dollar_Index": 98.62899780273438,
    "ETH_price": 3457.953125,
    "GOLD_spot_price": 3333.60009765625,
    "LEAN_HOGS_future": 104.55000305175781,
    "COPPER_future": 5.506999969482422,
    "High_Yield_Bond_ETF": 80.05999755859375,
    "LIVE_CATTLE_future": 223.875,
    "GOLD_near_month_future": 3392.199951171875,
    "NATURAL_GAS_future": 3.575000047683716,
    "PLATINUM_future": 1429.199951171875,
    "SILVER_future": 37.94499969482422,
    "Long_Term_Treasury_ETF": 85.12999725341797,
    "CORN_future": 423.75,
    "SOYBEANS_future": 1021.25,
    "WHEAT_future": 540.25,
    "SP500_close": 6263.7001953125,
    "NASDAQ_close": 20730.490234375,
    "US_10Y_Treasury_Yield": 4.454999923706055,
    "VIX_close": 17.190000534057617,
    "GOLD_basis_spot_vs_near": -58.599853515625,
    "China_10Y_Treasury_Yield": 1.6617
  }
}