{
  "latest_date": "2025-09-02",
  "latest_values": {
    "Shanghai_Composite_Index": 3875.531005859375,
    "CSI_300_Index": 4523.7099609375,
    "Shenzhen_Component_Index": 12828.9501953125,
    "ALUMINUM_future": 2542.75,
    "BTC_price": 110242.328125,
    "OIL_price": 65.19999694824219,
    "USD_CNY_exchange_rate": 7.13040018081665,
    "Commodity_Index_ETF": 22.209999084472656,
    "US_Dollar_Index": 98.28399658203125,
    "ETH_price": 4375.783203125,
    "GOLD_spot_price": 3541.10009765625,
    "LEAN_HOGS_future": 95.0250015258789,
    "COPPER_future": 4.549499988555908,
    "High_Yield_Bond_ETF": 80.86000061035156,
    "LIVE_CATTLE_future": 239.64999389648438,
    "GOLD_near_month_future": 3541.300048828125,
    "NATURAL_GAS_future": 2.9709999561309814,
    "PLATINUM_future": 1413.5,
    "SILVER_future": 41.40999984741211,
    "Long_Term_Treasury_ETF": 86.5999984741211,
    "CORN_future": 417.5,
    "SOYBEANS_future": 1044.0,
    "WHEAT_future": 525.5,
    "SP500_close": 6460.259765625,
    "NASDAQ_close": 21455.55078125,
    "US_10Y_Treasury_Yield": 4.2270002365112305,
    "VIX_close": 17.6200008392334,
    "GOLD_basis_spot_vs_near": -0.199951171875,
    "China_10Y_Treasury_Yield": 1.8257
  }
}