{
  "latest_date": "2025-08-15",
  "latest_values": {
    "Shanghai_Composite_Index": 3666.443115234375,
    "CSI_300_Index": 4173.31005859375,
    "Shenzhen_Component_Index": 11451.4296875,
    "ALUMINUM_future": 2522.5,
    "BTC_price": 119096.5078125,
    "OIL_price": 63.560001373291016,
    "USD_CNY_exchange_rate": 7.174300193786621,
    "Commodity_Index_ETF": 21.84000015258789,
    "US_Dollar_Index": 97.87899780273438,
    "ETH_price": 4647.28564453125,
    "GOLD_spot_price": 3384.300048828125,
    "LEAN_HOGS_future": 88.9000015258789,
    "COPPER_future": 4.4710001945495605,
    "High_Yield_Bond_ETF": 80.4000015258789,
    "LIVE_CATTLE_future": 226.77499389648438,
    "GOLD_near_month_future": 3384.199951171875,
    "NATURAL_GAS_future": 2.8499999046325684,
    "PLATINUM_future": 1347.0,
    "SILVER_future": 37.84000015258789,
    "Long_Term_Treasury_ETF": 87.0199966430664,
    "CORN_future": 399.5,
    "SOYBEANS_future": 1033.0,
    "WHEAT_future": 525.25,
    "SP500_close": 6468.5400390625,
    "NASDAQ_close": 21710.669921875,
    "US_10Y_Treasury_Yield": 4.293000221252441,
    "VIX_close": 14.5600004196167,
    "GOLD_basis_spot_vs_near": 0.10009765625,
    "China_10Y_Treasury_Yield": 1.7465
  }
}