{
  "latest_date": "2025-08-04",
  "latest_values": {
    "Shanghai_Composite_Index": 3583.308837890625,
    "CSI_300_Index": 4070.702392578125,
    "Shenzhen_Component_Index": 11041.5595703125,
    "ALUMINUM_future": 2475.75,
    "BTC_price": 115215.9296875,
    "OIL_price": 66.23999786376953,
    "USD_CNY_exchange_rate": 7.211599826812744,
    "Commodity_Index_ETF": 22.010000228881836,
    "US_Dollar_Index": 98.76000213623047,
    "ETH_price": 3725.767578125,
    "GOLD_spot_price": 3428.60009765625,
    "LEAN_HOGS_future": 90.8499984741211,
    "COPPER_future": 4.455999851226807,
    "High_Yield_Bond_ETF": 80.25,
    "LIVE_CATTLE_future": 223.8249969482422,
    "GOLD_near_month_future": 3428.699951171875,
    "NATURAL_GAS_future": 2.9519999027252197,
    "PLATINUM_future": 1342.4000244140625,
    "SILVER_future": 37.44499969482422,
    "Long_Term_Treasury_ETF": 88.05999755859375,
    "CORN_future": 407.0,
    "SOYBEANS_future": 994.5,
    "WHEAT_future": 536.75,
    "SP500_close": 6329.93994140625,
    "NASDAQ_close": 21053.58203125,
    "US_10Y_Treasury_Yield": 4.199999809265137,
    "VIX_close": 17.520000457763672,
    "GOLD_basis_spot_vs_near": -0.099853515625,
    "China_10Y_Treasury_Yield": 1.7083
  }
}