{
  "latest_date": "2025-09-19",
  "latest_values": {
    "Shanghai_Composite_Index": 3831.656005859375,
    "CSI_300_Index": 4498.10986328125,
    "Shenzhen_Component_Index": 13075.66015625,
    "ALUMINUM_future": 2654.75,
    "BTC_price": 117373.71875,
    "OIL_price": 63.2599983215332,
    "USD_CNY_exchange_rate": 7.111599922180176,
    "Commodity_Index_ETF": 22.440000534057617,
    "US_Dollar_Index": 97.41899871826172,
    "ETH_price": 4610.9072265625,
    "GOLD_spot_price": 3681.800048828125,
    "LEAN_HOGS_future": 97.5,
    "COPPER_future": 4.6020002365112305,
    "High_Yield_Bond_ETF": 81.2300033569336,
    "LIVE_CATTLE_future": 232.39999389648438,
    "GOLD_near_month_future": 3681.800048828125,
    "NATURAL_GAS_future": 2.940999984741211,
    "PLATINUM_future": 1396.5999755859375,
    "SILVER_future": 42.119998931884766,
    "Long_Term_Treasury_ETF": 89.19000244140625,
    "CORN_future": 425.75,
    "SOYBEANS_future": 1043.0,
    "WHEAT_future": 525.75,
    "SP500_close": 6631.9599609375,
    "NASDAQ_close": 22470.720703125,
    "US_10Y_Treasury_Yield": 4.104000091552734,
    "VIX_close": 15.699999809265137,
    "GOLD_basis_spot_vs_near": 0.0,
    "China_10Y_Treasury_Yield": 1.8546
  }
}