{
  "latest_date": "2025-08-01",
  "latest_values": {
    "Shanghai_Composite_Index": 3573.2080078125,
    "CSI_300_Index": 4075.590087890625,
    "Shenzhen_Component_Index": 11009.76953125,
    "ALUMINUM_future": 2467.0,
    "BTC_price": 115434.421875,
    "OIL_price": 68.7300033569336,
    "USD_CNY_exchange_rate": 7.211100101470947,
    "Commodity_Index_ETF": 22.450000762939453,
    "US_Dollar_Index": 100.16300201416016,
    "ETH_price": 3651.494140625,
    "GOLD_spot_price": 3351.89990234375,
    "LEAN_HOGS_future": 106.9749984741211,
    "COPPER_future": 4.381499767303467,
    "High_Yield_Bond_ETF": 80.37999725341797,
    "LIVE_CATTLE_future": 228.3000030517578,
    "GOLD_near_month_future": 3351.800048828125,
    "NATURAL_GAS_future": 3.0829999446868896,
    "PLATINUM_future": 1284.9000244140625,
    "SILVER_future": 36.505001068115234,
    "Long_Term_Treasury_ETF": 86.91999816894531,
    "CORN_future": 414.25,
    "SOYBEANS_future": 986.5,
    "WHEAT_future": 538.5,
    "SP500_close": 6339.39013671875,
    "NASDAQ_close": 21122.44921875,
    "US_10Y_Treasury_Yield": 4.360000133514404,
    "VIX_close": 18.84000015258789,
    "GOLD_basis_spot_vs_near": 0.099853515625,
    "China_10Y_Treasury_Yield": 1.7059
  }
}