{
  "latest_date": "2025-07-01",
  "latest_values": {
    "Shanghai_Composite_Index": 3444.426025390625,
    "CSI_300_Index": 3936.080078125,
    "Shenzhen_Component_Index": 10465.1201171875,
    "ALUMINUM_future": 2565.0,
    "BTC_price": 107201.6875,
    "OIL_price": 64.7699966430664,
    "USD_CNY_exchange_rate": 7.172100067138672,
    "Commodity_Index_ETF": 21.809999465942383,
    "US_Dollar_Index": 96.74400329589844,
    "ETH_price": 2482.64453125,
    "GOLD_spot_price": 3331.0,
    "LEAN_HOGS_future": 109.94999694824219,
    "COPPER_future": 5.090000152587891,
    "High_Yield_Bond_ETF": 80.6500015258789,
    "LIVE_CATTLE_future": 213.97500610351562,
    "GOLD_near_month_future": 3331.0,
    "NATURAL_GAS_future": 3.447999954223633,
    "PLATINUM_future": 1354.300048828125,
    "SILVER_future": 36.290000915527344,
    "Long_Term_Treasury_ETF": 88.25,
    "CORN_future": 421.75,
    "SOYBEANS_future": 1024.25,
    "WHEAT_future": 538.5,
    "SP500_close": 6204.9501953125,
    "NASDAQ_close": 20369.73046875,
    "US_10Y_Treasury_Yield": 4.230000019073486,
    "VIX_close": 16.729999542236328,
    "GOLD_basis_spot_vs_near": 0.0,
    "China_10Y_Treasury_Yield": 1.6469
  }
}