{
  "latest_date": "2025-08-11",
  "latest_values": {
    "Shanghai_Composite_Index": 3647.546630859375,
    "CSI_300_Index": 4122.5107421875,
    "Shenzhen_Component_Index": 11291.42578125,
    "ALUMINUM_future": 2508.5,
    "BTC_price": 119487.1015625,
    "OIL_price": 63.97999954223633,
    "USD_CNY_exchange_rate": 7.181000232696533,
    "Commodity_Index_ETF": 21.844999313354492,
    "US_Dollar_Index": 98.51699829101562,
    "ETH_price": 4272.1513671875,
    "GOLD_spot_price": 3408.0,
    "LEAN_HOGS_future": 91.7750015258789,
    "COPPER_future": 4.454999923706055,
    "High_Yield_Bond_ETF": 80.2300033569336,
    "LIVE_CATTLE_future": 226.0,
    "GOLD_near_month_future": 3407.89990234375,
    "NATURAL_GAS_future": 2.940000057220459,
    "PLATINUM_future": 1346.800048828125,
    "SILVER_future": 37.834999084472656,
    "Long_Term_Treasury_ETF": 87.5,
    "CORN_future": 408.0,
    "SOYBEANS_future": 1010.5,
    "WHEAT_future": 534.75,
    "SP500_close": 6383.60986328125,
    "NASDAQ_close": 21434.96484375,
    "US_10Y_Treasury_Yield": 4.265999794006348,
    "VIX_close": 15.819999694824219,
    "GOLD_basis_spot_vs_near": 0.10009765625,
    "China_10Y_Treasury_Yield": 1.7203
  }
}