{
  "latest_date": "2025-09-24",
  "latest_values": {
    "Shanghai_Composite_Index": 3853.64208984375,
    "CSI_300_Index": 4566.07080078125,
    "Shenzhen_Component_Index": 13356.142578125,
    "ALUMINUM_future": 2573.75,
    "BTC_price": 113621.515625,
    "OIL_price": 64.83000183105469,
    "USD_CNY_exchange_rate": 7.131499767303467,
    "Commodity_Index_ETF": 22.639999389648438,
    "US_Dollar_Index": 97.86799621582031,
    "ETH_price": 4164.34033203125,
    "GOLD_spot_price": 3764.5,
    "LEAN_HOGS_future": 89.6500015258789,
    "COPPER_future": 4.823500156402588,
    "High_Yield_Bond_ETF": 81.1500015258789,
    "LIVE_CATTLE_future": 239.0749969482422,
    "GOLD_near_month_future": 3764.39990234375,
    "NATURAL_GAS_future": 3.1489999294281006,
    "PLATINUM_future": 1482.4000244140625,
    "SILVER_future": 44.10499954223633,
    "Long_Term_Treasury_ETF": 88.9800033569336,
    "CORN_future": 424.0,
    "SOYBEANS_future": 1008.5,
    "WHEAT_future": 519.5,
    "SP500_close": 6637.97021484375,
    "NASDAQ_close": 22497.85546875,
    "US_10Y_Treasury_Yield": 4.147000312805176,
    "VIX_close": 16.209999084472656,
    "GOLD_basis_spot_vs_near": 0.10009765625,
    "China_10Y_Treasury_Yield": 1.9022
  }
}