{
  "latest_date": "2025-08-08",
  "latest_values": {
    "Shanghai_Composite_Index": 3635.128173828125,
    "CSI_300_Index": 4104.966796875,
    "Shenzhen_Component_Index": 11128.6728515625,
    "ALUMINUM_future": 2590.5,
    "BTC_price": 116835.1484375,
    "OIL_price": 64.01000213623047,
    "USD_CNY_exchange_rate": 7.1834001541137695,
    "Commodity_Index_ETF": 21.850000381469727,
    "US_Dollar_Index": 98.14099884033203,
    "ETH_price": 4039.549560546875,
    "GOLD_spot_price": 3489.699951171875,
    "LEAN_HOGS_future": 90.7249984741211,
    "COPPER_future": 4.486000061035156,
    "High_Yield_Bond_ETF": 80.22000122070312,
    "LIVE_CATTLE_future": 226.375,
    "GOLD_near_month_future": 3489.60009765625,
    "NATURAL_GAS_future": 2.9700000286102295,
    "PLATINUM_future": 1343.4000244140625,
    "SILVER_future": 38.505001068115234,
    "Long_Term_Treasury_ETF": 87.26380157470703,
    "CORN_future": 406.0,
    "SOYBEANS_future": 987.0,
    "WHEAT_future": 535.75,
    "SP500_close": 6394.60009765625,
    "NASDAQ_close": 21462.154296875,
    "US_10Y_Treasury_Yield": 4.281000137329102,
    "VIX_close": 15.5,
    "GOLD_basis_spot_vs_near": 0.099853515625,
    "China_10Y_Treasury_Yield": 1.6891
  }
}