{
  "latest_date": "2025-07-31",
  "latest_values": {
    "Shanghai_Composite_Index": 3615.717041015625,
    "CSI_300_Index": 4151.240234375,
    "Shenzhen_Component_Index": 11203.0302734375,
    "ALUMINUM_future": 2519.0,
    "BTC_price": 118673.8125,
    "OIL_price": 70.18000030517578,
    "USD_CNY_exchange_rate": 7.176400184631348,
    "Commodity_Index_ETF": 22.639999389648438,
    "US_Dollar_Index": 99.66000366210938,
    "ETH_price": 3859.2333984375,
    "GOLD_spot_price": 3355.699951171875,
    "LEAN_HOGS_future": 106.8499984741211,
    "COPPER_future": 4.381499767303467,
    "High_Yield_Bond_ETF": 80.33000183105469,
    "LIVE_CATTLE_future": 232.9499969482422,
    "GOLD_near_month_future": 3355.800048828125,
    "NATURAL_GAS_future": 3.006999969482422,
    "PLATINUM_future": 1324.0999755859375,
    "SILVER_future": 36.9900016784668,
    "Long_Term_Treasury_ETF": 86.87000274658203,
    "CORN_future": 411.75,
    "SOYBEANS_future": 995.5,
    "WHEAT_future": 523.0,
    "SP500_close": 6362.89990234375,
    "NASDAQ_close": 21129.669921875,
    "US_10Y_Treasury_Yield": 4.375999927520752,
    "VIX_close": 14.829999923706055,
    "GOLD_basis_spot_vs_near": -0.10009765625,
    "China_10Y_Treasury_Yield": 1.718
  }
}