{
  "latest_date": "2025-07-21",
  "latest_values": {
    "Shanghai_Composite_Index": 3559.791259765625,
    "CSI_300_Index": 4085.607177734375,
    "Shenzhen_Component_Index": 11007.4873046875,
    "ALUMINUM_future": 2614.0,
    "BTC_price": 117237.8125,
    "OIL_price": 67.0,
    "USD_CNY_exchange_rate": 7.17549991607666,
    "Commodity_Index_ETF": 22.515100479125977,
    "US_Dollar_Index": 97.8550033569336,
    "ETH_price": 3751.770263671875,
    "GOLD_spot_price": 3408.5,
    "LEAN_HOGS_future": 107.30000305175781,
    "COPPER_future": 5.642499923706055,
    "High_Yield_Bond_ETF": 80.38500213623047,
    "LIVE_CATTLE_future": 225.1750030517578,
    "GOLD_near_month_future": 3465.0,
    "NATURAL_GAS_future": 3.305999994277954,
    "PLATINUM_future": 1494.300048828125,
    "SILVER_future": 39.334999084472656,
    "Long_Term_Treasury_ETF": 86.13179779052734,
    "CORN_future": 422.5,
    "SOYBEANS_future": 1026.75,
    "WHEAT_future": 541.75,
    "SP500_close": 6320.77978515625,
    "NASDAQ_close": 21018.44921875,
    "US_10Y_Treasury_Yield": 4.372000217437744,
    "VIX_close": 16.469999313354492,
    "GOLD_basis_spot_vs_near": -56.5,
    "China_10Y_Treasury_Yield": 1.6774
  }
}