{
  "latest_date": "2025-08-01",
  "latest_values": {
    "Shanghai_Composite_Index": 3573.2080078125,
    "CSI_300_Index": 4075.590087890625,
    "Shenzhen_Component_Index": 11009.76953125,
    "ALUMINUM_future": 2496.5,
    "BTC_price": 114595.15625,
    "OIL_price": 69.19000244140625,
    "USD_CNY_exchange_rate": 7.176400184631348,
    "Commodity_Index_ETF": 22.450000762939453,
    "US_Dollar_Index": 100.072998046875,
    "ETH_price": 3629.481689453125,
    "GOLD_spot_price": 3338.199951171875,
    "LEAN_HOGS_future": 89.55000305175781,
    "COPPER_future": 4.372499942779541,
    "High_Yield_Bond_ETF": 80.37999725341797,
    "LIVE_CATTLE_future": 223.39999389648438,
    "GOLD_near_month_future": 3338.199951171875,
    "NATURAL_GAS_future": 3.1080000400543213,
    "PLATINUM_future": 1279.199951171875,
    "SILVER_future": 36.52000045776367,
    "Long_Term_Treasury_ETF": 86.91999816894531,
    "CORN_future": 415.75,
    "SOYBEANS_future": 991.25,
    "WHEAT_future": 542.75,
    "SP500_close": 6339.39013671875,
    "NASDAQ_close": 21122.44921875,
    "US_10Y_Treasury_Yield": 4.360000133514404,
    "VIX_close": 18.350000381469727,
    "GOLD_basis_spot_vs_near": 0.0,
    "China_10Y_Treasury_Yield": 1.7044
  }
}