{
  "latest_date": "2025-09-10",
  "latest_values": {
    "Shanghai_Composite_Index": 3807.2919921875,
    "CSI_300_Index": 4436.259765625,
    "Shenzhen_Component_Index": 12510.599609375,
    "ALUMINUM_future": 2554.0,
    "BTC_price": 112502.078125,
    "OIL_price": 63.189998626708984,
    "USD_CNY_exchange_rate": 7.129300117492676,
    "Commodity_Index_ETF": 22.239999771118164,
    "US_Dollar_Index": 97.78600311279297,
    "ETH_price": 4325.92919921875,
    "GOLD_spot_price": 3683.60009765625,
    "LEAN_HOGS_future": 96.1500015258789,
    "COPPER_future": 4.581999778747559,
    "High_Yield_Bond_ETF": 80.77999877929688,
    "LIVE_CATTLE_future": 230.02499389648438,
    "GOLD_near_month_future": 3683.60009765625,
    "NATURAL_GAS_future": 3.111999988555908,
    "PLATINUM_future": 1393.300048828125,
    "SILVER_future": 41.6150016784668,
    "Long_Term_Treasury_ETF": 89.2300033569336,
    "CORN_future": 418.75,
    "SOYBEANS_future": 1027.75,
    "WHEAT_future": 521.75,
    "SP500_close": 6512.60986328125,
    "NASDAQ_close": 21879.490234375,
    "US_10Y_Treasury_Yield": 4.073999881744385,
    "VIX_close": 14.979999542236328,
    "GOLD_basis_spot_vs_near": 0.0,
    "China_10Y_Treasury_Yield": 1.8641
  }
}