{
  "latest_date": "2025-08-19",
  "latest_values": {
    "Shanghai_Composite_Index": 3728.027099609375,
    "CSI_300_Index": 4239.41015625,
    "Shenzhen_Component_Index": 11835.5703125,
    "ALUMINUM_future": 2487.0,
    "BTC_price": 115522.3203125,
    "OIL_price": 62.900001525878906,
    "USD_CNY_exchange_rate": 7.181700229644775,
    "Commodity_Index_ETF": 21.790000915527344,
    "US_Dollar_Index": 97.99700164794922,
    "ETH_price": 4304.439453125,
    "GOLD_spot_price": 3385.10009765625,
    "LEAN_HOGS_future": 90.30000305175781,
    "COPPER_future": 4.466000080108643,
    "High_Yield_Bond_ETF": 80.4000015258789,
    "LIVE_CATTLE_future": 230.97500610351562,
    "GOLD_near_month_future": 3385.199951171875,
    "NATURAL_GAS_future": 2.8320000171661377,
    "PLATINUM_future": 1355.5999755859375,
    "SILVER_future": 38.10499954223633,
    "Long_Term_Treasury_ETF": 86.1500015258789,
    "CORN_future": 402.75,
    "SOYBEANS_future": 1041.0,
    "WHEAT_future": 522.25,
    "SP500_close": 6449.14990234375,
    "NASDAQ_close": 21629.76953125,
    "US_10Y_Treasury_Yield": 4.341000080108643,
    "VIX_close": 14.949999809265137,
    "GOLD_basis_spot_vs_near": -0.099853515625,
    "China_10Y_Treasury_Yield": 1.7725
  }
}