{
  "latest_date": "2025-08-21",
  "latest_values": {
    "Shanghai_Composite_Index": 3771.098876953125,
    "CSI_300_Index": 4288.07080078125,
    "Shenzhen_Component_Index": 11926.740234375,
    "ALUMINUM_future": 2500.5,
    "BTC_price": 113234.9921875,
    "OIL_price": 63.029998779296875,
    "USD_CNY_exchange_rate": 7.1819000244140625,
    "Commodity_Index_ETF": 21.920000076293945,
    "US_Dollar_Index": 98.56700134277344,
    "ETH_price": 4264.4541015625,
    "GOLD_spot_price": 3388.10009765625,
    "LEAN_HOGS_future": 89.8499984741211,
    "COPPER_future": 4.433000087738037,
    "High_Yield_Bond_ETF": 80.24500274658203,
    "LIVE_CATTLE_future": 233.3000030517578,
    "GOLD_near_month_future": 3388.10009765625,
    "NATURAL_GAS_future": 2.813999891281128,
    "PLATINUM_future": 1343.0999755859375,
    "SILVER_future": 38.095001220703125,
    "Long_Term_Treasury_ETF": 86.25499725341797,
    "CORN_future": 408.5,
    "SOYBEANS_future": 1045.75,
    "WHEAT_future": 525.75,
    "SP500_close": 6381.39013671875,
    "NASDAQ_close": 21135.390625,
    "US_10Y_Treasury_Yield": 4.328000068664551,
    "VIX_close": 16.25,
    "GOLD_basis_spot_vs_near": 0.0,
    "China_10Y_Treasury_Yield": 1.7667
  }
}