{
  "latest_date": "2025-09-18",
  "latest_values": {
    "Shanghai_Composite_Index": 3876.341064453125,
    "CSI_300_Index": 4551.02001953125,
    "Shenzhen_Component_Index": 13215.4599609375,
    "ALUMINUM_future": 2618.5,
    "BTC_price": 117338.5390625,
    "OIL_price": 63.47999954223633,
    "USD_CNY_exchange_rate": 7.114200115203857,
    "Commodity_Index_ETF": 22.540000915527344,
    "US_Dollar_Index": 97.00700378417969,
    "ETH_price": 4591.17333984375,
    "GOLD_spot_price": 3688.0,
    "LEAN_HOGS_future": 97.3499984741211,
    "COPPER_future": 4.624499797821045,
    "High_Yield_Bond_ETF": 81.05000305175781,
    "LIVE_CATTLE_future": 231.47500610351562,
    "GOLD_near_month_future": 3688.0,
    "NATURAL_GAS_future": 3.075000047683716,
    "PLATINUM_future": 1393.9000244140625,
    "SILVER_future": 41.9900016784668,
    "Long_Term_Treasury_ETF": 90.12000274658203,
    "CORN_future": 425.75,
    "SOYBEANS_future": 1039.75,
    "WHEAT_future": 530.0,
    "SP500_close": 6600.35009765625,
    "NASDAQ_close": 22261.330078125,
    "US_10Y_Treasury_Yield": 4.076000213623047,
    "VIX_close": 14.819999694824219,
    "GOLD_basis_spot_vs_near": 0.0,
    "China_10Y_Treasury_Yield": 1.8349
  }
}