{
  "latest_date": "2025-07-08",
  "latest_values": {
    "Shanghai_Composite_Index": 3497.475341796875,
    "CSI_300_Index": 3998.45263671875,
    "Shenzhen_Component_Index": 10435.509765625,
    "ALUMINUM_future": 2505.5,
    "BTC_price": 108468.671875,
    "OIL_price": 68.06999969482422,
    "USD_CNY_exchange_rate": 7.173299789428711,
    "Commodity_Index_ETF": 22.31999969482422,
    "US_Dollar_Index": 97.75800323486328,
    "ETH_price": 2565.49853515625,
    "GOLD_spot_price": 3306.0,
    "LEAN_HOGS_future": 106.9749984741211,
    "COPPER_future": 4.978000164031982,
    "High_Yield_Bond_ETF": 80.06500244140625,
    "LIVE_CATTLE_future": 217.4499969482422,
    "GOLD_near_month_future": 3306.199951171875,
    "NATURAL_GAS_future": 3.361999988555908,
    "PLATINUM_future": 1358.5,
    "SILVER_future": 36.564998626708984,
    "Long_Term_Treasury_ETF": 85.6895980834961,
    "CORN_future": 416.0,
    "SOYBEANS_future": 1019.5,
    "WHEAT_future": 545.75,
    "SP500_close": 6230.93017578125,
    "NASDAQ_close": 20438.234375,
    "US_10Y_Treasury_Yield": 4.422999858856201,
    "VIX_close": 16.940000534057617,
    "GOLD_basis_spot_vs_near": -0.199951171875,
    "China_10Y_Treasury_Yield": 1.6444
  }
}