{
  "latest_date": "2025-07-23",
  "latest_values": {
    "Shanghai_Composite_Index": 3581.861083984375,
    "CSI_300_Index": 4118.9599609375,
    "Shenzhen_Component_Index": 11099.830078125,
    "ALUMINUM_future": 2619.5,
    "BTC_price": 118414.5078125,
    "OIL_price": 65.1500015258789,
    "USD_CNY_exchange_rate": 7.17549991607666,
    "Commodity_Index_ETF": 22.440000534057617,
    "US_Dollar_Index": 97.43099975585938,
    "ETH_price": 3688.08544921875,
    "GOLD_spot_price": 3440.699951171875,
    "LEAN_HOGS_future": 107.625,
    "COPPER_future": 5.796500205993652,
    "High_Yield_Bond_ETF": 80.5,
    "LIVE_CATTLE_future": 224.89999389648438,
    "GOLD_near_month_future": 3498.39990234375,
    "NATURAL_GAS_future": 3.2330000400543213,
    "PLATINUM_future": 1488.5,
    "SILVER_future": 39.724998474121094,
    "Long_Term_Treasury_ETF": 86.5199966430664,
    "CORN_future": 417.5,
    "SOYBEANS_future": 1031.0,
    "WHEAT_future": 549.5,
    "SP500_close": 6309.6201171875,
    "NASDAQ_close": 20892.689453125,
    "US_10Y_Treasury_Yield": 4.335999965667725,
    "VIX_close": 16.18000030517578,
    "GOLD_basis_spot_vs_near": -57.699951171875,
    "China_10Y_Treasury_Yield": 1.6907
  }
}