{
  "latest_date": "2025-09-05",
  "latest_values": {
    "Shanghai_Composite_Index": 3765.8759765625,
    "CSI_300_Index": 4365.2099609375,
    "Shenzhen_Component_Index": 12118.7001953125,
    "ALUMINUM_future": 2528.75,
    "BTC_price": 112454.859375,
    "OIL_price": 62.91999816894531,
    "USD_CNY_exchange_rate": 7.14139986038208,
    "Commodity_Index_ETF": 22.209999084472656,
    "US_Dollar_Index": 98.03099822998047,
    "ETH_price": 4420.46142578125,
    "GOLD_spot_price": 3606.699951171875,
    "LEAN_HOGS_future": 95.0999984741211,
    "COPPER_future": 4.5995001792907715,
    "High_Yield_Bond_ETF": 80.83000183105469,
    "LIVE_CATTLE_future": 236.97500610351562,
    "GOLD_near_month_future": 3606.699951171875,
    "NATURAL_GAS_future": 3.0739998817443848,
    "PLATINUM_future": 1387.300048828125,
    "SILVER_future": 41.36000061035156,
    "Long_Term_Treasury_ETF": 87.2300033569336,
    "CORN_future": 421.5,
    "SOYBEANS_future": 1033.0,
    "WHEAT_future": 522.75,
    "SP500_close": 6502.080078125,
    "NASDAQ_close": 21707.689453125,
    "US_10Y_Treasury_Yield": 4.176000118255615,
    "VIX_close": 15.210000038146973,
    "GOLD_basis_spot_vs_near": 0.0,
    "China_10Y_Treasury_Yield": 1.826
  }
}