{
  "latest_date": "2025-06-30",
  "latest_values": {
    "Shanghai_Composite_Index": 3424.22705078125,
    "CSI_300_Index": 3921.760009765625,
    "Shenzhen_Component_Index": 10378.5498046875,
    "ALUMINUM_future": 2558.75,
    "BTC_price": 107707.640625,
    "OIL_price": 65.29000091552734,
    "USD_CNY_exchange_rate": 7.167500019073486,
    "Commodity_Index_ETF": 21.799999237060547,
    "US_Dollar_Index": 97.27100372314453,
    "ETH_price": 2464.342529296875,
    "GOLD_spot_price": 3296.699951171875,
    "LEAN_HOGS_future": 113.0999984741211,
    "COPPER_future": 5.073500156402588,
    "High_Yield_Bond_ETF": 80.33999633789062,
    "LIVE_CATTLE_future": 213.60000610351562,
    "GOLD_near_month_future": 3296.699951171875,
    "NATURAL_GAS_future": 3.5160000324249268,
    "PLATINUM_future": 1362.300048828125,
    "SILVER_future": 36.29999923706055,
    "Long_Term_Treasury_ETF": 87.38999938964844,
    "CORN_future": 424.0,
    "SOYBEANS_future": 1030.75,
    "WHEAT_future": 537.5,
    "SP500_close": 6173.06982421875,
    "NASDAQ_close": 20273.4609375,
    "US_10Y_Treasury_Yield": 4.265000343322754,
    "VIX_close": 17.110000610351562,
    "GOLD_basis_spot_vs_near": 0.0,
    "China_10Y_Treasury_Yield": 1.6469
  }
}