{
  "latest_date": "2025-07-22",
  "latest_values": {
    "Shanghai_Composite_Index": 3559.791015625,
    "CSI_300_Index": 4085.610107421875,
    "Shenzhen_Component_Index": 11007.490234375,
    "ALUMINUM_future": 2602.5,
    "BTC_price": 117779.5703125,
    "OIL_price": 66.68000030517578,
    "USD_CNY_exchange_rate": 7.177700042724609,
    "Commodity_Index_ETF": 22.479999542236328,
    "US_Dollar_Index": 97.95500183105469,
    "ETH_price": 3662.003173828125,
    "GOLD_spot_price": 3398.800048828125,
    "LEAN_HOGS_future": 107.30000305175781,
    "COPPER_future": 5.638500213623047,
    "High_Yield_Bond_ETF": 80.36000061035156,
    "LIVE_CATTLE_future": 225.1750030517578,
    "GOLD_near_month_future": 3454.699951171875,
    "NATURAL_GAS_future": 3.2850000858306885,
    "PLATINUM_future": 1484.699951171875,
    "SILVER_future": 39.150001525878906,
    "Long_Term_Treasury_ETF": 86.0,
    "CORN_future": 420.25,
    "SOYBEANS_future": 1025.75,
    "WHEAT_future": 537.75,
    "SP500_close": 6305.60009765625,
    "NASDAQ_close": 20974.1796875,
    "US_10Y_Treasury_Yield": 4.372000217437744,
    "VIX_close": 16.780000686645508,
    "GOLD_basis_spot_vs_near": -55.89990234375,
    "China_10Y_Treasury_Yield": 1.6774
  }
}