{
  "latest_date": "2025-07-15",
  "latest_values": {
    "Shanghai_Composite_Index": 3519.64990234375,
    "CSI_300_Index": 4017.669921875,
    "Shenzhen_Component_Index": 10684.51953125,
    "ALUMINUM_future": 2470.5,
    "BTC_price": 116989.796875,
    "OIL_price": 66.62000274658203,
    "USD_CNY_exchange_rate": 7.168099880218506,
    "Commodity_Index_ETF": 22.31999969482422,
    "US_Dollar_Index": 97.96399688720703,
    "ETH_price": 2983.383544921875,
    "GOLD_spot_price": 3370.199951171875,
    "LEAN_HOGS_future": 103.30000305175781,
    "COPPER_future": 5.552000045776367,
    "High_Yield_Bond_ETF": 80.08999633789062,
    "LIVE_CATTLE_future": 219.25,
    "GOLD_near_month_future": 3425.300048828125,
    "NATURAL_GAS_future": 3.4240000247955322,
    "PLATINUM_future": 1411.5,
    "SILVER_future": 38.55500030517578,
    "Long_Term_Treasury_ETF": 85.61000061035156,
    "CORN_future": 417.25,
    "SOYBEANS_future": 1006.25,
    "WHEAT_future": 539.5,
    "SP500_close": 6268.56005859375,
    "NASDAQ_close": 20640.330078125,
    "US_10Y_Treasury_Yield": 4.427000045776367,
    "VIX_close": 16.860000610351562,
    "GOLD_basis_spot_vs_near": -55.10009765625,
    "China_10Y_Treasury_Yield": 1.6726
  }
}