{
  "latest_date": "2025-09-04",
  "latest_values": {
    "Shanghai_Composite_Index": 3813.556884765625,
    "CSI_300_Index": 4459.830078125,
    "Shenzhen_Component_Index": 12472.0,
    "ALUMINUM_future": 2511.25,
    "BTC_price": 110875.0703125,
    "OIL_price": 63.27000045776367,
    "USD_CNY_exchange_rate": 7.138999938964844,
    "Commodity_Index_ETF": 22.3700008392334,
    "US_Dollar_Index": 98.31500244140625,
    "ETH_price": 4397.7998046875,
    "GOLD_spot_price": 3594.699951171875,
    "LEAN_HOGS_future": 93.82499694824219,
    "COPPER_future": 4.567500114440918,
    "High_Yield_Bond_ETF": 80.61000061035156,
    "LIVE_CATTLE_future": 238.1999969482422,
    "GOLD_near_month_future": 3594.800048828125,
    "NATURAL_GAS_future": 3.0889999866485596,
    "PLATINUM_future": 1420.0,
    "SILVER_future": 41.52000045776367,
    "Long_Term_Treasury_ETF": 86.56999969482422,
    "CORN_future": 417.25,
    "SOYBEANS_future": 1028.0,
    "WHEAT_future": 516.5,
    "SP500_close": 6448.259765625,
    "NASDAQ_close": 21497.73046875,
    "US_10Y_Treasury_Yield": 4.210999965667725,
    "VIX_close": 16.270000457763672,
    "GOLD_basis_spot_vs_near": -0.10009765625,
    "China_10Y_Treasury_Yield": 1.806
  }
}