{
  "latest_date": "2025-07-08",
  "latest_values": {
    "Shanghai_Composite_Index": 3473.126953125,
    "CSI_300_Index": 3965.179931640625,
    "Shenzhen_Component_Index": 10435.509765625,
    "ALUMINUM_future": 2515.25,
<<<<<<< Updated upstream
    "BTC_price": 107828.75,
    "OIL_price": 67.48999786376953,
    "USD_CNY_exchange_rate": 7.164899826049805,
    "Commodity_Index_ETF": 22.260000228881836,
    "US_Dollar_Index": 97.28500366210938,
    "ETH_price": 2532.525634765625,
    "GOLD_spot_price": 3346.10009765625,
    "LEAN_HOGS_future": 107.2249984741211,
    "COPPER_future": 5.03249979019165,
    "High_Yield_Bond_ETF": 80.0999984741211,
    "LIVE_CATTLE_future": 215.9250030517578,
    "GOLD_near_month_future": 3346.0,
    "NATURAL_GAS_future": 3.384999990463257,
    "PLATINUM_future": 1394.199951171875,
    "SILVER_future": 37.05500030517578,
    "Long_Term_Treasury_ETF": 86.13999938964844,
    "CORN_future": 419.5,
=======
    "BTC_price": 107851.4453125,
    "OIL_price": 67.5,
    "USD_CNY_exchange_rate": 7.164899826049805,
    "Commodity_Index_ETF": 22.260000228881836,
    "US_Dollar_Index": 97.29199981689453,
    "ETH_price": 2533.003662109375,
    "GOLD_spot_price": 3346.10009765625,
    "LEAN_HOGS_future": 107.2750015258789,
    "COPPER_future": 5.0304999351501465,
    "High_Yield_Bond_ETF": 80.0999984741211,
    "LIVE_CATTLE_future": 215.9250030517578,
    "GOLD_near_month_future": 3401.199951171875,
    "NATURAL_GAS_future": 3.384999990463257,
    "PLATINUM_future": 1394.199951171875,
    "SILVER_future": 37.04999923706055,
    "Long_Term_Treasury_ETF": 86.13999938964844,
    "CORN_future": 419.75,
>>>>>>> Stashed changes
    "SOYBEANS_future": 1021.25,
    "WHEAT_future": 546.25,
    "SP500_close": 6229.97998046875,
    "NASDAQ_close": 20412.51953125,
    "US_10Y_Treasury_Yield": 4.394999980926514,
    "VIX_close": 17.790000915527344,
<<<<<<< Updated upstream
    "GOLD_basis_spot_vs_near": 0.10009765625,
=======
    "GOLD_basis_spot_vs_near": -55.099853515625,
>>>>>>> Stashed changes
    "China_10Y_Treasury_Yield": 1.6406
  }
}