{
  "latest_date": "2025-07-29",
  "latest_values": {
    "Shanghai_Composite_Index": 3597.93701171875,
    "CSI_300_Index": 4135.81982421875,
    "Shenzhen_Component_Index": 11217.580078125,
    "ALUMINUM_future": 2584.0,
    "BTC_price": 118708.6015625,
    "OIL_price": 66.58999633789062,
    "USD_CNY_exchange_rate": 7.153500080108643,
    "Commodity_Index_ETF": 22.399999618530273,
    "US_Dollar_Index": 98.68000030517578,
    "ETH_price": 3792.880859375,
    "GOLD_spot_price": 3313.699951171875,
    "LEAN_HOGS_future": 108.3499984741211,
    "COPPER_future": 5.589000225067139,
    "High_Yield_Bond_ETF": 80.44999694824219,
    "LIVE_CATTLE_future": 227.75,
    "GOLD_near_month_future": 3370.39990234375,
    "NATURAL_GAS_future": 3.053999900817871,
    "PLATINUM_future": 1423.0999755859375,
    "SILVER_future": 38.27000045776367,
    "Long_Term_Treasury_ETF": 85.87000274658203,
    "CORN_future": 414.25,
    "SOYBEANS_future": 1009.0,
    "WHEAT_future": 538.5,
    "SP500_close": 6389.77001953125,
    "NASDAQ_close": 21178.580078125,
    "US_10Y_Treasury_Yield": 4.420000076293945,
    "VIX_close": 15.029999732971191,
    "GOLD_basis_spot_vs_near": -56.699951171875,
    "China_10Y_Treasury_Yield": 1.7146
  }
}