{
  "latest_date": "2025-07-15",
  "latest_values": {
    "Shanghai_Composite_Index": 3504.998779296875,
    "CSI_300_Index": 4019.064453125,
    "Shenzhen_Component_Index": 10744.5615234375,
    "ALUMINUM_future": 2495.75,
    "BTC_price": 117229.625,
    "OIL_price": 66.43000030517578,
    "USD_CNY_exchange_rate": 7.168099880218506,
    "Commodity_Index_ETF": 22.28499984741211,
    "US_Dollar_Index": 98.6719970703125,
    "ETH_price": 3088.481689453125,
    "GOLD_spot_price": 3334.5,
    "LEAN_HOGS_future": 103.9749984741211,
    "COPPER_future": 5.597499847412109,
    "High_Yield_Bond_ETF": 79.9000015258789,
    "LIVE_CATTLE_future": 221.9499969482422,
    "GOLD_near_month_future": 3391.0,
    "NATURAL_GAS_future": 3.5380001068115234,
    "PLATINUM_future": 1415.300048828125,
    "SILVER_future": 38.084999084472656,
    "Long_Term_Treasury_ETF": 84.96499633789062,
    "CORN_future": 419.25,
    "SOYBEANS_future": 1000.5,
    "WHEAT_future": 536.5,
    "SP500_close": 6267.259765625,
    "NASDAQ_close": 20793.77734375,
    "US_10Y_Treasury_Yield": 4.486999988555908,
    "VIX_close": 16.93000030517578,
    "GOLD_basis_spot_vs_near": -56.5,
    "China_10Y_Treasury_Yield": 1.6557
  }
}