{
  "latest_date": "2025-09-04",
  "latest_values": {
    "Shanghai_Composite_Index": 3765.8759765625,
    "CSI_300_Index": 4365.20849609375,
    "Shenzhen_Component_Index": 12118.7021484375,
    "ALUMINUM_future": 2515.5,
    "BTC_price": 110153.5703125,
    "OIL_price": 63.33000183105469,
    "USD_CNY_exchange_rate": 7.138999938964844,
    "Commodity_Index_ETF": 22.216999053955078,
    "US_Dollar_Index": 98.28199768066406,
    "ETH_price": 4295.3701171875,
    "GOLD_spot_price": 3605.699951171875,
    "LEAN_HOGS_future": 95.0999984741211,
    "COPPER_future": 4.566999912261963,
    "High_Yield_Bond_ETF": 80.81999969482422,
    "LIVE_CATTLE_future": 236.97500610351562,
    "GOLD_near_month_future": 3605.800048828125,
    "NATURAL_GAS_future": 3.0820000171661377,
    "PLATINUM_future": 1381.0,
    "SILVER_future": 41.34000015258789,
    "Long_Term_Treasury_ETF": 87.2300033569336,
    "CORN_future": 420.75,
    "SOYBEANS_future": 1033.25,
    "WHEAT_future": 520.0,
    "SP500_close": 6502.080078125,
    "NASDAQ_close": 21707.693359375,
    "US_10Y_Treasury_Yield": 4.175999641418457,
    "VIX_close": 15.510000228881836,
    "GOLD_basis_spot_vs_near": -0.10009765625,
    "China_10Y_Treasury_Yield": 1.806
  }
}