{
  "latest_date": "2025-07-07",
  "latest_values": {
    "Shanghai_Composite_Index": 3473.127197265625,
    "CSI_300_Index": 3965.174560546875,
    "Shenzhen_Component_Index": 10508.759765625,
    "ALUMINUM_future": 2516.5,
    "BTC_price": 108282.6875,
    "OIL_price": 67.63999938964844,
    "USD_CNY_exchange_rate": 7.164899826049805,
    "Commodity_Index_ETF": 22.18000030517578,
    "US_Dollar_Index": 97.35199737548828,
    "ETH_price": 2535.015380859375,
    "GOLD_spot_price": 3331.0,
    "LEAN_HOGS_future": 106.875,
    "COPPER_future": 5.033999919891357,
    "High_Yield_Bond_ETF": 80.16999816894531,
    "LIVE_CATTLE_future": 216.125,
    "GOLD_near_month_future": 3387.0,
    "NATURAL_GAS_future": 3.447999954223633,
    "PLATINUM_future": 1379.0999755859375,
    "SILVER_future": 36.86000061035156,
    "Long_Term_Treasury_ETF": 86.16999816894531,
    "CORN_future": 424.0,
    "SOYBEANS_future": 1020.25,
    "WHEAT_future": 547.75,
    "SP500_close": 6243.509765625,
    "NASDAQ_close": 20481.662109375,
    "US_10Y_Treasury_Yield": 4.388999938964844,
    "VIX_close": 17.809999465942383,
    "GOLD_basis_spot_vs_near": -56.0,
    "China_10Y_Treasury_Yield": 1.6406
  }
}