{
  "latest_date": "2025-07-02",
  "latest_values": {
    "Shanghai_Composite_Index": 3454.79248046875,
    "CSI_300_Index": 3943.684814453125,
    "Shenzhen_Component_Index": 10412.6279296875,
    "ALUMINUM_future": 2581.5,
    "BTC_price": 109203.3046875,
    "OIL_price": 67.37000274658203,
    "USD_CNY_exchange_rate": 7.1645002365112305,
    "Commodity_Index_ETF": 22.290000915527344,
    "US_Dollar_Index": 96.77300262451172,
    "ETH_price": 2593.695556640625,
    "GOLD_spot_price": 3373.0,
    "LEAN_HOGS_future": 107.7750015258789,
    "COPPER_future": 5.1519999504089355,
    "High_Yield_Bond_ETF": 80.31999969482422,
    "LIVE_CATTLE_future": 212.625,
    "GOLD_near_month_future": 3373.10009765625,
    "NATURAL_GAS_future": 3.510999917984009,
    "PLATINUM_future": 1435.4000244140625,
    "SILVER_future": 36.814998626708984,
    "Long_Term_Treasury_ETF": 87.58000183105469,
    "CORN_future": 433.75,
    "SOYBEANS_future": 1047.75,
    "WHEAT_future": 565.0,
    "SP500_close": 6227.419921875,
    "NASDAQ_close": 20393.12890625,
    "US_10Y_Treasury_Yield": 4.293000221252441,
    "VIX_close": 16.639999389648438,
    "GOLD_basis_spot_vs_near": -0.10009765625,
    "China_10Y_Treasury_Yield": 1.6396
  }
}