{
  "latest_date": "2025-08-04",
  "latest_values": {
    "Shanghai_Composite_Index": 3559.951904296875,
    "CSI_300_Index": 4054.929931640625,
    "Shenzhen_Component_Index": 10991.3203125,
    "ALUMINUM_future": 2496.5,
    "BTC_price": 114300.2890625,
    "OIL_price": 66.23999786376953,
    "USD_CNY_exchange_rate": 7.200200080871582,
    "Commodity_Index_ETF": 22.09000015258789,
    "US_Dollar_Index": 98.76000213623047,
    "ETH_price": 3559.443359375,
    "GOLD_spot_price": 3410.199951171875,
    "LEAN_HOGS_future": 107.42500305175781,
    "COPPER_future": 4.446499824523926,
    "High_Yield_Bond_ETF": 79.9800033569336,
    "LIVE_CATTLE_future": 230.0,
    "GOLD_near_month_future": 3410.300048828125,
    "NATURAL_GAS_future": 3.075000047683716,
    "PLATINUM_future": 1324.0,
    "SILVER_future": 37.189998626708984,
    "Long_Term_Treasury_ETF": 87.81999969482422,
    "CORN_future": 409.0,
    "SOYBEANS_future": 986.75,
    "WHEAT_future": 537.25,
    "SP500_close": 6238.009765625,
    "NASDAQ_close": 20650.130859375,
    "US_10Y_Treasury_Yield": 4.21999979019165,
    "VIX_close": 18.959999084472656,
    "GOLD_basis_spot_vs_near": -0.10009765625,
    "China_10Y_Treasury_Yield": 1.7083
  }
}