{
  "latest_date": "2025-07-30",
  "latest_values": {
    "Shanghai_Composite_Index": 3615.716796875,
    "CSI_300_Index": 4151.23779296875,
    "Shenzhen_Component_Index": 11203.029296875,
    "ALUMINUM_future": 2557.25,
    "BTC_price": 117668.1484375,
    "OIL_price": 70.37000274658203,
    "USD_CNY_exchange_rate": 7.177800178527832,
    "Commodity_Index_ETF": 22.520000457763672,
    "US_Dollar_Index": 99.41899871826172,
    "ETH_price": 3795.06982421875,
    "GOLD_spot_price": 3354.5,
    "LEAN_HOGS_future": 107.05000305175781,
    "COPPER_future": 5.591000080108643,
    "High_Yield_Bond_ETF": 80.44999694824219,
    "LIVE_CATTLE_future": 233.1999969482422,
    "GOLD_near_month_future": 3354.699951171875,
    "NATURAL_GAS_future": 3.059000015258789,
    "PLATINUM_future": 1373.5999755859375,
    "SILVER_future": 37.77000045776367,
    "Long_Term_Treasury_ETF": 86.90670013427734,
    "CORN_future": 412.25,
    "SOYBEANS_future": 998.5,
    "WHEAT_future": 523.75,
    "SP500_close": 6384.89013671875,
    "NASDAQ_close": 21192.748046875,
    "US_10Y_Treasury_Yield": 4.3520002365112305,
    "VIX_close": 16.06999969482422,
    "GOLD_basis_spot_vs_near": -0.199951171875,
    "China_10Y_Treasury_Yield": 1.718
  }
}