{
  "latest_date": "2025-08-04",
  "latest_values": {
    "Shanghai_Composite_Index": 3583.308837890625,
    "CSI_300_Index": 4070.702392578125,
    "Shenzhen_Component_Index": 10991.3203125,
    "ALUMINUM_future": 2471.25,
    "BTC_price": 114890.265625,
    "OIL_price": 66.80999755859375,
    "USD_CNY_exchange_rate": 7.200200080871582,
    "Commodity_Index_ETF": 22.075000762939453,
    "US_Dollar_Index": 98.8270034790039,
    "ETH_price": 3644.4970703125,
    "GOLD_spot_price": 3428.10009765625,
    "LEAN_HOGS_future": 91.125,
    "COPPER_future": 4.439499855041504,
    "High_Yield_Bond_ETF": 80.1500015258789,
    "LIVE_CATTLE_future": 225.35000610351562,
    "GOLD_near_month_future": 3428.199951171875,
    "NATURAL_GAS_future": 2.9130001068115234,
    "PLATINUM_future": 1357.9000244140625,
    "SILVER_future": 37.39500045776367,
    "Long_Term_Treasury_ETF": 87.8552017211914,
    "CORN_future": 410.25,
    "SOYBEANS_future": 996.25,
    "WHEAT_future": 537.5,
    "SP500_close": 6311.66015625,
    "NASDAQ_close": 20961.896484375,
    "US_10Y_Treasury_Yield": 4.236000061035156,
    "VIX_close": 18.15999984741211,
    "GOLD_basis_spot_vs_near": -0.099853515625,
    "China_10Y_Treasury_Yield": 1.7083
  }
}