{
  "latest_date": "2025-09-24",
  "latest_values": {
    "Shanghai_Composite_Index": 3821.8330078125,
    "CSI_300_Index": 4519.77978515625,
    "Shenzhen_Component_Index": 13119.8203125,
    "ALUMINUM_future": 2571.0,
    "BTC_price": 113065.5625,
    "OIL_price": 64.33999633789062,
    "USD_CNY_exchange_rate": 7.113999843597412,
    "Commodity_Index_ETF": 22.489999771118164,
    "US_Dollar_Index": 97.72799682617188,
    "ETH_price": 4182.73046875,
    "GOLD_spot_price": 3798.89990234375,
    "LEAN_HOGS_future": 100.44999694824219,
    "COPPER_future": 4.722499847412109,
    "High_Yield_Bond_ETF": 81.26000213623047,
    "LIVE_CATTLE_future": 235.6750030517578,
    "GOLD_near_month_future": 3798.800048828125,
    "NATURAL_GAS_future": 3.114000082015991,
    "PLATINUM_future": 1487.199951171875,
    "SILVER_future": 44.41999816894531,
    "Long_Term_Treasury_ETF": 89.31999969482422,
    "CORN_future": 426.25,
    "SOYBEANS_future": 1013.0,
    "WHEAT_future": 521.25,
    "SP500_close": 6656.919921875,
    "NASDAQ_close": 22573.470703125,
    "US_10Y_Treasury_Yield": 4.13100004196167,
    "VIX_close": 16.31999969482422,
    "GOLD_basis_spot_vs_near": 0.099853515625,
    "China_10Y_Treasury_Yield": 1.9022
  }
}