{
  "latest_date": "2025-08-10",
  "latest_values": {
    "Shanghai_Composite_Index": 3635.1279296875,
    "CSI_300_Index": 4104.97021484375,
    "Shenzhen_Component_Index": 11128.669921875,
    "ALUMINUM_future": 2546.75,
    "BTC_price": 118450.5546875,
    "OIL_price": 63.349998474121094,
    "USD_CNY_exchange_rate": 7.1834001541137695,
    "Commodity_Index_ETF": 21.84000015258789,
    "US_Dollar_Index": 98.26499938964844,
    "ETH_price": 4185.65380859375,
    "GOLD_spot_price": 3491.300048828125,
    "LEAN_HOGS_future": 90.67500305175781,
    "COPPER_future": 4.471499919891357,
    "High_Yield_Bond_ETF": 80.22000122070312,
    "LIVE_CATTLE_future": 225.97500610351562,
    "GOLD_near_month_future": 3491.300048828125,
    "NATURAL_GAS_future": 2.990000009536743,
    "PLATINUM_future": 1339.5999755859375,
    "SILVER_future": 38.54199981689453,
    "Long_Term_Treasury_ETF": 87.29000091552734,
    "CORN_future": 405.5,
    "SOYBEANS_future": 987.5,
    "WHEAT_future": 535.0,
    "SP500_close": 6389.4501953125,
    "NASDAQ_close": 21450.01953125,
    "US_10Y_Treasury_Yield": 4.284999847412109,
    "VIX_close": 15.149999618530273,
    "GOLD_basis_spot_vs_near": 0.0,
    "China_10Y_Treasury_Yield": 1.6891
  }
}