{
  "latest_date": "2025-08-04",
  "latest_values": {
    "Shanghai_Composite_Index": 3583.308837890625,
    "CSI_300_Index": 4070.702392578125,
    "Shenzhen_Component_Index": 11041.5595703125,
    "ALUMINUM_future": 2496.5,
    "BTC_price": 114905.78125,
    "OIL_price": 66.16000366210938,
    "USD_CNY_exchange_rate": 7.200200080871582,
    "Commodity_Index_ETF": 22.049999237060547,
    "US_Dollar_Index": 98.77300262451172,
    "ETH_price": 3676.882568359375,
    "GOLD_spot_price": 3430.60009765625,
    "LEAN_HOGS_future": 108.1500015258789,
    "COPPER_future": 4.453499794006348,
    "High_Yield_Bond_ETF": 80.19999694824219,
    "LIVE_CATTLE_future": 230.5749969482422,
    "GOLD_near_month_future": 3430.60009765625,
    "NATURAL_GAS_future": 2.940000057220459,
    "PLATINUM_future": 1343.199951171875,
    "SILVER_future": 37.404998779296875,
    "Long_Term_Treasury_ETF": 88.02359771728516,
    "CORN_future": 407.0,
    "SOYBEANS_future": 994.5,
    "WHEAT_future": 536.75,
    "SP500_close": 6318.6298828125,
    "NASDAQ_close": 21011.349609375,
    "US_10Y_Treasury_Yield": 4.202000141143799,
    "VIX_close": 17.709999084472656,
    "GOLD_basis_spot_vs_near": 0.0,
    "China_10Y_Treasury_Yield": 1.7083
  }
}