{
  "latest_date": "2025-08-22",
  "latest_values": {
    "Shanghai_Composite_Index": 3771.09912109375,
    "CSI_300_Index": 4288.06982421875,
    "Shenzhen_Component_Index": 11919.759765625,
    "ALUMINUM_future": 2510.5,
    "BTC_price": 113887.8125,
    "OIL_price": 63.709999084472656,
    "USD_CNY_exchange_rate": 7.1757001876831055,
    "Commodity_Index_ETF": 22.040000915527344,
    "US_Dollar_Index": 98.67500305175781,
    "ETH_price": 4411.9970703125,
    "GOLD_spot_price": 3376.300048828125,
    "LEAN_HOGS_future": 91.0,
    "COPPER_future": 4.44350004196167,
    "High_Yield_Bond_ETF": 80.54000091552734,
    "LIVE_CATTLE_future": 234.39999389648438,
    "GOLD_near_month_future": 3376.5,
    "NATURAL_GAS_future": 2.7730000019073486,
    "PLATINUM_future": 1342.699951171875,
    "SILVER_future": 37.900001525878906,
    "Long_Term_Treasury_ETF": 87.01000213623047,
    "CORN_future": 412.0,
    "SOYBEANS_future": 1058.75,
    "WHEAT_future": 527.25,
    "SP500_close": 6448.56005859375,
    "NASDAQ_close": 21371.962890625,
    "US_10Y_Treasury_Yield": 4.308000087738037,
    "VIX_close": 16.190000534057617,
    "GOLD_basis_spot_vs_near": -0.199951171875,
    "China_10Y_Treasury_Yield": 1.7818
  }
}