{
  "latest_date": "2025-08-04",
  "latest_values": {
    "Shanghai_Composite_Index": 3559.951904296875,
    "CSI_300_Index": 4054.929931640625,
    "Shenzhen_Component_Index": 10991.3203125,
    "ALUMINUM_future": 2474.75,
    "BTC_price": 115447.453125,
    "OIL_price": 65.63999938964844,
    "USD_CNY_exchange_rate": 7.174699783325195,
    "Commodity_Index_ETF": 21.950000762939453,
    "US_Dollar_Index": 98.68800354003906,
    "ETH_price": 3646.33837890625,
    "GOLD_spot_price": 3437.800048828125,
    "LEAN_HOGS_future": 90.5999984741211,
    "COPPER_future": 4.440499782562256,
    "High_Yield_Bond_ETF": 80.11499786376953,
    "LIVE_CATTLE_future": 225.0,
    "GOLD_near_month_future": 3438.300048828125,
    "NATURAL_GAS_future": 3.003999948501587,
    "PLATINUM_future": 1359.300048828125,
    "SILVER_future": 37.400001525878906,
    "Long_Term_Treasury_ETF": 87.76000213623047,
    "CORN_future": 412.0,
    "SOYBEANS_future": 991.75,
    "WHEAT_future": 541.0,
    "SP500_close": 6304.009765625,
    "NASDAQ_close": 20973.078125,
    "US_10Y_Treasury_Yield": 4.2179999351501465,
    "VIX_close": 18.1299991607666,
    "GOLD_basis_spot_vs_near": -0.5,
    "China_10Y_Treasury_Yield": 1.7083
  }
}