{
  "latest_date": "2025-09-19",
  "latest_values": {
    "Shanghai_Composite_Index": 3820.08935546875,
    "CSI_300_Index": 4501.91943359375,
    "Shenzhen_Component_Index": 13070.86328125,
    "ALUMINUM_future": 2612.25,
    "BTC_price": 115476.4921875,
    "OIL_price": 62.68000030517578,
    "USD_CNY_exchange_rate": 7.103300094604492,
    "Commodity_Index_ETF": 22.28059959411621,
    "US_Dollar_Index": 97.63200378417969,
    "ETH_price": 4455.55078125,
    "GOLD_spot_price": 3716.199951171875,
    "LEAN_HOGS_future": 97.9749984741211,
    "COPPER_future": 4.63700008392334,
    "High_Yield_Bond_ETF": 81.19000244140625,
    "LIVE_CATTLE_future": 233.4499969482422,
    "GOLD_near_month_future": 3716.10009765625,
    "NATURAL_GAS_future": 2.888000011444092,
    "PLATINUM_future": 1420.0,
    "SILVER_future": 43.310001373291016,
    "Long_Term_Treasury_ETF": 88.86499786376953,
    "CORN_future": 424.0,
    "SOYBEANS_future": 1025.75,
    "WHEAT_future": 522.5,
    "SP500_close": 6651.47998046875,
    "NASDAQ_close": 22565.08984375,
    "US_10Y_Treasury_Yield": 4.140999794006348,
    "VIX_close": 15.699999809265137,
    "GOLD_basis_spot_vs_near": 0.099853515625,
    "China_10Y_Treasury_Yield": 1.8789
  }
}