{
  "latest_date": "2025-08-06",
  "latest_values": {
    "Shanghai_Composite_Index": 3633.994873046875,
    "CSI_300_Index": 4113.4853515625,
    "Shenzhen_Component_Index": 11177.7822265625,
    "ALUMINUM_future": 2544.5,
    "BTC_price": 115521.515625,
    "OIL_price": 64.31999969482422,
    "USD_CNY_exchange_rate": 7.181700229644775,
    "Commodity_Index_ETF": 21.760000228881836,
    "US_Dollar_Index": 98.1719970703125,
    "ETH_price": 3685.725830078125,
    "GOLD_spot_price": 3435.300048828125,
    "LEAN_HOGS_future": 91.92500305175781,
    "COPPER_future": 4.412499904632568,
    "High_Yield_Bond_ETF": 80.23500061035156,
    "LIVE_CATTLE_future": 229.4499969482422,
    "GOLD_near_month_future": 3435.39990234375,
    "NATURAL_GAS_future": 3.0889999866485596,
    "PLATINUM_future": 1353.5999755859375,
    "SILVER_future": 37.939998626708984,
    "Long_Term_Treasury_ETF": 87.84500122070312,
    "CORN_future": 402.0,
    "SOYBEANS_future": 985.25,
    "WHEAT_future": 529.0,
    "SP500_close": 6346.18994140625,
    "NASDAQ_close": 21165.01171875,
    "US_10Y_Treasury_Yield": 4.220000267028809,
    "VIX_close": 16.65999984741211,
    "GOLD_basis_spot_vs_near": -0.099853515625,
    "China_10Y_Treasury_Yield": 1.6999
  }
}