{
  "latest_date": "2025-08-18",
  "latest_values": {
    "Shanghai_Composite_Index": 3728.02734375,
    "CSI_300_Index": 4239.41259765625,
    "Shenzhen_Component_Index": 11634.669921875,
    "ALUMINUM_future": 2511.5,
    "BTC_price": 115623.359375,
    "OIL_price": 62.810001373291016,
    "USD_CNY_exchange_rate": 7.179500102996826,
    "Commodity_Index_ETF": 21.709999084472656,
    "US_Dollar_Index": 98.1719970703125,
    "ETH_price": 4333.35400390625,
    "GOLD_spot_price": 3378.300048828125,
    "LEAN_HOGS_future": 90.3499984741211,
    "COPPER_future": 4.46999979019165,
    "High_Yield_Bond_ETF": 80.44000244140625,
    "LIVE_CATTLE_future": 230.1999969482422,
    "GOLD_near_month_future": 3378.300048828125,
    "NATURAL_GAS_future": 2.871999979019165,
    "PLATINUM_future": 1338.199951171875,
    "SILVER_future": 38.084999084472656,
    "Long_Term_Treasury_ETF": 86.16999816894531,
    "CORN_future": 407.0,
    "SOYBEANS_future": 1043.0,
    "WHEAT_future": 528.0,
    "SP500_close": 6448.080078125,
    "NASDAQ_close": 21610.3828125,
    "US_10Y_Treasury_Yield": 4.335999965667725,
    "VIX_close": 15.399999618530273,
    "GOLD_basis_spot_vs_near": 0.0,
    "China_10Y_Treasury_Yield": 1.7872
  }
}