{
  "latest_date": "2025-08-08",
  "latest_values": {
    "Shanghai_Composite_Index": 3639.6669921875,
    "CSI_300_Index": 4114.669921875,
    "Shenzhen_Component_Index": 11157.9404296875,
    "ALUMINUM_future": 2542.25,
    "BTC_price": 116806.75,
    "OIL_price": 63.81999969482422,
    "USD_CNY_exchange_rate": 7.182799816131592,
    "Commodity_Index_ETF": 21.84000015258789,
    "US_Dollar_Index": 98.11100006103516,
    "ETH_price": 3918.18701171875,
    "GOLD_spot_price": 3489.0,
    "LEAN_HOGS_future": 90.9000015258789,
    "COPPER_future": 4.423999786376953,
    "High_Yield_Bond_ETF": 80.20999908447266,
    "LIVE_CATTLE_future": 232.5749969482422,
    "GOLD_near_month_future": 3488.89990234375,
    "NATURAL_GAS_future": 3.0820000171661377,
    "PLATINUM_future": 1363.5,
    "SILVER_future": 38.48500061035156,
    "Long_Term_Treasury_ETF": 87.66999816894531,
    "CORN_future": 407.5,
    "SOYBEANS_future": 997.25,
    "WHEAT_future": 539.0,
    "SP500_close": 6340.0,
    "NASDAQ_close": 21242.69921875,
    "US_10Y_Treasury_Yield": 4.24399995803833,
    "VIX_close": 16.56999969482422,
    "GOLD_basis_spot_vs_near": 0.10009765625,
    "China_10Y_Treasury_Yield": 1.6894
  }
}