{
  "latest_date": "2025-07-30",
  "latest_values": {
    "Shanghai_Composite_Index": 3609.7109375,
    "CSI_300_Index": 4152.02001953125,
    "Shenzhen_Component_Index": 11289.41015625,
    "ALUMINUM_future": 2507.0,
    "BTC_price": 117867.1015625,
    "OIL_price": 69.26000213623047,
    "USD_CNY_exchange_rate": 7.177800178527832,
    "Commodity_Index_ETF": 22.690000534057617,
    "US_Dollar_Index": 98.87000274658203,
    "ETH_price": 3796.8984375,
    "GOLD_spot_price": 3322.89990234375,
    "LEAN_HOGS_future": 107.0999984741211,
    "COPPER_future": 5.647500038146973,
    "High_Yield_Bond_ETF": 80.5,
    "LIVE_CATTLE_future": 229.5,
    "GOLD_near_month_future": 3380.60009765625,
    "NATURAL_GAS_future": 3.072999954223633,
    "PLATINUM_future": 1415.699951171875,
    "SILVER_future": 38.314998626708984,
    "Long_Term_Treasury_ETF": 87.31999969482422,
    "CORN_future": 410.5,
    "SOYBEANS_future": 1007.5,
    "WHEAT_future": 527.5,
    "SP500_close": 6370.85986328125,
    "NASDAQ_close": 21098.2890625,
    "US_10Y_Treasury_Yield": 4.329999923706055,
    "VIX_close": 15.979999542236328,
    "GOLD_basis_spot_vs_near": -57.7001953125,
    "China_10Y_Treasury_Yield": 1.7466
  }
}