{
  "latest_date": "2025-08-19",
  "latest_values": {
    "Shanghai_Composite_Index": 3727.287841796875,
    "CSI_300_Index": 4223.3740234375,
    "Shenzhen_Component_Index": 11821.6259765625,
    "ALUMINUM_future": 2476.75,
    "BTC_price": 113280.671875,
    "OIL_price": 62.5099983215332,
    "USD_CNY_exchange_rate": 7.181399822235107,
    "Commodity_Index_ETF": 21.6200008392334,
    "US_Dollar_Index": 98.27899932861328,
    "ETH_price": 4135.88037109375,
    "GOLD_spot_price": 3358.89990234375,
    "LEAN_HOGS_future": 90.0999984741211,
    "COPPER_future": 4.429500102996826,
    "High_Yield_Bond_ETF": 80.37999725341797,
    "LIVE_CATTLE_future": 231.3000030517578,
    "GOLD_near_month_future": 3359.0,
    "NATURAL_GAS_future": 2.757999897003174,
    "PLATINUM_future": 1312.0999755859375,
    "SILVER_future": 37.33000183105469,
    "Long_Term_Treasury_ETF": 86.6500015258789,
    "CORN_future": 403.0,
    "SOYBEANS_future": 1033.25,
    "WHEAT_future": 520.75,
    "SP500_close": 6411.3701171875,
    "NASDAQ_close": 21314.951171875,
    "US_10Y_Treasury_Yield": 4.302000045776367,
    "VIX_close": 15.569999694824219,
    "GOLD_basis_spot_vs_near": -0.10009765625,
    "China_10Y_Treasury_Yield": 1.7725
  }
}