{
  "latest_date": "2025-07-31",
  "latest_values": {
    "Shanghai_Composite_Index": 3615.717041015625,
    "CSI_300_Index": 4151.240234375,
    "Shenzhen_Component_Index": 11203.0302734375,
    "ALUMINUM_future": 2531.75,
    "BTC_price": 118425.640625,
    "OIL_price": 69.86000061035156,
    "USD_CNY_exchange_rate": 7.176400184631348,
    "Commodity_Index_ETF": 22.639999389648438,
    "US_Dollar_Index": 99.68699645996094,
    "ETH_price": 3865.6796875,
    "GOLD_spot_price": 3348.60009765625,
    "LEAN_HOGS_future": 106.8499984741211,
    "COPPER_future": 4.452000141143799,
    "High_Yield_Bond_ETF": 80.33000183105469,
    "LIVE_CATTLE_future": 232.9499969482422,
    "GOLD_near_month_future": 3348.39990234375,
    "NATURAL_GAS_future": 3.009999990463257,
    "PLATINUM_future": 1345.199951171875,
    "SILVER_future": 37.275001525878906,
    "Long_Term_Treasury_ETF": 86.87000274658203,
    "CORN_future": 412.25,
    "SOYBEANS_future": 995.75,
    "WHEAT_future": 523.75,
    "SP500_close": 6362.89990234375,
    "NASDAQ_close": 21129.669921875,
    "US_10Y_Treasury_Yield": 4.375999927520752,
    "VIX_close": 15.479999542236328,
    "GOLD_basis_spot_vs_near": 0.2001953125,
    "China_10Y_Treasury_Yield": 1.718
  }
}