{
  "latest_date": "2025-09-04",
  "latest_values": {
    "Shanghai_Composite_Index": 3813.556884765625,
    "CSI_300_Index": 4459.830078125,
    "Shenzhen_Component_Index": 12472.0,
    "ALUMINUM_future": 2526.5,
    "BTC_price": 110783.7421875,
    "OIL_price": 63.529998779296875,
    "USD_CNY_exchange_rate": 7.138999938964844,
    "Commodity_Index_ETF": 22.3700008392334,
    "US_Dollar_Index": 98.23999786376953,
    "ETH_price": 4378.6630859375,
    "GOLD_spot_price": 3589.0,
    "LEAN_HOGS_future": 93.82499694824219,
    "COPPER_future": 4.572500228881836,
    "High_Yield_Bond_ETF": 80.61000061035156,
    "LIVE_CATTLE_future": 238.1999969482422,
    "GOLD_near_month_future": 3589.0,
    "NATURAL_GAS_future": 3.078000068664551,
    "PLATINUM_future": 1430.5,
    "SILVER_future": 41.33000183105469,
    "Long_Term_Treasury_ETF": 86.56999969482422,
    "CORN_future": 417.75,
    "SOYBEANS_future": 1032.25,
    "WHEAT_future": 521.25,
    "SP500_close": 6448.259765625,
    "NASDAQ_close": 21497.73046875,
    "US_10Y_Treasury_Yield": 4.210999965667725,
    "VIX_close": 16.350000381469727,
    "GOLD_basis_spot_vs_near": 0.0,
    "China_10Y_Treasury_Yield": 1.7984
  }
}