{
  "latest_date": "2025-07-28",
  "latest_values": {
    "Shanghai_Composite_Index": 3593.655029296875,
    "CSI_300_Index": 4127.16015625,
    "Shenzhen_Component_Index": 11168.1396484375,
    "ALUMINUM_future": 2546.5,
    "BTC_price": 118682.1171875,
    "OIL_price": 66.9800033569336,
    "USD_CNY_exchange_rate": 7.153500080108643,
    "Commodity_Index_ETF": 22.170000076293945,
    "US_Dollar_Index": 98.13099670410156,
    "ETH_price": 3857.6650390625,
    "GOLD_spot_price": 3329.39990234375,
    "LEAN_HOGS_future": 108.57499694824219,
    "COPPER_future": 5.759500026702881,
    "High_Yield_Bond_ETF": 80.48999786376953,
    "LIVE_CATTLE_future": 226.5500030517578,
    "GOLD_near_month_future": 3385.0,
    "NATURAL_GAS_future": 3.118000030517578,
    "PLATINUM_future": 1448.4000244140625,
    "SILVER_future": 38.30500030517578,
    "Long_Term_Treasury_ETF": 86.43000030517578,
    "CORN_future": 417.0,
    "SOYBEANS_future": 1014.75,
    "WHEAT_future": 533.75,
    "SP500_close": 6388.64013671875,
    "NASDAQ_close": 21108.3203125,
    "US_10Y_Treasury_Yield": 4.3919997215271,
    "VIX_close": 15.130000114440918,
    "GOLD_basis_spot_vs_near": -55.60009765625,
    "China_10Y_Treasury_Yield": 1.7146
  }
}