{
  "latest_date": "2025-07-23",
  "latest_values": {
    "Shanghai_Composite_Index": 3581.861083984375,
    "CSI_300_Index": 4118.9599609375,
    "Shenzhen_Component_Index": 11099.830078125,
    "ALUMINUM_future": 2621.0,
    "BTC_price": 118011.4921875,
    "OIL_price": 65.0199966430664,
    "USD_CNY_exchange_rate": 7.17549991607666,
    "Commodity_Index_ETF": 22.440000534057617,
    "US_Dollar_Index": 97.37999725341797,
    "ETH_price": 3653.86376953125,
    "GOLD_spot_price": 3444.199951171875,
    "LEAN_HOGS_future": 107.625,
    "COPPER_future": 5.813499927520752,
    "High_Yield_Bond_ETF": 80.5,
    "LIVE_CATTLE_future": 224.89999389648438,
    "GOLD_near_month_future": 3501.5,
    "NATURAL_GAS_future": 3.2290000915527344,
    "PLATINUM_future": 1486.800048828125,
    "SILVER_future": 39.814998626708984,
    "Long_Term_Treasury_ETF": 86.5199966430664,
    "CORN_future": 418.0,
    "SOYBEANS_future": 1031.5,
    "WHEAT_future": 549.5,
    "SP500_close": 6309.6201171875,
    "NASDAQ_close": 20892.689453125,
    "US_10Y_Treasury_Yield": 4.335999965667725,
    "VIX_close": 16.15999984741211,
    "GOLD_basis_spot_vs_near": -57.300048828125,
    "China_10Y_Treasury_Yield": 1.7041
  }
}