{
  "latest_date": "2025-07-21",
  "latest_values": {
    "Shanghai_Composite_Index": 3534.48291015625,
    "CSI_300_Index": 4058.550048828125,
    "Shenzhen_Component_Index": 10913.83984375,
    "ALUMINUM_future": 2555.5,
    "BTC_price": 118303.25,
    "OIL_price": 67.45999908447266,
    "USD_CNY_exchange_rate": 7.183199882507324,
    "Commodity_Index_ETF": 22.530000686645508,
    "US_Dollar_Index": 98.40599822998047,
    "ETH_price": 3760.3076171875,
    "GOLD_spot_price": 3364.699951171875,
    "LEAN_HOGS_future": 106.5,
    "COPPER_future": 5.607999801635742,
    "High_Yield_Bond_ETF": 80.25,
    "LIVE_CATTLE_future": 223.3000030517578,
    "GOLD_near_month_future": 3420.10009765625,
    "NATURAL_GAS_future": 3.3959999084472656,
    "PLATINUM_future": 1461.4000244140625,
    "SILVER_future": 38.52000045776367,
    "Long_Term_Treasury_ETF": 85.23999786376953,
    "CORN_future": 426.25,
    "SOYBEANS_future": 1029.75,
    "WHEAT_future": 545.0,
    "SP500_close": 6296.7900390625,
    "NASDAQ_close": 20895.650390625,
    "US_10Y_Treasury_Yield": 4.432000160217285,
    "VIX_close": 16.40999984741211,
    "GOLD_basis_spot_vs_near": -55.400146484375,
    "China_10Y_Treasury_Yield": 1.6652
  }
}