{
  "latest_date": "2025-08-05",
  "latest_values": {
    "Shanghai_Composite_Index": 3617.59765625,
    "CSI_300_Index": 4103.4501953125,
    "Shenzhen_Component_Index": 11106.95703125,
    "ALUMINUM_future": 2481.25,
    "BTC_price": 113541.5859375,
    "OIL_price": 65.30999755859375,
    "USD_CNY_exchange_rate": 7.211599826812744,
    "Commodity_Index_ETF": 21.854999542236328,
    "US_Dollar_Index": 98.7490005493164,
    "ETH_price": 3600.924560546875,
    "GOLD_spot_price": 3435.300048828125,
    "LEAN_HOGS_future": 92.69999694824219,
    "COPPER_future": 4.388999938964844,
    "High_Yield_Bond_ETF": 80.19999694824219,
    "LIVE_CATTLE_future": 227.25,
    "GOLD_near_month_future": 3435.199951171875,
    "NATURAL_GAS_future": 3.0250000953674316,
    "PLATINUM_future": 1333.300048828125,
    "SILVER_future": 37.86000061035156,
    "Long_Term_Treasury_ETF": 88.21499633789062,
    "CORN_future": 402.25,
    "SOYBEANS_future": 992.5,
    "WHEAT_future": 529.0,
    "SP500_close": 6319.080078125,
    "NASDAQ_close": 21011.876953125,
    "US_10Y_Treasury_Yield": 4.206000328063965,
    "VIX_close": 17.40999984741211,
    "GOLD_basis_spot_vs_near": 0.10009765625,
    "China_10Y_Treasury_Yield": 1.7061
  }
}