{
  "latest_date": "2025-08-07",
  "latest_values": {
    "Shanghai_Composite_Index": 3633.9951171875,
    "CSI_300_Index": 4113.47998046875,
    "Shenzhen_Component_Index": 11177.7802734375,
    "ALUMINUM_future": 2545.5,
    "BTC_price": 116302.703125,
    "OIL_price": 64.44999694824219,
    "USD_CNY_exchange_rate": 7.1834001541137695,
    "Commodity_Index_ETF": 21.770000457763672,
    "US_Dollar_Index": 98.21900177001953,
    "ETH_price": 3844.408935546875,
    "GOLD_spot_price": 3457.89990234375,
    "LEAN_HOGS_future": 91.92500305175781,
    "COPPER_future": 4.423999786376953,
    "High_Yield_Bond_ETF": 80.29000091552734,
    "LIVE_CATTLE_future": 229.4499969482422,
    "GOLD_near_month_future": 3457.89990234375,
    "NATURAL_GAS_future": 3.0759999752044678,
    "PLATINUM_future": 1351.699951171875,
    "SILVER_future": 38.57500076293945,
    "Long_Term_Treasury_ETF": 87.81999969482422,
    "CORN_future": 406.0,
    "SOYBEANS_future": 989.0,
    "WHEAT_future": 537.5,
    "SP500_close": 6345.06005859375,
    "NASDAQ_close": 21169.419921875,
    "US_10Y_Treasury_Yield": 4.2330002784729,
    "VIX_close": 16.15999984741211,
    "GOLD_basis_spot_vs_near": 0.0,
    "China_10Y_Treasury_Yield": 1.6894
  }
}