{
  "latest_date": "2025-08-04",
  "latest_values": {
    "Shanghai_Composite_Index": 3559.951904296875,
    "CSI_300_Index": 4054.929931640625,
    "Shenzhen_Component_Index": 10991.3203125,
    "ALUMINUM_future": 2477.0,
    "BTC_price": 114695.90625,
    "OIL_price": 67.23999786376953,
    "USD_CNY_exchange_rate": 7.200200080871582,
    "Commodity_Index_ETF": 22.09000015258789,
    "US_Dollar_Index": 98.78900146484375,
    "ETH_price": 3555.6220703125,
    "GOLD_spot_price": 3406.300048828125,
    "LEAN_HOGS_future": 90.125,
    "COPPER_future": 4.423999786376953,
    "High_Yield_Bond_ETF": 79.9800033569336,
    "LIVE_CATTLE_future": 223.52499389648438,
    "GOLD_near_month_future": 3406.39990234375,
    "NATURAL_GAS_future": 3.0309998989105225,
    "PLATINUM_future": 1318.0,
    "SILVER_future": 36.91999816894531,
    "Long_Term_Treasury_ETF": 87.81999969482422,
    "CORN_future": 410.75,
    "SOYBEANS_future": 992.5,
    "WHEAT_future": 537.0,
    "SP500_close": 6238.009765625,
    "NASDAQ_close": 20650.130859375,
    "US_10Y_Treasury_Yield": 4.21999979019165,
    "VIX_close": 20.3799991607666,
    "GOLD_basis_spot_vs_near": -0.099853515625,
    "China_10Y_Treasury_Yield": 1.7059
  }
}