{
  "latest_date": "2025-08-14",
  "latest_values": {
    "Shanghai_Composite_Index": 3683.465087890625,
    "CSI_300_Index": 4176.580078125,
    "Shenzhen_Component_Index": 11551.3701171875,
    "ALUMINUM_future": 2543.75,
    "BTC_price": 121576.109375,
    "OIL_price": 62.79999923706055,
    "USD_CNY_exchange_rate": 7.178500175476074,
    "Commodity_Index_ETF": 21.75,
    "US_Dollar_Index": 97.93399810791016,
    "ETH_price": 4732.82373046875,
    "GOLD_spot_price": 3394.39990234375,
    "LEAN_HOGS_future": 90.7249984741211,
    "COPPER_future": 4.479000091552734,
    "High_Yield_Bond_ETF": 80.61000061035156,
    "LIVE_CATTLE_future": 229.47500610351562,
    "GOLD_near_month_future": 3394.60009765625,
    "NATURAL_GAS_future": 2.7909998893737793,
    "PLATINUM_future": 1352.699951171875,
    "SILVER_future": 38.29499816894531,
    "Long_Term_Treasury_ETF": 87.66999816894531,
    "CORN_future": 394.5,
    "SOYBEANS_future": 1042.25,
    "WHEAT_future": 525.75,
    "SP500_close": 6466.580078125,
    "NASDAQ_close": 21713.140625,
    "US_10Y_Treasury_Yield": 4.23799991607666,
    "VIX_close": 14.640000343322754,
    "GOLD_basis_spot_vs_near": -0.2001953125,
    "China_10Y_Treasury_Yield": 1.7262
  }
}