{
  "latest_date": "2025-08-19",
  "latest_values": {
    "Shanghai_Composite_Index": 3727.287841796875,
    "CSI_300_Index": 4223.3740234375,
    "Shenzhen_Component_Index": 11821.6259765625,
    "ALUMINUM_future": 2519.5,
    "BTC_price": 113439.109375,
    "OIL_price": 62.33000183105469,
    "USD_CNY_exchange_rate": 7.181700229644775,
    "Commodity_Index_ETF": 21.614999771118164,
    "US_Dollar_Index": 98.21900177001953,
    "ETH_price": 4179.076171875,
    "GOLD_spot_price": 3361.5,
    "LEAN_HOGS_future": 90.125,
    "COPPER_future": 4.427999973297119,
    "High_Yield_Bond_ETF": 80.3949966430664,
    "LIVE_CATTLE_future": 231.35000610351562,
    "GOLD_near_month_future": 3361.800048828125,
    "NATURAL_GAS_future": 2.759999990463257,
    "PLATINUM_future": 1310.0999755859375,
    "SILVER_future": 37.33000183105469,
    "Long_Term_Treasury_ETF": 86.70500183105469,
    "CORN_future": 403.5,
    "SOYBEANS_future": 1033.75,
    "WHEAT_future": 521.5,
    "SP500_close": 6409.6298828125,
    "NASDAQ_close": 21326.828125,
    "US_10Y_Treasury_Yield": 4.297999858856201,
    "VIX_close": 15.5600004196167,
    "GOLD_basis_spot_vs_near": -0.300048828125,
    "China_10Y_Treasury_Yield": 1.7725
  }
}