{
  "latest_date": "2025-08-03",
  "latest_values": {
    "Shanghai_Composite_Index": 3559.951904296875,
    "CSI_300_Index": 4054.929931640625,
    "Shenzhen_Component_Index": 10991.3203125,
    "ALUMINUM_future": 2476.75,
    "BTC_price": 114248.7734375,
    "OIL_price": 67.33000183105469,
    "USD_CNY_exchange_rate": 7.211100101470947,
    "Commodity_Index_ETF": 22.09000015258789,
    "US_Dollar_Index": 98.68499755859375,
    "ETH_price": 3489.72705078125,
    "GOLD_spot_price": 3399.800048828125,
    "LEAN_HOGS_future": 90.05000305175781,
    "COPPER_future": 4.435500144958496,
    "High_Yield_Bond_ETF": 79.9800033569336,
    "LIVE_CATTLE_future": 223.6750030517578,
    "GOLD_near_month_future": 3399.800048828125,
    "NATURAL_GAS_future": 3.0829999446868896,
    "PLATINUM_future": 1316.9000244140625,
    "SILVER_future": 36.92900085449219,
    "Long_Term_Treasury_ETF": 87.81999969482422,
    "CORN_future": 410.75,
    "SOYBEANS_future": 988.0,
    "WHEAT_future": 537.0,
    "SP500_close": 6238.009765625,
    "NASDAQ_close": 20650.130859375,
    "US_10Y_Treasury_Yield": 4.21999979019165,
    "VIX_close": 20.3799991607666,
    "GOLD_basis_spot_vs_near": 0.0,
    "China_10Y_Treasury_Yield": 1.7059
  }
}