{
  "latest_date": "2025-07-17",
  "latest_values": {
    "Shanghai_Composite_Index": 3503.777099609375,
    "CSI_300_Index": 4007.199951171875,
    "Shenzhen_Component_Index": 10720.8095703125,
    "ALUMINUM_future": 2449.25,
    "BTC_price": 118372.234375,
    "OIL_price": 66.58999633789062,
    "USD_CNY_exchange_rate": 7.172900199890137,
    "Commodity_Index_ETF": 22.305299758911133,
    "US_Dollar_Index": 98.70700073242188,
    "ETH_price": 3417.91943359375,
    "GOLD_spot_price": 3325.699951171875,
    "LEAN_HOGS_future": 105.0,
    "COPPER_future": 5.482999801635742,
    "High_Yield_Bond_ETF": 80.1449966430664,
    "LIVE_CATTLE_future": 223.4250030517578,
    "GOLD_near_month_future": 3380.300048828125,
    "NATURAL_GAS_future": 3.5840001106262207,
    "PLATINUM_future": 1437.0,
    "SILVER_future": 37.97999954223633,
    "Long_Term_Treasury_ETF": 85.38999938964844,
    "CORN_future": 423.5,
    "SOYBEANS_future": 1020.75,
    "WHEAT_future": 537.25,
    "SP500_close": 6280.06982421875,
    "NASDAQ_close": 20820.279296875,
    "US_10Y_Treasury_Yield": 4.428999900817871,
    "VIX_close": 16.940000534057617,
    "GOLD_basis_spot_vs_near": -54.60009765625,
    "China_10Y_Treasury_Yield": 1.663
  }
}