{
  "latest_date": "2025-09-10",
  "latest_values": {
    "Shanghai_Composite_Index": 3812.22119140625,
    "CSI_300_Index": 4445.36474609375,
    "Shenzhen_Component_Index": 12557.6796875,
    "ALUMINUM_future": 2552.25,
    "BTC_price": 113945.65625,
    "OIL_price": 63.77000045776367,
    "USD_CNY_exchange_rate": 7.1209001541137695,
    "Commodity_Index_ETF": 22.389999389648438,
    "US_Dollar_Index": 97.80599975585938,
    "ETH_price": 4347.7314453125,
    "GOLD_spot_price": 3679.300048828125,
    "LEAN_HOGS_future": 96.69999694824219,
    "COPPER_future": 4.608500003814697,
    "High_Yield_Bond_ETF": 80.83999633789062,
    "LIVE_CATTLE_future": 231.27499389648438,
    "GOLD_near_month_future": 3679.5,
    "NATURAL_GAS_future": 3.0309998989105225,
    "PLATINUM_future": 1402.5999755859375,
    "SILVER_future": 41.6349983215332,
    "Long_Term_Treasury_ETF": 89.73999786376953,
    "CORN_future": 417.0,
    "SOYBEANS_future": 1025.0,
    "WHEAT_future": 515.0,
    "SP500_close": 6532.0400390625,
    "NASDAQ_close": 21886.060546875,
    "US_10Y_Treasury_Yield": 4.0320000648498535,
    "VIX_close": 15.350000381469727,
    "GOLD_basis_spot_vs_near": -0.199951171875,
    "China_10Y_Treasury_Yield": 1.8992
  }
}