{
  "latest_date": "2025-09-25",
  "latest_values": {
    "Shanghai_Composite_Index": 3853.64208984375,
    "CSI_300_Index": 4566.06982421875,
    "Shenzhen_Component_Index": 13356.1396484375,
    "ALUMINUM_future": 2590.0,
    "BTC_price": 111940.4140625,
    "OIL_price": 64.47000122070312,
    "USD_CNY_exchange_rate": 7.111599922180176,
    "Commodity_Index_ETF": 22.639999389648438,
    "US_Dollar_Index": 97.83399963378906,
    "ETH_price": 4026.239501953125,
    "GOLD_spot_price": 3791.39990234375,
    "LEAN_HOGS_future": 99.32499694824219,
    "COPPER_future": 4.927499771118164,
    "High_Yield_Bond_ETF": 81.1500015258789,
    "LIVE_CATTLE_future": 239.0749969482422,
    "GOLD_near_month_future": 3791.300048828125,
    "NATURAL_GAS_future": 3.1510000228881836,
    "PLATINUM_future": 1516.0,
    "SILVER_future": 45.15999984741211,
    "Long_Term_Treasury_ETF": 88.9800033569336,
    "CORN_future": 425.0,
    "SOYBEANS_future": 1013.5,
    "WHEAT_future": 521.5,
    "SP500_close": 6637.97021484375,
    "NASDAQ_close": 22497.859375,
    "US_10Y_Treasury_Yield": 4.146999835968018,
    "VIX_close": 16.34000015258789,
    "GOLD_basis_spot_vs_near": 0.099853515625,
    "China_10Y_Treasury_Yield": 1.9022
  }
}