{
  "latest_date": "2025-07-16",
  "latest_values": {
    "Shanghai_Composite_Index": 3504.998779296875,
    "CSI_300_Index": 4019.064453125,
    "Shenzhen_Component_Index": 10744.5615234375,
    "ALUMINUM_future": 2495.75,
    "BTC_price": 117517.796875,
    "OIL_price": 66.8499984741211,
    "USD_CNY_exchange_rate": 7.166999816894531,
    "Commodity_Index_ETF": 22.280000686645508,
    "US_Dollar_Index": 98.58699798583984,
    "ETH_price": 3124.291259765625,
    "GOLD_spot_price": 3336.39990234375,
    "LEAN_HOGS_future": 103.9749984741211,
    "COPPER_future": 5.5279998779296875,
    "High_Yield_Bond_ETF": 79.8499984741211,
    "LIVE_CATTLE_future": 222.625,
    "GOLD_near_month_future": 3392.300048828125,
    "NATURAL_GAS_future": 3.5239999294281006,
    "PLATINUM_future": 1414.5,
    "SILVER_future": 38.095001220703125,
    "Long_Term_Treasury_ETF": 85.01000213623047,
    "CORN_future": 419.25,
    "SOYBEANS_future": 1003.5,
    "WHEAT_future": 536.75,
    "SP500_close": 6243.759765625,
    "NASDAQ_close": 20677.798828125,
    "US_10Y_Treasury_Yield": 4.488999843597412,
    "VIX_close": 17.3799991607666,
    "GOLD_basis_spot_vs_near": -55.900146484375,
    "China_10Y_Treasury_Yield": 1.6557
  }
}