{
  "latest_date": "2025-09-19",
  "latest_values": {
    "Shanghai_Composite_Index": 3831.656005859375,
    "CSI_300_Index": 4498.10986328125,
    "Shenzhen_Component_Index": 13075.66015625,
    "ALUMINUM_future": 2599.5,
    "BTC_price": 116268.9765625,
    "OIL_price": 63.2400016784668,
    "USD_CNY_exchange_rate": 7.103300094604492,
    "Commodity_Index_ETF": 22.3799991607666,
    "US_Dollar_Index": 97.55699920654297,
    "ETH_price": 4533.591796875,
    "GOLD_spot_price": 3693.10009765625,
    "LEAN_HOGS_future": 97.55000305175781,
    "COPPER_future": 4.611000061035156,
    "LIVE_CATTLE_future": 233.125,
    "GOLD_near_month_future": 3693.0,
    "NATURAL_GAS_future": 2.9110000133514404,
    "PLATINUM_future": 1400.199951171875,
    "SILVER_future": 42.56999969482422,
    "Long_Term_Treasury_ETF": 89.0999984741211,
    "CORN_future": 427.0,
    "SOYBEANS_future": 1042.0,
    "WHEAT_future": 523.5,
    "NASDAQ_close": 22548.390625,
    "US_10Y_Treasury_Yield": 4.118000030517578,
    "VIX_close": 15.699999809265137,
    "GOLD_basis_spot_vs_near": 0.10009765625,
    "China_10Y_Treasury_Yield": 1.8789
  }
}