{
  "latest_date": "2025-07-17",
  "latest_values": {
    "Shanghai_Composite_Index": 3516.825439453125,
    "CSI_300_Index": 4034.490966796875,
    "Shenzhen_Component_Index": 10873.619140625,
    "ALUMINUM_future": 2447.5,
    "BTC_price": 118775.21875,
    "OIL_price": 67.51000213623047,
    "USD_CNY_exchange_rate": 7.172900199890137,
    "Commodity_Index_ETF": 22.434999465942383,
    "US_Dollar_Index": 98.73300170898438,
    "ETH_price": 3398.533447265625,
    "GOLD_spot_price": 3344.10009765625,
    "LEAN_HOGS_future": 105.0999984741211,
    "COPPER_future": 5.511499881744385,
    "High_Yield_Bond_ETF": 80.13500213623047,
    "LIVE_CATTLE_future": 223.1999969482422,
    "GOLD_near_month_future": 3400.39990234375,
    "NATURAL_GAS_future": 3.5380001068115234,
    "PLATINUM_future": 1469.9000244140625,
    "SILVER_future": 38.2400016784668,
    "Long_Term_Treasury_ETF": 85.125,
    "CORN_future": 421.25,
    "SOYBEANS_future": 1025.5,
    "WHEAT_future": 533.0,
    "SP500_close": 6289.1201171875,
    "NASDAQ_close": 20891.064453125,
    "US_10Y_Treasury_Yield": 4.454999923706055,
    "VIX_close": 16.770000457763672,
    "GOLD_basis_spot_vs_near": -56.2998046875,
    "China_10Y_Treasury_Yield": 1.663
  }
}