{
  "latest_date": "2025-09-24",
  "latest_values": {
    "Shanghai_Composite_Index": 3821.8330078125,
    "CSI_300_Index": 4519.77978515625,
    "Shenzhen_Component_Index": 13119.8203125,
    "ALUMINUM_future": 2550.75,
    "BTC_price": 112861.78125,
    "OIL_price": 64.01000213623047,
    "USD_CNY_exchange_rate": 7.113999843597412,
    "Commodity_Index_ETF": 22.489999771118164,
    "US_Dollar_Index": 97.64399719238281,
    "ETH_price": 4180.6171875,
    "GOLD_spot_price": 3797.10009765625,
    "LEAN_HOGS_future": 100.44999694824219,
    "COPPER_future": 4.623000144958496,
    "High_Yield_Bond_ETF": 81.26000213623047,
    "LIVE_CATTLE_future": 235.6750030517578,
    "GOLD_near_month_future": 3797.10009765625,
    "NATURAL_GAS_future": 2.828000068664551,
    "PLATINUM_future": 1481.0999755859375,
    "SILVER_future": 44.369998931884766,
    "Long_Term_Treasury_ETF": 89.31999969482422,
    "CORN_future": 426.25,
    "SOYBEANS_future": 1007.75,
    "WHEAT_future": 521.75,
    "SP500_close": 6656.919921875,
    "NASDAQ_close": 22573.470703125,
    "US_10Y_Treasury_Yield": 4.119999885559082,
    "VIX_close": 16.40999984741211,
    "GOLD_basis_spot_vs_near": 0.0,
    "China_10Y_Treasury_Yield": 1.9022
  }
}