{
  "latest_date": "2025-09-30",
  "latest_values": {
    "Shanghai_Composite_Index": 3862.531982421875,
    "CSI_300_Index": 4620.0498046875,
    "Shenzhen_Component_Index": 13479.4296875,
    "ALUMINUM_future": 2616.25,
    "BTC_price": 112978.4375,
    "OIL_price": 62.7599983215332,
    "USD_CNY_exchange_rate": 7.133800029754639,
    "Commodity_Index_ETF": 22.6200008392334,
    "US_Dollar_Index": 97.78199768066406,
    "ETH_price": 4148.28466796875,
    "GOLD_spot_price": 3831.39990234375,
    "LEAN_HOGS_future": 91.82499694824219,
    "COPPER_future": 4.861499786376953,
    "High_Yield_Bond_ETF": 81.22000122070312,
    "LIVE_CATTLE_future": 231.3000030517578,
    "GOLD_near_month_future": 3831.199951171875,
    "NATURAL_GAS_future": 3.253000020980835,
    "PLATINUM_future": 1569.699951171875,
    "SILVER_future": 46.22999954223633,
    "Long_Term_Treasury_ETF": 89.62999725341797,
    "CORN_future": 419.75,
    "SOYBEANS_future": 1006.75,
    "WHEAT_future": 519.25,
    "SP500_close": 6661.2099609375,
    "NASDAQ_close": 22591.150390625,
    "US_10Y_Treasury_Yield": 4.140999794006348,
    "VIX_close": 16.510000228881836,
    "GOLD_basis_spot_vs_near": 0.199951171875,
    "China_10Y_Treasury_Yield": 1.8605
  }
}