{
  "latest_date": "2025-09-18",
  "latest_values": {
    "Shanghai_Composite_Index": 3876.341064453125,
    "CSI_300_Index": 4551.02001953125,
    "Shenzhen_Component_Index": 13215.4599609375,
    "ALUMINUM_future": 2614.25,
    "BTC_price": 116939.6484375,
    "OIL_price": 63.470001220703125,
    "USD_CNY_exchange_rate": 7.114200115203857,
    "Commodity_Index_ETF": 22.540000915527344,
    "US_Dollar_Index": 97.27100372314453,
    "ETH_price": 4557.7333984375,
    "GOLD_spot_price": 3669.199951171875,
    "LEAN_HOGS_future": 97.3499984741211,
    "COPPER_future": 4.591000080108643,
    "High_Yield_Bond_ETF": 81.05000305175781,
    "LIVE_CATTLE_future": 231.47500610351562,
    "GOLD_near_month_future": 3669.300048828125,
    "NATURAL_GAS_future": 3.062999963760376,
    "PLATINUM_future": 1371.5,
    "SILVER_future": 41.584999084472656,
    "Long_Term_Treasury_ETF": 90.12000274658203,
    "CORN_future": 426.0,
    "SOYBEANS_future": 1038.5,
    "WHEAT_future": 528.0,
    "SP500_close": 6600.35009765625,
    "NASDAQ_close": 22261.330078125,
    "US_10Y_Treasury_Yield": 4.076000213623047,
    "VIX_close": 15.720000267028809,
    "GOLD_basis_spot_vs_near": -0.10009765625,
    "China_10Y_Treasury_Yield": 1.8349
  }
}