{
  "latest_date": "2025-09-23",
  "latest_values": {
    "Shanghai_Composite_Index": 3828.575927734375,
    "CSI_300_Index": 4522.60986328125,
    "Shenzhen_Component_Index": 13157.9697265625,
    "ALUMINUM_future": 2561.5,
    "BTC_price": 113200.6953125,
    "OIL_price": 62.33000183105469,
    "USD_CNY_exchange_rate": 7.1128997802734375,
    "Commodity_Index_ETF": 22.260000228881836,
    "US_Dollar_Index": 97.39800262451172,
    "ETH_price": 4210.73388671875,
    "GOLD_spot_price": 3790.0,
    "LEAN_HOGS_future": 98.80000305175781,
    "COPPER_future": 4.629000186920166,
    "High_Yield_Bond_ETF": 81.31999969482422,
    "LIVE_CATTLE_future": 237.22500610351562,
    "GOLD_near_month_future": 3789.89990234375,
    "NATURAL_GAS_future": 2.8010001182556152,
    "PLATINUM_future": 1447.699951171875,
    "SILVER_future": 44.255001068115234,
    "Long_Term_Treasury_ETF": 88.69999694824219,
    "CORN_future": 420.0,
    "SOYBEANS_future": 1006.25,
    "WHEAT_future": 508.75,
    "SP500_close": 6693.75,
    "NASDAQ_close": 22788.98046875,
    "US_10Y_Treasury_Yield": 4.14300012588501,
    "VIX_close": 16.100000381469727,
    "GOLD_basis_spot_vs_near": 0.10009765625,
    "China_10Y_Treasury_Yield": 1.8647
  }
}