{
  "latest_date": "2025-10-03",
  "latest_values": {
    "Shanghai_Composite_Index": 3882.777099609375,
    "CSI_300_Index": 4640.68994140625,
    "Shenzhen_Component_Index": 13526.509765625,
    "ALUMINUM_future": 2637.75,
    "BTC_price": 120073.859375,
    "OIL_price": 61.040000915527344,
    "USD_CNY_exchange_rate": 7.11899995803833,
    "Commodity_Index_ETF": 22.428300857543945,
    "US_Dollar_Index": 97.65599822998047,
    "ETH_price": 4447.4248046875,
    "GOLD_spot_price": 3897.89990234375,
    "LEAN_HOGS_future": 88.69999694824219,
    "COPPER_future": 5.072000026702881,
    "High_Yield_Bond_ETF": 80.83499908447266,
    "LIVE_CATTLE_future": 234.4499969482422,
    "GOLD_near_month_future": 3898.0,
    "NATURAL_GAS_future": 3.378000020980835,
    "PLATINUM_future": 1634.5,
    "SILVER_future": 47.54999923706055,
    "Long_Term_Treasury_ETF": 89.43000030517578,
    "CORN_future": 419.75,
    "SOYBEANS_future": 1022.75,
    "WHEAT_future": 514.75,
    "SP500_close": 6732.85009765625,
    "NASDAQ_close": 22851.04296875,
    "US_10Y_Treasury_Yield": 4.1020002365112305,
    "VIX_close": 16.549999237060547,
    "GOLD_basis_spot_vs_near": -0.10009765625,
    "China_10Y_Treasury_Yield": 1.8605
  }
}