{
  "latest_date": "2025-09-23",
  "latest_values": {
    "Shanghai_Composite_Index": 3821.832763671875,
    "CSI_300_Index": 4519.7783203125,
    "Shenzhen_Component_Index": 13119.8173828125,
    "ALUMINUM_future": 2530.25,
    "BTC_price": 111767.6796875,
    "OIL_price": 63.63999938964844,
    "USD_CNY_exchange_rate": 7.111599922180176,
    "Commodity_Index_ETF": 22.489999771118164,
    "US_Dollar_Index": 97.22599792480469,
    "ETH_price": 4157.47021484375,
    "GOLD_spot_price": 3797.10009765625,
    "LEAN_HOGS_future": 100.44999694824219,
    "COPPER_future": 4.642499923706055,
    "High_Yield_Bond_ETF": 81.26000213623047,
    "LIVE_CATTLE_future": 235.6750030517578,
    "GOLD_near_month_future": 3797.300048828125,
    "NATURAL_GAS_future": 3.1449999809265137,
    "PLATINUM_future": 1486.5,
    "SILVER_future": 44.30500030517578,
    "Long_Term_Treasury_ETF": 89.31999969482422,
    "CORN_future": 425.75,
    "SOYBEANS_future": 1012.5,
    "WHEAT_future": 520.75,
    "SP500_close": 6656.919921875,
    "NASDAQ_close": 22573.47265625,
    "US_10Y_Treasury_Yield": 4.119999885559082,
    "VIX_close": 16.68000030517578,
    "GOLD_basis_spot_vs_near": -0.199951171875,
    "China_10Y_Treasury_Yield": 1.877
  }
}