{
  "latest_date": "2025-08-27",
  "latest_values": {
    "Shanghai_Composite_Index": 3868.382080078125,
    "CSI_300_Index": 4452.58984375,
    "Shenzhen_Component_Index": 12473.169921875,
    "ALUMINUM_future": 2543.75,
    "BTC_price": 111524.046875,
    "OIL_price": 63.66999816894531,
    "USD_CNY_exchange_rate": 7.151000022888184,
    "Commodity_Index_ETF": 22.01460075378418,
    "US_Dollar_Index": 98.5260009765625,
    "ETH_price": 4588.2373046875,
    "GOLD_spot_price": 3426.60009765625,
    "LEAN_HOGS_future": 93.92500305175781,
    "COPPER_future": 4.390999794006348,
    "High_Yield_Bond_ETF": 80.86000061035156,
    "LIVE_CATTLE_future": 239.3249969482422,
    "GOLD_near_month_future": 3426.5,
    "NATURAL_GAS_future": 2.805999994277954,
    "PLATINUM_future": 1341.5999755859375,
    "SILVER_future": 38.275001525878906,
    "Long_Term_Treasury_ETF": 86.04000091552734,
    "CORN_future": 407.0,
    "SOYBEANS_future": 1047.75,
    "WHEAT_future": 525.25,
    "SP500_close": 6470.16015625,
    "NASDAQ_close": 21511.1484375,
    "US_10Y_Treasury_Yield": 4.270999908447266,
    "VIX_close": 15.010000228881836,
    "GOLD_basis_spot_vs_near": 0.10009765625,
    "China_10Y_Treasury_Yield": 1.7988
  }
}