{
  "latest_date": "2025-09-18",
  "latest_values": {
    "Shanghai_Composite_Index": 3831.65625,
    "CSI_300_Index": 4498.10888671875,
    "Shenzhen_Component_Index": 13075.658203125,
    "ALUMINUM_future": 2652.0,
    "BTC_price": 117266.6328125,
    "OIL_price": 63.540000915527344,
    "USD_CNY_exchange_rate": 7.111599922180176,
    "Commodity_Index_ETF": 22.440000534057617,
    "US_Dollar_Index": 97.36299896240234,
    "ETH_price": 4590.23193359375,
    "GOLD_spot_price": 3675.89990234375,
    "LEAN_HOGS_future": 97.5,
    "COPPER_future": 4.600500106811523,
    "High_Yield_Bond_ETF": 81.2300033569336,
    "LIVE_CATTLE_future": 232.39999389648438,
    "GOLD_near_month_future": 3675.800048828125,
    "NATURAL_GAS_future": 2.947999954223633,
    "PLATINUM_future": 1397.699951171875,
    "SILVER_future": 42.08000183105469,
    "Long_Term_Treasury_ETF": 89.19000244140625,
    "CORN_future": 424.5,
    "SOYBEANS_future": 1038.75,
    "WHEAT_future": 525.0,
    "SP500_close": 6631.9599609375,
    "NASDAQ_close": 22470.724609375,
    "US_10Y_Treasury_Yield": 4.104000091552734,
    "VIX_close": 15.699999809265137,
    "GOLD_basis_spot_vs_near": 0.099853515625,
    "China_10Y_Treasury_Yield": 1.8546
  }
}