{
  "latest_date": "2025-09-08",
  "latest_values": {
    "Shanghai_Composite_Index": 3812.513916015625,
    "CSI_300_Index": 4460.330078125,
    "Shenzhen_Component_Index": 12590.5595703125,
    "ALUMINUM_future": 2495.25,
    "BTC_price": 111652.640625,
    "OIL_price": 62.93000030517578,
    "USD_CNY_exchange_rate": 7.14139986038208,
    "Commodity_Index_ETF": 22.030000686645508,
    "US_Dollar_Index": 97.70600128173828,
    "ETH_price": 4302.80810546875,
    "GOLD_spot_price": 3651.89990234375,
    "LEAN_HOGS_future": 96.125,
    "COPPER_future": 4.559999942779541,
    "High_Yield_Bond_ETF": 80.87000274658203,
    "LIVE_CATTLE_future": 235.97500610351562,
    "GOLD_near_month_future": 3651.800048828125,
    "NATURAL_GAS_future": 3.1510000228881836,
    "PLATINUM_future": 1409.9000244140625,
    "SILVER_future": 41.845001220703125,
    "Long_Term_Treasury_ETF": 88.55999755859375,
    "CORN_future": 416.25,
    "SOYBEANS_future": 1027.0,
    "WHEAT_future": 518.25,
    "SP500_close": 6481.5,
    "NASDAQ_close": 21700.390625,
    "US_10Y_Treasury_Yield": 4.085999965667725,
    "VIX_close": 15.520000457763672,
    "GOLD_basis_spot_vs_near": 0.099853515625,
    "China_10Y_Treasury_Yield": 1.826
  }
}