{
  "latest_date": "2025-09-17",
  "latest_values": {
    "Shanghai_Composite_Index": 3876.3408203125,
    "CSI_300_Index": 4551.02294921875,
    "Shenzhen_Component_Index": 12924.1298828125,
    "ALUMINUM_future": 2628.25,
    "BTC_price": 115643.171875,
    "OIL_price": 64.3499984741211,
    "USD_CNY_exchange_rate": 7.124199867248535,
    "Commodity_Index_ETF": 22.64579963684082,
    "US_Dollar_Index": 96.76599884033203,
    "ETH_price": 4476.32763671875,
    "GOLD_spot_price": 3721.0,
    "LEAN_HOGS_future": 97.55000305175781,
    "COPPER_future": 4.633500099182129,
    "High_Yield_Bond_ETF": 81.125,
    "LIVE_CATTLE_future": 231.02499389648438,
    "GOLD_near_month_future": 3720.89990234375,
    "NATURAL_GAS_future": 3.0929999351501465,
    "PLATINUM_future": 1380.4000244140625,
    "SILVER_future": 42.32500076293945,
    "Long_Term_Treasury_ETF": 90.58180236816406,
    "CORN_future": 427.0,
    "SOYBEANS_future": 1044.25,
    "WHEAT_future": 528.0,
    "SP500_close": 6596.47021484375,
    "NASDAQ_close": 22225.779296875,
    "US_10Y_Treasury_Yield": 4.0360002517700195,
    "VIX_close": 16.540000915527344,
    "GOLD_basis_spot_vs_near": 0.10009765625,
    "China_10Y_Treasury_Yield": 1.8349
  }
}