{
  "latest_date": "2025-07-24",
  "latest_values": {
    "Shanghai_Composite_Index": 3582.298095703125,
    "CSI_300_Index": 4119.77001953125,
    "Shenzhen_Component_Index": 11059.0400390625,
    "ALUMINUM_future": 2630.5,
    "BTC_price": 118690.7734375,
    "OIL_price": 66.1500015258789,
    "USD_CNY_exchange_rate": 7.174300193786621,
    "Commodity_Index_ETF": 22.3799991607666,
    "US_Dollar_Index": 97.38500213623047,
    "ETH_price": 3654.25830078125,
    "GOLD_spot_price": 3367.39990234375,
    "LEAN_HOGS_future": 108.375,
    "COPPER_future": 5.9120001792907715,
    "High_Yield_Bond_ETF": 80.54000091552734,
    "LIVE_CATTLE_future": 227.35000610351562,
    "GOLD_near_month_future": 3424.5,
    "NATURAL_GAS_future": 3.0980000495910645,
    "PLATINUM_future": 1427.5999755859375,
    "SILVER_future": 39.34000015258789,
    "Long_Term_Treasury_ETF": 86.04000091552734,
    "CORN_future": 420.0,
    "SOYBEANS_future": 1027.5,
    "WHEAT_future": 544.5,
    "SP500_close": 6358.91015625,
    "NASDAQ_close": 21020.01953125,
    "US_10Y_Treasury_Yield": 4.388000011444092,
    "VIX_close": 15.279999732971191,
    "GOLD_basis_spot_vs_near": -57.10009765625,
    "China_10Y_Treasury_Yield": 1.7376
  }
}