{
  "latest_date": "2025-09-03",
  "latest_values": {
    "Shanghai_Composite_Index": 3813.556640625,
    "CSI_300_Index": 4459.82958984375,
    "Shenzhen_Component_Index": 12553.83984375,
    "ALUMINUM_future": 2525.5,
    "BTC_price": 112286.359375,
    "OIL_price": 64.02999877929688,
    "USD_CNY_exchange_rate": 7.13040018081665,
    "Commodity_Index_ETF": 22.3799991607666,
    "US_Dollar_Index": 98.15799713134766,
    "ETH_price": 4464.30908203125,
    "GOLD_spot_price": 3619.39990234375,
    "LEAN_HOGS_future": 94.07499694824219,
    "COPPER_future": 4.624499797821045,
    "High_Yield_Bond_ETF": 80.54499816894531,
    "LIVE_CATTLE_future": 236.89999389648438,
    "GOLD_near_month_future": 3618.800048828125,
    "NATURAL_GAS_future": 3.0810000896453857,
    "PLATINUM_future": 1454.0,
    "SILVER_future": 41.720001220703125,
    "Long_Term_Treasury_ETF": 86.42500305175781,
    "CORN_future": 418.25,
    "SOYBEANS_future": 1034.25,
    "WHEAT_future": 523.5,
    "SP500_close": 6452.52001953125,
    "NASDAQ_close": 21536.298828125,
    "US_10Y_Treasury_Yield": 4.220999717712402,
    "VIX_close": 16.56999969482422,
    "GOLD_basis_spot_vs_near": 0.599853515625,
    "China_10Y_Treasury_Yield": 1.7984
  }
}