{
  "latest_date": "2025-08-11",
  "latest_values": {
    "Shanghai_Composite_Index": 3647.546630859375,
    "CSI_300_Index": 4122.5107421875,
    "Shenzhen_Component_Index": 11128.669921875,
    "ALUMINUM_future": 2590.5,
    "BTC_price": 120319.0390625,
    "OIL_price": 63.79999923706055,
    "USD_CNY_exchange_rate": 7.181000232696533,
    "Commodity_Index_ETF": 21.83300018310547,
    "US_Dollar_Index": 98.55999755859375,
    "ETH_price": 4353.7548828125,
    "GOLD_spot_price": 3409.60009765625,
    "LEAN_HOGS_future": 91.55000305175781,
    "COPPER_future": 4.447500228881836,
    "High_Yield_Bond_ETF": 80.26000213623047,
    "LIVE_CATTLE_future": 225.0,
    "GOLD_near_month_future": 3409.39990234375,
    "NATURAL_GAS_future": 2.9630000591278076,
    "PLATINUM_future": 1342.5,
    "SILVER_future": 37.82500076293945,
    "Long_Term_Treasury_ETF": 87.51719665527344,
    "CORN_future": 408.5,
    "SOYBEANS_future": 1012.0,
    "WHEAT_future": 535.75,
    "SP500_close": 6398.18017578125,
    "NASDAQ_close": 21517.236328125,
    "US_10Y_Treasury_Yield": 4.270999908447266,
    "VIX_close": 15.699999809265137,
    "GOLD_basis_spot_vs_near": 0.2001953125,
    "China_10Y_Treasury_Yield": 1.7203
  }
}