{
  "latest_date": "2025-07-10",
  "latest_values": {
    "Shanghai_Composite_Index": 3509.681884765625,
    "CSI_300_Index": 4010.0244140625,
    "Shenzhen_Component_Index": 10631.1259765625,
    "ALUMINUM_future": 2550.0,
    "BTC_price": 113584.125,
    "OIL_price": 66.83000183105469,
    "USD_CNY_exchange_rate": 7.173799991607666,
    "Commodity_Index_ETF": 22.225000381469727,
    "US_Dollar_Index": 97.64399719238281,
    "ETH_price": 2814.725341796875,
    "GOLD_spot_price": 3330.5,
    "LEAN_HOGS_future": 106.25,
    "COPPER_future": 5.627500057220459,
    "High_Yield_Bond_ETF": 80.16500091552734,
    "LIVE_CATTLE_future": 219.0749969482422,
    "GOLD_near_month_future": 3384.800048828125,
    "NATURAL_GAS_future": 3.3269999027252197,
    "PLATINUM_future": 1419.300048828125,
    "SILVER_future": 37.494998931884766,
    "Long_Term_Treasury_ETF": 86.9552993774414,
    "CORN_future": 416.5,
    "SOYBEANS_future": 1014.0,
    "WHEAT_future": 554.5,
    "SP500_close": 6284.14013671875,
    "NASDAQ_close": 20644.021484375,
    "US_10Y_Treasury_Yield": 4.345999717712402,
    "VIX_close": 15.84000015258789,
    "GOLD_basis_spot_vs_near": -54.300048828125,
    "China_10Y_Treasury_Yield": 1.6616
  }
}