{
  "latest_date": "2025-08-27",
  "latest_values": {
    "Shanghai_Composite_Index": 3868.382080078125,
    "CSI_300_Index": 4452.58984375,
    "Shenzhen_Component_Index": 12473.169921875,
    "ALUMINUM_future": 2566.0,
    "BTC_price": 111371.4375,
    "OIL_price": 63.470001220703125,
    "USD_CNY_exchange_rate": 7.151000022888184,
    "Commodity_Index_ETF": 22.020000457763672,
    "US_Dollar_Index": 98.64600372314453,
    "ETH_price": 4621.78369140625,
    "GOLD_spot_price": 3426.300048828125,
    "LEAN_HOGS_future": 93.4000015258789,
    "COPPER_future": 4.409999847412109,
    "High_Yield_Bond_ETF": 80.87000274658203,
    "LIVE_CATTLE_future": 238.125,
    "GOLD_near_month_future": 3426.300048828125,
    "NATURAL_GAS_future": 2.740000009536743,
    "PLATINUM_future": 1334.9000244140625,
    "SILVER_future": 38.375,
    "Long_Term_Treasury_ETF": 86.75,
    "CORN_future": 408.5,
    "SOYBEANS_future": 1049.5,
    "WHEAT_future": 526.25,
    "SP500_close": 6465.93994140625,
    "NASDAQ_close": 21544.26953125,
    "US_10Y_Treasury_Yield": 4.257999897003174,
    "VIX_close": 14.789999961853027,
    "GOLD_basis_spot_vs_near": 0.0,
    "China_10Y_Treasury_Yield": 1.7988
  }
}