{
  "latest_date": "2025-08-12",
  "latest_values": {
    "Shanghai_Composite_Index": 3647.546630859375,
    "CSI_300_Index": 4122.5107421875,
    "Shenzhen_Component_Index": 11291.42578125,
    "ALUMINUM_future": 2507.75,
    "BTC_price": 118697.1171875,
    "OIL_price": 64.13999938964844,
    "USD_CNY_exchange_rate": 7.181000232696533,
    "Commodity_Index_ETF": 21.8700008392334,
    "US_Dollar_Index": 98.49500274658203,
    "ETH_price": 4232.38818359375,
    "GOLD_spot_price": 3398.39990234375,
    "LEAN_HOGS_future": 91.625,
    "COPPER_future": 4.456999778747559,
    "High_Yield_Bond_ETF": 80.22000122070312,
    "LIVE_CATTLE_future": 226.375,
    "GOLD_near_month_future": 3398.5,
    "NATURAL_GAS_future": 2.9820001125335693,
    "PLATINUM_future": 1347.0,
    "SILVER_future": 37.70500183105469,
    "Long_Term_Treasury_ETF": 87.38999938964844,
    "CORN_future": 407.75,
    "SOYBEANS_future": 1008.75,
    "WHEAT_future": 533.75,
    "SP500_close": 6373.4501953125,
    "NASDAQ_close": 21385.404296875,
    "US_10Y_Treasury_Yield": 4.2729997634887695,
    "VIX_close": 16.25,
    "GOLD_basis_spot_vs_near": -0.10009765625,
    "China_10Y_Treasury_Yield": 1.7203
  }
}