{
  "latest_date": "2025-07-09",
  "latest_values": {
    "Shanghai_Composite_Index": 3493.049560546875,
    "CSI_300_Index": 3991.400634765625,
    "Shenzhen_Component_Index": 10581.7978515625,
    "ALUMINUM_future": 2537.5,
    "BTC_price": 109203.984375,
    "OIL_price": 68.6500015258789,
    "USD_CNY_exchange_rate": 7.179999828338623,
    "Commodity_Index_ETF": 22.30500030517578,
    "US_Dollar_Index": 97.58200073242188,
    "ETH_price": 2666.376708984375,
    "GOLD_spot_price": 3316.89990234375,
    "LEAN_HOGS_future": 107.25,
    "COPPER_future": 5.541999816894531,
    "High_Yield_Bond_ETF": 80.19999694824219,
    "LIVE_CATTLE_future": 219.9499969482422,
    "GOLD_near_month_future": 3373.699951171875,
    "NATURAL_GAS_future": 3.183000087738037,
    "PLATINUM_future": 1382.5,
    "SILVER_future": 36.54999923706055,
    "Long_Term_Treasury_ETF": 86.73989868164062,
    "CORN_future": 415.5,
    "SOYBEANS_future": 1008.5,
    "WHEAT_future": 547.0,
    "SP500_close": 6254.3798828125,
    "NASDAQ_close": 20569.958984375,
    "US_10Y_Treasury_Yield": 4.3520002365112305,
    "VIX_close": 15.890000343322754,
    "GOLD_basis_spot_vs_near": -56.800048828125,
    "China_10Y_Treasury_Yield": 1.6446
  }
}