{
  "latest_date": "2025-07-21",
  "latest_values": {
    "Shanghai_Composite_Index": 3534.48291015625,
    "CSI_300_Index": 4058.550048828125,
    "Shenzhen_Component_Index": 10913.83984375,
    "ALUMINUM_future": 2557.5,
    "BTC_price": 116918.6484375,
    "OIL_price": 67.4000015258789,
    "USD_CNY_exchange_rate": 7.17710018157959,
    "Commodity_Index_ETF": 22.530000686645508,
    "US_Dollar_Index": 98.38700103759766,
    "ETH_price": 3734.193115234375,
    "GOLD_spot_price": 3355.800048828125,
    "LEAN_HOGS_future": 106.5,
    "COPPER_future": 5.572000026702881,
    "High_Yield_Bond_ETF": 80.25,
    "LIVE_CATTLE_future": 223.3000030517578,
    "GOLD_near_month_future": 3411.800048828125,
    "NATURAL_GAS_future": 3.3940000534057617,
    "PLATINUM_future": 1458.800048828125,
    "SILVER_future": 38.46500015258789,
    "Long_Term_Treasury_ETF": 85.23999786376953,
    "CORN_future": 427.75,
    "SOYBEANS_future": 1035.75,
    "WHEAT_future": 546.25,
    "SP500_close": 6296.7900390625,
    "NASDAQ_close": 20895.650390625,
    "US_10Y_Treasury_Yield": 4.432000160217285,
    "VIX_close": 16.40999984741211,
    "GOLD_basis_spot_vs_near": -56.0,
    "China_10Y_Treasury_Yield": 1.6652
  }
}