{
  "latest_date": "2025-09-04",
  "latest_values": {
    "Shanghai_Composite_Index": 3765.8759765625,
    "CSI_300_Index": 4365.20849609375,
    "Shenzhen_Component_Index": 12118.7021484375,
    "ALUMINUM_future": 2545.5,
    "BTC_price": 110055.5,
    "OIL_price": 63.56999969482422,
    "USD_CNY_exchange_rate": 7.138999938964844,
    "Commodity_Index_ETF": 22.23310089111328,
    "US_Dollar_Index": 98.3949966430664,
    "ETH_price": 4314.525390625,
    "GOLD_spot_price": 3600.699951171875,
    "LEAN_HOGS_future": 95.125,
    "COPPER_future": 4.559500217437744,
    "High_Yield_Bond_ETF": 80.69999694824219,
    "LIVE_CATTLE_future": 236.875,
    "GOLD_near_month_future": 3600.699951171875,
    "NATURAL_GAS_future": 3.0889999866485596,
    "PLATINUM_future": 1377.0999755859375,
    "SILVER_future": 41.220001220703125,
    "Long_Term_Treasury_ETF": 86.94499969482422,
    "CORN_future": 418.75,
    "SOYBEANS_future": 1029.5,
    "WHEAT_future": 518.5,
    "SP500_close": 6483.93017578125,
    "NASDAQ_close": 21623.5703125,
    "US_10Y_Treasury_Yield": 4.175999641418457,
    "VIX_close": 15.619999885559082,
    "GOLD_basis_spot_vs_near": 0.0,
    "China_10Y_Treasury_Yield": 1.806
  }
}