{
  "latest_date": "2025-09-23",
  "latest_values": {
    "Shanghai_Composite_Index": 3828.576416015625,
    "CSI_300_Index": 4522.60791015625,
    "Shenzhen_Component_Index": 13157.9736328125,
    "ALUMINUM_future": 2559.75,
    "BTC_price": 112540.9921875,
    "OIL_price": 62.15999984741211,
    "USD_CNY_exchange_rate": 7.113500118255615,
    "Commodity_Index_ETF": 22.260000228881836,
    "US_Dollar_Index": 97.28800201416016,
    "ETH_price": 4188.2099609375,
    "GOLD_spot_price": 3789.5,
    "LEAN_HOGS_future": 98.80000305175781,
    "COPPER_future": 4.644499778747559,
    "High_Yield_Bond_ETF": 81.31999969482422,
    "LIVE_CATTLE_future": 237.22500610351562,
    "GOLD_near_month_future": 3789.5,
    "NATURAL_GAS_future": 2.799999952316284,
    "PLATINUM_future": 1427.800048828125,
    "SILVER_future": 44.310001373291016,
    "Long_Term_Treasury_ETF": 88.69999694824219,
    "CORN_future": 420.75,
    "SOYBEANS_future": 1007.75,
    "WHEAT_future": 508.5,
    "SP500_close": 6693.75,
    "NASDAQ_close": 22788.9765625,
    "US_10Y_Treasury_Yield": 4.14300012588501,
    "VIX_close": 16.100000381469727,
    "GOLD_basis_spot_vs_near": 0.0,
    "China_10Y_Treasury_Yield": 1.8647
  }
}