{
  "latest_date": "2025-08-14",
  "latest_values": {
    "Shanghai_Composite_Index": 3683.465087890625,
    "CSI_300_Index": 4176.580078125,
    "Shenzhen_Component_Index": 11551.3701171875,
    "ALUMINUM_future": 2537.25,
    "BTC_price": 118282.4140625,
    "OIL_price": 63.470001220703125,
    "USD_CNY_exchange_rate": 7.178500175476074,
    "Commodity_Index_ETF": 21.790000915527344,
    "US_Dollar_Index": 98.13600158691406,
    "ETH_price": 4597.8876953125,
    "GOLD_spot_price": 3393.39990234375,
    "LEAN_HOGS_future": 89.57499694824219,
    "COPPER_future": 4.46150016784668,
    "High_Yield_Bond_ETF": 80.44499969482422,
    "LIVE_CATTLE_future": 228.77499389648438,
    "GOLD_near_month_future": 3393.39990234375,
    "NATURAL_GAS_future": 2.8239998817443848,
    "PLATINUM_future": 1354.5999755859375,
    "SILVER_future": 38.040000915527344,
    "Long_Term_Treasury_ETF": 87.44000244140625,
    "CORN_future": 394.5,
    "SOYBEANS_future": 1035.75,
    "WHEAT_future": 524.5,
    "SP500_close": 6458.0400390625,
    "NASDAQ_close": 21687.056640625,
    "US_10Y_Treasury_Yield": 4.263999938964844,
    "VIX_close": 14.84000015258789,
    "GOLD_basis_spot_vs_near": 0.0,
    "China_10Y_Treasury_Yield": 1.7341
  }
}