{
  "latest_date": "2025-06-30",
  "latest_values": {
    "Shanghai_Composite_Index": 3424.22705078125,
    "CSI_300_Index": 3921.760009765625,
    "Shenzhen_Component_Index": 10378.5498046875,
    "ALUMINUM_future": 2569.25,
    "BTC_price": 108437.6796875,
    "OIL_price": 64.7699966430664,
    "USD_CNY_exchange_rate": 7.171599864959717,
    "Commodity_Index_ETF": 21.799999237060547,
    "US_Dollar_Index": 97.20800018310547,
    "ETH_price": 2505.19677734375,
    "GOLD_spot_price": 3277.199951171875,
    "LEAN_HOGS_future": 113.0999984741211,
    "COPPER_future": 5.116000175476074,
    "High_Yield_Bond_ETF": 80.33999633789062,
    "LIVE_CATTLE_future": 213.60000610351562,
    "GOLD_near_month_future": 3277.199951171875,
    "NATURAL_GAS_future": 3.6579999923706055,
    "PLATINUM_future": 1354.0999755859375,
    "SILVER_future": 35.94499969482422,
    "Long_Term_Treasury_ETF": 87.38999938964844,
    "CORN_future": 427.75,
    "SOYBEANS_future": 1027.0,
    "WHEAT_future": 542.25,
    "SP500_close": 6173.06982421875,
    "NASDAQ_close": 20273.4609375,
    "US_10Y_Treasury_Yield": 4.2829999923706055,
    "VIX_close": 16.31999969482422,
    "GOLD_basis_spot_vs_near": 0.0,
    "China_10Y_Treasury_Yield": 1.6462
  }
}