{
  "latest_date": "2025-07-01",
  "latest_values": {
    "Shanghai_Composite_Index": 3444.426025390625,
    "CSI_300_Index": 3936.080078125,
    "Shenzhen_Component_Index": 10465.1201171875,
    "ALUMINUM_future": 2578.0,
    "BTC_price": 107040.6953125,
    "OIL_price": 65.06999969482422,
    "USD_CNY_exchange_rate": 7.172100067138672,
    "Commodity_Index_ETF": 21.809999465942383,
    "US_Dollar_Index": 96.65799713134766,
    "ETH_price": 2461.445068359375,
    "GOLD_spot_price": 3350.800048828125,
    "LEAN_HOGS_future": 109.94999694824219,
    "COPPER_future": 5.148499965667725,
    "High_Yield_Bond_ETF": 80.6500015258789,
    "LIVE_CATTLE_future": 213.97500610351562,
    "GOLD_near_month_future": 3350.89990234375,
    "NATURAL_GAS_future": 3.38700008392334,
    "PLATINUM_future": 1349.0,
    "SILVER_future": 36.435001373291016,
    "Long_Term_Treasury_ETF": 88.25,
    "CORN_future": 419.75,
    "SOYBEANS_future": 1020.0,
    "WHEAT_future": 538.75,
    "SP500_close": 6204.9501953125,
    "NASDAQ_close": 20369.73046875,
    "US_10Y_Treasury_Yield": 4.230000019073486,
    "VIX_close": 17.1200008392334,
    "GOLD_basis_spot_vs_near": -0.099853515625,
    "China_10Y_Treasury_Yield": 1.6469
  }
}