{
  "latest_date": "2025-07-31",
  "latest_values": {
    "Shanghai_Composite_Index": 3573.208251953125,
    "CSI_300_Index": 4075.59130859375,
    "Shenzhen_Component_Index": 11009.7685546875,
    "ALUMINUM_future": 2489.0,
    "BTC_price": 117658.109375,
    "OIL_price": 69.0199966430664,
    "USD_CNY_exchange_rate": 7.176400184631348,
    "Commodity_Index_ETF": 22.420000076293945,
    "US_Dollar_Index": 100.01699829101562,
    "ETH_price": 3770.029052734375,
    "GOLD_spot_price": 3347.39990234375,
    "LEAN_HOGS_future": 106.94999694824219,
    "COPPER_future": 4.377999782562256,
    "High_Yield_Bond_ETF": 80.375,
    "LIVE_CATTLE_future": 227.5,
    "GOLD_near_month_future": 3347.60009765625,
    "NATURAL_GAS_future": 3.1019999980926514,
    "PLATINUM_future": 1293.0,
    "SILVER_future": 36.689998626708984,
    "Long_Term_Treasury_ETF": 87.23999786376953,
    "CORN_future": 413.0,
    "SOYBEANS_future": 988.0,
    "WHEAT_future": 522.25,
    "SP500_close": 6348.7001953125,
    "NASDAQ_close": 21133.359375,
    "US_10Y_Treasury_Yield": 4.340000152587891,
    "VIX_close": 16.450000762939453,
    "GOLD_basis_spot_vs_near": -0.2001953125,
    "China_10Y_Treasury_Yield": 1.7044
  }
}