{
  "latest_date": "2025-07-08",
  "latest_values": {
    "Shanghai_Composite_Index": 3497.475341796875,
    "CSI_300_Index": 3998.45263671875,
    "Shenzhen_Component_Index": 10588.39453125,
    "ALUMINUM_future": 2540.0,
    "BTC_price": 108773.8671875,
    "OIL_price": 68.30000305175781,
    "USD_CNY_exchange_rate": 7.164899826049805,
    "Commodity_Index_ETF": 22.325000762939453,
    "US_Dollar_Index": 97.53800201416016,
    "ETH_price": 2608.252685546875,
    "GOLD_spot_price": 3312.199951171875,
    "LEAN_HOGS_future": 106.92500305175781,
    "COPPER_future": 5.486000061035156,
    "High_Yield_Bond_ETF": 79.98999786376953,
    "LIVE_CATTLE_future": 219.89999389648438,
    "GOLD_near_month_future": 3312.300048828125,
    "NATURAL_GAS_future": 3.3469998836517334,
    "PLATINUM_future": 1389.5999755859375,
    "SILVER_future": 36.85499954223633,
    "Long_Term_Treasury_ETF": 86.02999877929688,
    "CORN_future": 415.0,
    "SOYBEANS_future": 1017.75,
    "WHEAT_future": 547.75,
    "SP500_close": 6225.52001953125,
    "NASDAQ_close": 20418.462890625,
    "US_10Y_Treasury_Yield": 4.414999961853027,
    "VIX_close": 16.809999465942383,
    "GOLD_basis_spot_vs_near": -0.10009765625,
    "China_10Y_Treasury_Yield": 1.6444
  }
}