{
  "latest_date": "2025-07-21",
  "latest_values": {
    "Shanghai_Composite_Index": 3534.48291015625,
    "CSI_300_Index": 4058.550048828125,
    "Shenzhen_Component_Index": 10913.83984375,
    "ALUMINUM_future": 2592.5,
    "BTC_price": 119021.6015625,
    "OIL_price": 67.06999969482422,
    "USD_CNY_exchange_rate": 7.183199882507324,
    "Commodity_Index_ETF": 22.530000686645508,
    "US_Dollar_Index": 98.19300079345703,
    "ETH_price": 3777.19970703125,
    "GOLD_spot_price": 3373.60009765625,
    "LEAN_HOGS_future": 106.5,
    "COPPER_future": 5.644999980926514,
    "High_Yield_Bond_ETF": 80.25,
    "LIVE_CATTLE_future": 223.3000030517578,
    "GOLD_near_month_future": 3429.0,
    "NATURAL_GAS_future": 3.385999917984009,
    "PLATINUM_future": 1472.800048828125,
    "SILVER_future": 38.85499954223633,
    "Long_Term_Treasury_ETF": 85.23999786376953,
    "CORN_future": 424.75,
    "SOYBEANS_future": 1027.0,
    "WHEAT_future": 544.75,
    "SP500_close": 6296.7900390625,
    "NASDAQ_close": 20895.650390625,
    "US_10Y_Treasury_Yield": 4.432000160217285,
    "VIX_close": 16.8700008392334,
    "GOLD_basis_spot_vs_near": -55.39990234375,
    "China_10Y_Treasury_Yield": 1.6652
  }
}