{
  "latest_date": "2025-08-12",
  "latest_values": {
    "Shanghai_Composite_Index": 3665.917724609375,
    "CSI_300_Index": 4143.8251953125,
    "Shenzhen_Component_Index": 11351.6328125,
    "ALUMINUM_future": 2564.75,
    "BTC_price": 119787.5703125,
    "OIL_price": 63.08000183105469,
    "USD_CNY_exchange_rate": 7.177999973297119,
    "Commodity_Index_ETF": 21.780000686645508,
    "US_Dollar_Index": 98.06900024414062,
    "ETH_price": 4573.05126953125,
    "GOLD_spot_price": 3399.60009765625,
    "LEAN_HOGS_future": 91.5,
    "COPPER_future": 4.517000198364258,
    "High_Yield_Bond_ETF": 80.4000015258789,
    "LIVE_CATTLE_future": 229.25,
    "GOLD_near_month_future": 3400.0,
    "NATURAL_GAS_future": 2.7820000648498535,
    "PLATINUM_future": 1352.0,
    "SILVER_future": 37.939998626708984,
    "Long_Term_Treasury_ETF": 86.94999694824219,
    "CORN_future": 394.5,
    "SOYBEANS_future": 1032.25,
    "WHEAT_future": 525.5,
    "SP500_close": 6445.759765625,
    "NASDAQ_close": 21681.904296875,
    "US_10Y_Treasury_Yield": 4.293000221252441,
    "VIX_close": 14.729999542236328,
    "GOLD_basis_spot_vs_near": -0.39990234375,
    "China_10Y_Treasury_Yield": 1.7271
  }
}