{
  "latest_date": "2025-08-12",
  "latest_values": {
    "Shanghai_Composite_Index": 3647.547119140625,
    "CSI_300_Index": 4122.509765625,
    "Shenzhen_Component_Index": 11291.4296875,
    "ALUMINUM_future": 2516.0,
    "BTC_price": 119182.9765625,
    "OIL_price": 64.04000091552734,
    "USD_CNY_exchange_rate": 7.181000232696533,
    "Commodity_Index_ETF": 21.8700008392334,
    "US_Dollar_Index": 98.47799682617188,
    "ETH_price": 4306.474609375,
    "GOLD_spot_price": 3401.60009765625,
    "LEAN_HOGS_future": 91.625,
    "COPPER_future": 4.4654998779296875,
    "High_Yield_Bond_ETF": 80.22000122070312,
    "LIVE_CATTLE_future": 226.375,
    "GOLD_near_month_future": 3401.60009765625,
    "NATURAL_GAS_future": 2.9719998836517334,
    "PLATINUM_future": 1344.5,
    "SILVER_future": 37.834999084472656,
    "Long_Term_Treasury_ETF": 87.38999938964844,
    "CORN_future": 404.25,
    "SOYBEANS_future": 1000.0,
    "WHEAT_future": 533.5,
    "SP500_close": 6373.4501953125,
    "NASDAQ_close": 21385.400390625,
    "US_10Y_Treasury_Yield": 4.2729997634887695,
    "VIX_close": 16.25,
    "GOLD_basis_spot_vs_near": 0.0,
    "China_10Y_Treasury_Yield": 1.7203
  }
}