{
  "latest_date": "2025-09-09",
  "latest_values": {
    "Shanghai_Composite_Index": 3826.841064453125,
    "CSI_300_Index": 4467.56982421875,
    "Shenzhen_Component_Index": 12666.83984375,
    "ALUMINUM_future": 2554.25,
    "BTC_price": 112308.359375,
    "OIL_price": 63.27000045776367,
    "USD_CNY_exchange_rate": 7.1203999519348145,
    "Commodity_Index_ETF": 22.32349967956543,
    "US_Dollar_Index": 97.51000213623047,
    "ETH_price": 4318.52880859375,
    "GOLD_spot_price": 3707.10009765625,
    "LEAN_HOGS_future": 95.9000015258789,
    "COPPER_future": 4.568999767303467,
    "High_Yield_Bond_ETF": 80.77999877929688,
    "LIVE_CATTLE_future": 233.875,
    "GOLD_near_month_future": 3707.300048828125,
    "NATURAL_GAS_future": 3.119999885559082,
    "PLATINUM_future": 1390.0999755859375,
    "SILVER_future": 41.7599983215332,
    "Long_Term_Treasury_ETF": 89.18350219726562,
    "CORN_future": 419.75,
    "SOYBEANS_future": 1034.25,
    "WHEAT_future": 522.5,
    "SP500_close": 6496.990234375,
    "NASDAQ_close": 21795.91796875,
    "US_10Y_Treasury_Yield": 4.057000160217285,
    "VIX_close": 15.449999809265137,
    "GOLD_basis_spot_vs_near": -0.199951171875,
    "China_10Y_Treasury_Yield": 1.8641
  }
}