{
  "latest_date": "2025-07-11",
  "latest_values": {
    "Shanghai_Composite_Index": 3510.17724609375,
    "CSI_300_Index": 4014.806884765625,
    "Shenzhen_Component_Index": 10696.09765625,
    "ALUMINUM_future": 2534.75,
    "BTC_price": 117667.984375,
    "OIL_price": 68.48999786376953,
    "USD_CNY_exchange_rate": 7.179999828338623,
    "Commodity_Index_ETF": 22.454999923706055,
    "US_Dollar_Index": 97.81900024414062,
    "ETH_price": 2992.593505859375,
    "GOLD_spot_price": 3367.10009765625,
    "LEAN_HOGS_future": 104.67500305175781,
    "COPPER_future": 5.63100004196167,
    "High_Yield_Bond_ETF": 79.9749984741211,
    "LIVE_CATTLE_future": 221.875,
    "GOLD_near_month_future": 3423.0,
    "NATURAL_GAS_future": 3.311000108718872,
    "PLATINUM_future": 1472.699951171875,
    "SILVER_future": 38.994998931884766,
    "Long_Term_Treasury_ETF": 85.83499908447266,
    "CORN_future": 412.0,
    "SOYBEANS_future": 1008.0,
    "WHEAT_future": 544.0,
    "SP500_close": 6265.259765625,
    "NASDAQ_close": 20633.009765625,
    "US_10Y_Treasury_Yield": 4.416999816894531,
    "VIX_close": 16.170000076293945,
    "GOLD_basis_spot_vs_near": -55.89990234375,
    "China_10Y_Treasury_Yield": 1.6653
  }
}