{
  "latest_date": "2025-07-21",
  "latest_values": {
    "Shanghai_Composite_Index": 3534.48291015625,
    "CSI_300_Index": 4058.550048828125,
    "Shenzhen_Component_Index": 10913.83984375,
    "ALUMINUM_future": 2507.25,
    "BTC_price": 118337.796875,
    "OIL_price": 67.63999938964844,
    "USD_CNY_exchange_rate": 7.183199882507324,
    "Commodity_Index_ETF": 22.530000686645508,
    "US_Dollar_Index": 98.36299896240234,
    "ETH_price": 3785.886962890625,
    "GOLD_spot_price": 3374.0,
    "LEAN_HOGS_future": 106.4749984741211,
    "COPPER_future": 5.614999771118164,
    "High_Yield_Bond_ETF": 80.25,
    "LIVE_CATTLE_future": 223.5500030517578,
    "GOLD_near_month_future": 3429.60009765625,
    "NATURAL_GAS_future": 3.3910000324249268,
    "PLATINUM_future": 1463.4000244140625,
    "SILVER_future": 38.58000183105469,
    "Long_Term_Treasury_ETF": 85.23999786376953,
    "CORN_future": 426.5,
    "SOYBEANS_future": 1029.5,
    "WHEAT_future": 545.75,
    "SP500_close": 6296.7900390625,
    "NASDAQ_close": 20895.650390625,
    "US_10Y_Treasury_Yield": 4.432000160217285,
    "VIX_close": 16.40999984741211,
    "GOLD_basis_spot_vs_near": -55.60009765625,
    "China_10Y_Treasury_Yield": 1.6652
  }
}