{
  "latest_date": "2025-08-05",
  "latest_values": {
    "Shanghai_Composite_Index": 3583.30908203125,
    "CSI_300_Index": 4070.699951171875,
    "Shenzhen_Component_Index": 11041.5595703125,
    "ALUMINUM_future": 2481.0,
    "BTC_price": 114337.4296875,
    "OIL_price": 65.94000244140625,
    "USD_CNY_exchange_rate": 7.211599826812744,
    "Commodity_Index_ETF": 22.010000228881836,
    "US_Dollar_Index": 99.01200103759766,
    "ETH_price": 3637.92724609375,
    "GOLD_spot_price": 3420.10009765625,
    "LEAN_HOGS_future": 108.1500015258789,
    "COPPER_future": 4.427499771118164,
    "High_Yield_Bond_ETF": 80.25,
    "LIVE_CATTLE_future": 230.5749969482422,
    "GOLD_near_month_future": 3420.199951171875,
    "NATURAL_GAS_future": 2.9730000495910645,
    "PLATINUM_future": 1329.199951171875,
    "SILVER_future": 37.470001220703125,
    "Long_Term_Treasury_ETF": 88.05999755859375,
    "CORN_future": 404.25,
    "SOYBEANS_future": 996.0,
    "WHEAT_future": 514.75,
    "SP500_close": 6329.93994140625,
    "NASDAQ_close": 21053.580078125,
    "US_10Y_Treasury_Yield": 4.199999809265137,
    "VIX_close": 17.549999237060547,
    "GOLD_basis_spot_vs_near": -0.099853515625,
    "China_10Y_Treasury_Yield": 1.7083
  }
}