{
  "latest_date": "2025-08-08",
  "latest_values": {
    "Shanghai_Composite_Index": 3639.6669921875,
    "CSI_300_Index": 4114.669921875,
    "Shenzhen_Component_Index": 11157.9404296875,
    "ALUMINUM_future": 2542.25,
    "BTC_price": 116519.1640625,
    "OIL_price": 63.58000183105469,
    "USD_CNY_exchange_rate": 7.182799816131592,
    "Commodity_Index_ETF": 21.84000015258789,
    "US_Dollar_Index": 98.26100158691406,
    "ETH_price": 3905.19140625,
    "GOLD_spot_price": 3487.39990234375,
    "LEAN_HOGS_future": 90.9000015258789,
    "COPPER_future": 4.414999961853027,
    "High_Yield_Bond_ETF": 80.20999908447266,
    "LIVE_CATTLE_future": 232.5749969482422,
    "GOLD_near_month_future": 3487.10009765625,
    "NATURAL_GAS_future": 3.0799999237060547,
    "PLATINUM_future": 1358.9000244140625,
    "SILVER_future": 38.494998931884766,
    "Long_Term_Treasury_ETF": 87.66999816894531,
    "CORN_future": 407.5,
    "SOYBEANS_future": 996.5,
    "WHEAT_future": 539.5,
    "SP500_close": 6340.0,
    "NASDAQ_close": 21242.69921875,
    "US_10Y_Treasury_Yield": 4.24399995803833,
    "VIX_close": 16.56999969482422,
    "GOLD_basis_spot_vs_near": 0.2998046875,
    "China_10Y_Treasury_Yield": 1.6894
  }
}