{
  "latest_date": "2025-07-04",
  "latest_values": {
    "Shanghai_Composite_Index": 3461.15087890625,
    "CSI_300_Index": 3968.070068359375,
    "Shenzhen_Component_Index": 10534.580078125,
    "ALUMINUM_future": 2566.5,
    "BTC_price": 109150.296875,
    "OIL_price": 66.76000213623047,
    "USD_CNY_exchange_rate": 7.1645002365112305,
    "Commodity_Index_ETF": 22.280000686645508,
    "US_Dollar_Index": 96.88600158691406,
    "ETH_price": 2562.823486328125,
    "GOLD_spot_price": 3352.300048828125,
    "LEAN_HOGS_future": 106.0999984741211,
    "COPPER_future": 5.081999778747559,
    "High_Yield_Bond_ETF": 80.37000274658203,
    "LIVE_CATTLE_future": 214.0500030517578,
    "GOLD_near_month_future": 3408.5,
    "NATURAL_GAS_future": 3.4030001163482666,
    "PLATINUM_future": 1397.4000244140625,
    "SILVER_future": 37.060001373291016,
    "Long_Term_Treasury_ETF": 86.97000122070312,
    "CORN_future": 437.25,
    "SOYBEANS_future": 1048.25,
    "WHEAT_future": 556.75,
    "SP500_close": 6279.35009765625,
    "NASDAQ_close": 20601.099609375,
    "US_10Y_Treasury_Yield": 4.3480000495910645,
    "VIX_close": 16.3799991607666,
    "GOLD_basis_spot_vs_near": -56.199951171875,
    "China_10Y_Treasury_Yield": 1.6407
  }
}