{
  "latest_date": "2025-09-08",
  "latest_values": {
    "Shanghai_Composite_Index": 3826.8408203125,
    "CSI_300_Index": 4467.5732421875,
    "Shenzhen_Component_Index": 12666.841796875,
    "ALUMINUM_future": 2541.25,
    "BTC_price": 112329.4375,
    "OIL_price": 62.220001220703125,
    "USD_CNY_exchange_rate": 7.14139986038208,
    "Commodity_Index_ETF": 22.139999389648438,
    "US_Dollar_Index": 97.60800170898438,
    "ETH_price": 4332.10009765625,
    "GOLD_spot_price": 3680.89990234375,
    "LEAN_HOGS_future": 95.1500015258789,
    "COPPER_future": 4.559000015258789,
    "High_Yield_Bond_ETF": 80.88500213623047,
    "LIVE_CATTLE_future": 236.27499389648438,
    "GOLD_near_month_future": 3680.89990234375,
    "NATURAL_GAS_future": 3.078000068664551,
    "PLATINUM_future": 1388.9000244140625,
    "SILVER_future": 41.939998626708984,
    "Long_Term_Treasury_ETF": 89.3844985961914,
    "CORN_future": 419.75,
    "SOYBEANS_future": 1032.0,
    "WHEAT_future": 522.0,
    "SP500_close": 6492.259765625,
    "NASDAQ_close": 21799.107421875,
    "US_10Y_Treasury_Yield": 4.063000202178955,
    "VIX_close": 15.300000190734863,
    "GOLD_basis_spot_vs_near": 0.0,
    "China_10Y_Treasury_Yield": 1.8514
  }
}