{
  "latest_date": "2025-07-18",
  "latest_values": {
    "Shanghai_Composite_Index": 3516.824951171875,
    "CSI_300_Index": 4034.489990234375,
    "Shenzhen_Component_Index": 10873.6201171875,
    "ALUMINUM_future": 2428.75,
    "BTC_price": 119295.28125,
    "OIL_price": 68.51000213623047,
    "USD_CNY_exchange_rate": 7.177599906921387,
    "Commodity_Index_ETF": 22.489999771118164,
    "US_Dollar_Index": 98.30999755859375,
    "ETH_price": 3616.96923828125,
    "GOLD_spot_price": 3360.699951171875,
    "LEAN_HOGS_future": 105.94999694824219,
    "COPPER_future": 5.579500198364258,
    "High_Yield_Bond_ETF": 80.13999938964844,
    "LIVE_CATTLE_future": 223.64999389648438,
    "GOLD_near_month_future": 3416.0,
    "NATURAL_GAS_future": 3.552000045776367,
    "PLATINUM_future": 1489.0,
    "SILVER_future": 38.73500061035156,
    "Long_Term_Treasury_ETF": 85.11000061035156,
    "CORN_future": 427.25,
    "SOYBEANS_future": 1039.5,
    "WHEAT_future": 543.0,
    "SP500_close": 6297.35986328125,
    "NASDAQ_close": 20885.650390625,
    "US_10Y_Treasury_Yield": 4.4629998207092285,
    "VIX_close": 16.549999237060547,
    "GOLD_basis_spot_vs_near": -55.300048828125,
    "China_10Y_Treasury_Yield": 1.6652
  }
}