{
  "latest_date": "2025-07-28",
  "latest_values": {
    "Shanghai_Composite_Index": 3597.93701171875,
    "CSI_300_Index": 4135.82421875,
    "Shenzhen_Component_Index": 11168.1396484375,
    "ALUMINUM_future": 2597.75,
    "BTC_price": 118011.0859375,
    "OIL_price": 66.47000122070312,
    "USD_CNY_exchange_rate": 7.153500080108643,
    "Commodity_Index_ETF": 22.302799224853516,
    "US_Dollar_Index": 98.30699920654297,
    "ETH_price": 3787.351806640625,
    "GOLD_spot_price": 3305.699951171875,
    "LEAN_HOGS_future": 108.42500305175781,
    "COPPER_future": 5.632999897003174,
    "High_Yield_Bond_ETF": 80.4749984741211,
    "LIVE_CATTLE_future": 227.4499969482422,
    "GOLD_near_month_future": 3362.39990234375,
    "NATURAL_GAS_future": 3.0429999828338623,
    "PLATINUM_future": 1424.800048828125,
    "SILVER_future": 38.29999923706055,
    "Long_Term_Treasury_ETF": 85.98999786376953,
    "CORN_future": 415.0,
    "SOYBEANS_future": 1014.0,
    "WHEAT_future": 538.25,
    "SP500_close": 6394.759765625,
    "NASDAQ_close": 21179.912109375,
    "US_10Y_Treasury_Yield": 4.404000282287598,
    "VIX_close": 15.25,
    "GOLD_basis_spot_vs_near": -56.699951171875,
    "China_10Y_Treasury_Yield": 1.7146
  }
}