{
  "latest_date": "2025-09-02",
  "latest_values": {
    "Shanghai_Composite_Index": 3858.13330078125,
    "CSI_300_Index": 4490.45263671875,
    "Shenzhen_Component_Index": 12553.837890625,
    "ALUMINUM_future": 2565.0,
    "BTC_price": 111409.2265625,
    "OIL_price": 65.62000274658203,
    "USD_CNY_exchange_rate": 7.138500213623047,
    "Commodity_Index_ETF": 22.56999969482422,
    "US_Dollar_Index": 98.31900024414062,
    "ETH_price": 4316.15576171875,
    "GOLD_spot_price": 3599.800048828125,
    "LEAN_HOGS_future": 95.5,
    "COPPER_future": 4.64300012588501,
    "High_Yield_Bond_ETF": 80.38999938964844,
    "LIVE_CATTLE_future": 239.52499389648438,
    "GOLD_near_month_future": 3600.300048828125,
    "NATURAL_GAS_future": 2.992000102996826,
    "PLATINUM_future": 1417.9000244140625,
    "SILVER_future": 41.744998931884766,
    "Long_Term_Treasury_ETF": 85.62999725341797,
    "CORN_future": 423.0,
    "SOYBEANS_future": 1040.0,
    "WHEAT_future": 528.5,
    "SP500_close": 6415.5400390625,
    "NASDAQ_close": 21279.630859375,
    "US_10Y_Treasury_Yield": 4.2769999504089355,
    "VIX_close": 17.170000076293945,
    "GOLD_basis_spot_vs_near": -0.5,
    "China_10Y_Treasury_Yield": 1.8167
  }
}