{
  "latest_date": "2025-08-14",
  "latest_values": {
    "Shanghai_Composite_Index": 3666.442626953125,
    "CSI_300_Index": 4173.31298828125,
    "Shenzhen_Component_Index": 11451.4345703125,
    "ALUMINUM_future": 2543.25,
    "BTC_price": 117992.984375,
    "OIL_price": 64.04000091552734,
    "USD_CNY_exchange_rate": 7.178999900817871,
    "Commodity_Index_ETF": 21.844999313354492,
    "US_Dollar_Index": 98.20800018310547,
    "ETH_price": 4529.509765625,
    "GOLD_spot_price": 3385.60009765625,
    "LEAN_HOGS_future": 88.9000015258789,
    "COPPER_future": 4.493500232696533,
    "High_Yield_Bond_ETF": 80.41500091552734,
    "LIVE_CATTLE_future": 226.77499389648438,
    "GOLD_near_month_future": 3385.5,
    "NATURAL_GAS_future": 2.8399999141693115,
    "PLATINUM_future": 1364.199951171875,
    "SILVER_future": 38.029998779296875,
    "Long_Term_Treasury_ETF": 87.0199966430664,
    "CORN_future": 398.5,
    "SOYBEANS_future": 1031.0,
    "WHEAT_future": 525.25,
    "SP500_close": 6468.5400390625,
    "NASDAQ_close": 21710.669921875,
    "US_10Y_Treasury_Yield": 4.293000221252441,
    "VIX_close": 14.729999542236328,
    "GOLD_basis_spot_vs_near": 0.10009765625,
    "China_10Y_Treasury_Yield": 1.7341
  }
}