{
  "latest_date": "2025-08-27",
  "latest_values": {
    "Shanghai_Composite_Index": 3800.349853515625,
    "CSI_300_Index": 4386.12646484375,
    "Shenzhen_Component_Index": 12295.0693359375,
    "ALUMINUM_future": 2537.75,
    "BTC_price": 112067.625,
    "OIL_price": 64.04000091552734,
    "USD_CNY_exchange_rate": 7.151000022888184,
    "Commodity_Index_ETF": 22.079999923706055,
    "US_Dollar_Index": 98.2300033569336,
    "ETH_price": 4597.14111328125,
    "GOLD_spot_price": 3448.60009765625,
    "LEAN_HOGS_future": 93.875,
    "COPPER_future": 4.424499988555908,
    "High_Yield_Bond_ETF": 80.94499969482422,
    "LIVE_CATTLE_future": 239.5749969482422,
    "GOLD_near_month_future": 3448.5,
    "NATURAL_GAS_future": 2.8540000915527344,
    "PLATINUM_future": 1350.5999755859375,
    "SILVER_future": 38.68000030517578,
    "Long_Term_Treasury_ETF": 86.61499786376953,
    "CORN_future": 406.0,
    "SOYBEANS_future": 1048.25,
    "WHEAT_future": 524.75,
    "SP500_close": 6482.60009765625,
    "NASDAQ_close": 21584.421875,
    "US_10Y_Treasury_Yield": 4.240000247955322,
    "VIX_close": 14.90999984741211,
    "GOLD_basis_spot_vs_near": 0.10009765625,
    "China_10Y_Treasury_Yield": 1.7988
  }
}