{
  "latest_date": "2025-09-02",
  "latest_values": {
    "Shanghai_Composite_Index": 3858.13330078125,
    "CSI_300_Index": 4490.45263671875,
    "Shenzhen_Component_Index": 12553.837890625,
    "ALUMINUM_future": 2565.0,
    "BTC_price": 111189.5546875,
    "OIL_price": 65.5999984741211,
    "USD_CNY_exchange_rate": 7.13040018081665,
    "Commodity_Index_ETF": 22.56999969482422,
    "US_Dollar_Index": 98.30400085449219,
    "ETH_price": 4325.9189453125,
    "GOLD_spot_price": 3597.5,
    "LEAN_HOGS_future": 95.5,
    "COPPER_future": 4.647500038146973,
    "High_Yield_Bond_ETF": 80.38999938964844,
    "LIVE_CATTLE_future": 239.52499389648438,
    "GOLD_near_month_future": 3597.5,
    "NATURAL_GAS_future": 2.990000009536743,
    "PLATINUM_future": 1420.5,
    "SILVER_future": 41.66999816894531,
    "Long_Term_Treasury_ETF": 85.62999725341797,
    "CORN_future": 423.0,
    "SOYBEANS_future": 1040.0,
    "WHEAT_future": 528.5,
    "SP500_close": 6415.5400390625,
    "NASDAQ_close": 21279.630859375,
    "US_10Y_Treasury_Yield": 4.2769999504089355,
    "VIX_close": 17.170000076293945,
    "GOLD_basis_spot_vs_near": 0.0,
    "China_10Y_Treasury_Yield": 1.8167
  }
}