{
  "latest_date": "2025-08-27",
  "latest_values": {
    "Shanghai_Composite_Index": 3800.349853515625,
    "CSI_300_Index": 4386.12646484375,
    "Shenzhen_Component_Index": 12473.169921875,
    "ALUMINUM_future": 2565.5,
    "BTC_price": 111957.375,
    "OIL_price": 63.880001068115234,
    "USD_CNY_exchange_rate": 7.151000022888184,
    "Commodity_Index_ETF": 22.049999237060547,
    "US_Dollar_Index": 98.4280014038086,
    "ETH_price": 4642.01513671875,
    "GOLD_spot_price": 3438.10009765625,
    "LEAN_HOGS_future": 94.7249984741211,
    "COPPER_future": 4.394999980926514,
    "High_Yield_Bond_ETF": 80.86499786376953,
    "LIVE_CATTLE_future": 241.77499389648438,
    "GOLD_near_month_future": 3437.89990234375,
    "NATURAL_GAS_future": 2.7880001068115234,
    "PLATINUM_future": 1346.5,
    "SILVER_future": 38.54999923706055,
    "Long_Term_Treasury_ETF": 86.19000244140625,
    "CORN_future": 406.0,
    "SOYBEANS_future": 1051.25,
    "WHEAT_future": 524.25,
    "SP500_close": 6479.39013671875,
    "NASDAQ_close": 21581.326171875,
    "US_10Y_Treasury_Yield": 4.269000053405762,
    "VIX_close": 14.880000114440918,
    "GOLD_basis_spot_vs_near": 0.2001953125,
    "China_10Y_Treasury_Yield": 1.7988
  }
}