{
  "latest_date": "2025-08-18",
  "latest_values": {
    "Shanghai_Composite_Index": 3728.02734375,
    "CSI_300_Index": 4239.41259765625,
    "Shenzhen_Component_Index": 11835.572265625,
    "ALUMINUM_future": 2507.5,
    "BTC_price": 116074.875,
    "OIL_price": 63.150001525878906,
    "USD_CNY_exchange_rate": 7.179500102996826,
    "Commodity_Index_ETF": 21.774999618530273,
    "US_Dollar_Index": 98.1780014038086,
    "ETH_price": 4317.45947265625,
    "GOLD_spot_price": 3378.39990234375,
    "LEAN_HOGS_future": 90.5250015258789,
    "COPPER_future": 4.4679999351501465,
    "High_Yield_Bond_ETF": 80.44000244140625,
    "LIVE_CATTLE_future": 231.0,
    "GOLD_near_month_future": 3378.300048828125,
    "NATURAL_GAS_future": 2.9019999504089355,
    "PLATINUM_future": 1336.0,
    "SILVER_future": 37.9900016784668,
    "Long_Term_Treasury_ETF": 86.17500305175781,
    "CORN_future": 407.0,
    "SOYBEANS_future": 1044.5,
    "WHEAT_future": 525.0,
    "SP500_close": 6444.669921875,
    "NASDAQ_close": 21584.90234375,
    "US_10Y_Treasury_Yield": 4.335999965667725,
    "VIX_close": 15.270000457763672,
    "GOLD_basis_spot_vs_near": 0.099853515625,
    "China_10Y_Treasury_Yield": 1.7872
  }
}