{
  "latest_date": "2025-09-17",
  "latest_values": {
    "Shanghai_Composite_Index": 3876.3408203125,
    "CSI_300_Index": 4551.02294921875,
    "Shenzhen_Component_Index": 13215.45703125,
    "ALUMINUM_future": 2627.5,
    "BTC_price": 116287.2109375,
    "OIL_price": 63.650001525878906,
    "USD_CNY_exchange_rate": 7.114200115203857,
    "Commodity_Index_ETF": 22.540000915527344,
    "US_Dollar_Index": 97.01499938964844,
    "ETH_price": 4549.029296875,
    "GOLD_spot_price": 3692.199951171875,
    "LEAN_HOGS_future": 97.3499984741211,
    "COPPER_future": 4.609000205993652,
    "High_Yield_Bond_ETF": 81.05000305175781,
    "LIVE_CATTLE_future": 231.47500610351562,
    "GOLD_near_month_future": 3692.10009765625,
    "NATURAL_GAS_future": 3.0789999961853027,
    "PLATINUM_future": 1367.0,
    "SILVER_future": 41.97999954223633,
    "Long_Term_Treasury_ETF": 90.12000274658203,
    "CORN_future": 427.0,
    "SOYBEANS_future": 1044.0,
    "WHEAT_future": 528.5,
    "SP500_close": 6600.35009765625,
    "NASDAQ_close": 22261.326171875,
    "US_10Y_Treasury_Yield": 4.075999736785889,
    "VIX_close": 15.720000267028809,
    "GOLD_basis_spot_vs_near": 0.099853515625,
    "China_10Y_Treasury_Yield": 1.8349
  }
}