{
  "latest_date": "2025-07-16",
  "latest_values": {
    "Shanghai_Composite_Index": 3503.77685546875,
    "CSI_300_Index": 4007.201904296875,
    "Shenzhen_Component_Index": 10720.806640625,
    "ALUMINUM_future": 2453.0,
    "BTC_price": 118617.8203125,
    "OIL_price": 66.68000030517578,
    "USD_CNY_exchange_rate": 7.172900199890137,
    "Commodity_Index_ETF": 22.309999465942383,
    "US_Dollar_Index": 98.27999877929688,
    "ETH_price": 3354.7275390625,
    "GOLD_spot_price": 3354.800048828125,
    "LEAN_HOGS_future": 104.55000305175781,
    "COPPER_future": 5.507500171661377,
    "High_Yield_Bond_ETF": 80.05999755859375,
    "LIVE_CATTLE_future": 223.875,
    "GOLD_near_month_future": 3410.89990234375,
    "NATURAL_GAS_future": 3.559000015258789,
    "PLATINUM_future": 1442.0,
    "SILVER_future": 38.14500045776367,
    "Long_Term_Treasury_ETF": 85.12999725341797,
    "CORN_future": 424.5,
    "SOYBEANS_future": 1019.75,
    "WHEAT_future": 542.25,
    "SP500_close": 6263.7001953125,
    "NASDAQ_close": 20730.490234375,
    "US_10Y_Treasury_Yield": 4.454999923706055,
    "VIX_close": 17.15999984741211,
    "GOLD_basis_spot_vs_near": -56.099853515625,
    "China_10Y_Treasury_Yield": 1.6617
  }
}