{
  "latest_date": "2025-09-09",
  "latest_values": {
    "Shanghai_Composite_Index": 3807.292236328125,
    "CSI_300_Index": 4436.25830078125,
    "Shenzhen_Component_Index": 12510.5966796875,
    "ALUMINUM_future": 2552.25,
    "BTC_price": 111016.328125,
    "OIL_price": 62.7599983215332,
    "USD_CNY_exchange_rate": 7.1203999519348145,
    "Commodity_Index_ETF": 22.259300231933594,
    "US_Dollar_Index": 97.6729965209961,
    "ETH_price": 4290.50341796875,
    "GOLD_spot_price": 3686.199951171875,
    "LEAN_HOGS_future": 96.0999984741211,
    "COPPER_future": 4.568999767303467,
    "High_Yield_Bond_ETF": 80.73500061035156,
    "LIVE_CATTLE_future": 230.875,
    "GOLD_near_month_future": 3686.0,
    "NATURAL_GAS_future": 3.0769999027252197,
    "PLATINUM_future": 1370.800048828125,
    "SILVER_future": 41.32500076293945,
    "Long_Term_Treasury_ETF": 89.29000091552734,
    "CORN_future": 420.0,
    "SOYBEANS_future": 1029.25,
    "WHEAT_future": 521.0,
    "SP500_close": 6503.93994140625,
    "NASDAQ_close": 21830.20703125,
    "US_10Y_Treasury_Yield": 4.084000110626221,
    "VIX_close": 15.220000267028809,
    "GOLD_basis_spot_vs_near": 0.199951171875,
    "China_10Y_Treasury_Yield": 1.8641
  }
}