{
  "latest_date": "2025-07-24",
  "latest_values": {
    "Shanghai_Composite_Index": 3582.298095703125,
    "CSI_300_Index": 4119.77001953125,
    "Shenzhen_Component_Index": 11059.0400390625,
    "ALUMINUM_future": 2621.0,
    "BTC_price": 118831.2265625,
    "OIL_price": 65.83999633789062,
    "USD_CNY_exchange_rate": 7.174300193786621,
    "Commodity_Index_ETF": 22.3799991607666,
    "US_Dollar_Index": 97.3290023803711,
    "ETH_price": 3639.4931640625,
    "GOLD_spot_price": 3374.300048828125,
    "LEAN_HOGS_future": 108.375,
    "COPPER_future": 5.892000198364258,
    "High_Yield_Bond_ETF": 80.54000091552734,
    "LIVE_CATTLE_future": 227.35000610351562,
    "GOLD_near_month_future": 3430.89990234375,
    "NATURAL_GAS_future": 3.0989999771118164,
    "PLATINUM_future": 1427.5,
    "SILVER_future": 39.33000183105469,
    "Long_Term_Treasury_ETF": 86.04000091552734,
    "CORN_future": 420.5,
    "SOYBEANS_future": 1027.25,
    "WHEAT_future": 543.75,
    "SP500_close": 6358.91015625,
    "NASDAQ_close": 21020.01953125,
    "US_10Y_Treasury_Yield": 4.388000011444092,
    "VIX_close": 15.3100004196167,
    "GOLD_basis_spot_vs_near": -56.599853515625,
    "China_10Y_Treasury_Yield": 1.7041
  }
}