{
  "latest_date": "2025-09-24",
  "latest_values": {
    "Shanghai_Composite_Index": 3821.832763671875,
    "CSI_300_Index": 4519.7783203125,
    "Shenzhen_Component_Index": 13119.8173828125,
    "ALUMINUM_future": 2579.75,
    "BTC_price": 112384.09375,
    "OIL_price": 63.689998626708984,
    "USD_CNY_exchange_rate": 7.113999843597412,
    "Commodity_Index_ETF": 22.489999771118164,
    "US_Dollar_Index": 97.3219985961914,
    "ETH_price": 4188.0703125,
    "GOLD_spot_price": 3796.699951171875,
    "LEAN_HOGS_future": 91.7249984741211,
    "COPPER_future": 4.640999794006348,
    "High_Yield_Bond_ETF": 81.26000213623047,
    "LIVE_CATTLE_future": 241.4250030517578,
    "GOLD_near_month_future": 3796.5,
    "NATURAL_GAS_future": 3.1540000438690186,
    "PLATINUM_future": 1490.199951171875,
    "SILVER_future": 44.18000030517578,
    "Long_Term_Treasury_ETF": 89.31999969482422,
    "CORN_future": 426.5,
    "SOYBEANS_future": 1009.25,
    "WHEAT_future": 522.25,
    "SP500_close": 6656.919921875,
    "NASDAQ_close": 22573.47265625,
    "US_10Y_Treasury_Yield": 4.119999885559082,
    "VIX_close": 16.639999389648438,
    "GOLD_basis_spot_vs_near": 0.199951171875,
    "China_10Y_Treasury_Yield": 1.877
  }
}