{
  "latest_date": "2025-07-16",
  "latest_values": {
    "Shanghai_Composite_Index": 3503.77685546875,
    "CSI_300_Index": 4007.201904296875,
    "Shenzhen_Component_Index": 10744.5595703125,
    "ALUMINUM_future": 2476.0,
    "BTC_price": 119624.1328125,
    "OIL_price": 65.69000244140625,
    "USD_CNY_exchange_rate": 7.166999816894531,
    "Commodity_Index_ETF": 22.18000030517578,
    "US_Dollar_Index": 98.61100006103516,
    "ETH_price": 3260.625244140625,
    "GOLD_spot_price": 3347.300048828125,
    "LEAN_HOGS_future": 105.1500015258789,
    "COPPER_future": 5.49399995803833,
    "High_Yield_Bond_ETF": 79.96499633789062,
    "LIVE_CATTLE_future": 223.35000610351562,
    "GOLD_near_month_future": 3403.10009765625,
    "NATURAL_GAS_future": 3.569999933242798,
    "PLATINUM_future": 1431.800048828125,
    "SILVER_future": 38.02000045776367,
    "Long_Term_Treasury_ETF": 85.16500091552734,
    "CORN_future": 423.75,
    "SOYBEANS_future": 1017.0,
    "WHEAT_future": 538.5,
    "SP500_close": 6248.22021484375,
    "NASDAQ_close": 20683.453125,
    "US_10Y_Treasury_Yield": 4.445000171661377,
    "VIX_close": 17.010000228881836,
    "GOLD_basis_spot_vs_near": -55.800048828125,
    "China_10Y_Treasury_Yield": 1.6617
  }
}