{
  "latest_date": "2025-07-03",
  "latest_values": {
    "Shanghai_Composite_Index": 3454.7919921875,
    "CSI_300_Index": 3943.68994140625,
    "Shenzhen_Component_Index": 10412.6298828125,
    "ALUMINUM_future": 2570.25,
    "BTC_price": 109837.28125,
    "OIL_price": 67.30000305175781,
    "USD_CNY_exchange_rate": 7.1645002365112305,
    "Commodity_Index_ETF": 22.290000915527344,
    "US_Dollar_Index": 96.78600311279297,
    "ETH_price": 2597.6552734375,
    "GOLD_spot_price": 3365.5,
    "LEAN_HOGS_future": 109.6500015258789,
    "COPPER_future": 5.19350004196167,
    "High_Yield_Bond_ETF": 80.31999969482422,
    "LIVE_CATTLE_future": 212.4499969482422,
    "GOLD_near_month_future": 3365.5,
    "NATURAL_GAS_future": 3.5420000553131104,
    "PLATINUM_future": 1396.699951171875,
    "SILVER_future": 37.150001525878906,
    "Long_Term_Treasury_ETF": 87.58000183105469,
    "CORN_future": 440.0,
    "SOYBEANS_future": 1054.75,
    "WHEAT_future": 567.0,
    "SP500_close": 6227.419921875,
    "NASDAQ_close": 20393.130859375,
    "US_10Y_Treasury_Yield": 4.293000221252441,
    "VIX_close": 16.799999237060547,
    "GOLD_basis_spot_vs_near": 0.0,
    "China_10Y_Treasury_Yield": 1.6407
  }
}