{
  "latest_date": "2025-09-16",
  "latest_values": {
    "Shanghai_Composite_Index": 3860.50390625,
    "CSI_300_Index": 4522.0,
    "Shenzhen_Component_Index": 12924.1298828125,
    "ALUMINUM_future": 2591.0,
    "BTC_price": 115515.9765625,
    "OIL_price": 63.4900016784668,
    "USD_CNY_exchange_rate": 7.117099761962891,
    "Commodity_Index_ETF": 22.549999237060547,
    "US_Dollar_Index": 97.21600341796875,
    "ETH_price": 4509.81201171875,
    "GOLD_spot_price": 3719.39990234375,
    "LEAN_HOGS_future": 97.57499694824219,
    "COPPER_future": 4.718999862670898,
    "High_Yield_Bond_ETF": 81.19000244140625,
    "LIVE_CATTLE_future": 234.625,
    "GOLD_near_month_future": 3719.39990234375,
    "NATURAL_GAS_future": 3.0269999504089355,
    "PLATINUM_future": 1410.800048828125,
    "SILVER_future": 43.064998626708984,
    "Long_Term_Treasury_ETF": 90.16000366210938,
    "CORN_future": 424.0,
    "SOYBEANS_future": 1045.0,
    "WHEAT_future": 527.0,
    "SP500_close": 6615.27978515625,
    "NASDAQ_close": 22348.75,
    "US_10Y_Treasury_Yield": 4.033999919891357,
    "VIX_close": 15.6899995803833,
    "GOLD_basis_spot_vs_near": 0.0,
    "China_10Y_Treasury_Yield": 1.8724
  }
}