{
  "latest_date": "2025-09-22",
  "latest_values": {
    "Shanghai_Composite_Index": 3828.576416015625,
    "CSI_300_Index": 4522.60791015625,
    "Shenzhen_Component_Index": 13070.8603515625,
    "ALUMINUM_future": 2580.0,
    "BTC_price": 112867.203125,
    "OIL_price": 62.15999984741211,
    "USD_CNY_exchange_rate": 7.1128997802734375,
    "Commodity_Index_ETF": 22.219999313354492,
    "US_Dollar_Index": 97.40699768066406,
    "ETH_price": 4175.537109375,
    "GOLD_spot_price": 3772.5,
    "LEAN_HOGS_future": 98.80000305175781,
    "COPPER_future": 4.626999855041504,
    "High_Yield_Bond_ETF": 81.26499938964844,
    "LIVE_CATTLE_future": 237.72500610351562,
    "GOLD_near_month_future": 3772.10009765625,
    "NATURAL_GAS_future": 2.8259999752044678,
    "PLATINUM_future": 1423.9000244140625,
    "SILVER_future": 44.19499969482422,
    "Long_Term_Treasury_ETF": 88.71499633789062,
    "CORN_future": 419.0,
    "SOYBEANS_future": 1010.5,
    "WHEAT_future": 511.75,
    "SP500_close": 6684.47021484375,
    "NASDAQ_close": 22733.4296875,
    "US_10Y_Treasury_Yield": 4.14900016784668,
    "VIX_close": 15.819999694824219,
    "GOLD_basis_spot_vs_near": 0.39990234375,
    "China_10Y_Treasury_Yield": 1.8647
  }
}