{
  "latest_date": "2025-07-07",
  "latest_values": {
    "Shanghai_Composite_Index": 3473.127197265625,
    "CSI_300_Index": 3965.174560546875,
    "Shenzhen_Component_Index": 10435.5068359375,
    "ALUMINUM_future": 2510.5,
    "BTC_price": 108014.96875,
    "OIL_price": 67.45999908447266,
    "USD_CNY_exchange_rate": 7.164899826049805,
    "Commodity_Index_ETF": 22.18000030517578,
    "US_Dollar_Index": 97.56900024414062,
    "ETH_price": 2535.158203125,
    "GOLD_spot_price": 3342.0,
    "LEAN_HOGS_future": 107.2750015258789,
    "COPPER_future": 5.020500183105469,
    "High_Yield_Bond_ETF": 80.13999938964844,
    "LIVE_CATTLE_future": 215.9250030517578,
    "GOLD_near_month_future": 3398.0,
    "NATURAL_GAS_future": 3.430999994277954,
    "PLATINUM_future": 1378.800048828125,
    "SILVER_future": 36.904998779296875,
    "Long_Term_Treasury_ETF": 86.04499816894531,
    "CORN_future": 420.5,
    "SOYBEANS_future": 1018.5,
    "WHEAT_future": 547.25,
    "SP500_close": 6225.06005859375,
    "NASDAQ_close": 20410.302734375,
    "US_10Y_Treasury_Yield": 4.390999794006348,
    "VIX_close": 18.030000686645508,
    "GOLD_basis_spot_vs_near": -56.0,
    "China_10Y_Treasury_Yield": 1.6406
  }
}