{
  "latest_date": "2025-07-31",
  "latest_values": {
    "Shanghai_Composite_Index": 3615.717041015625,
    "CSI_300_Index": 4151.240234375,
    "Shenzhen_Component_Index": 11203.0302734375,
    "ALUMINUM_future": 2505.0,
    "BTC_price": 118131.34375,
    "OIL_price": 69.41999816894531,
    "USD_CNY_exchange_rate": 7.176400184631348,
    "Commodity_Index_ETF": 22.639999389648438,
    "US_Dollar_Index": 99.96199798583984,
    "ETH_price": 3794.50634765625,
    "GOLD_spot_price": 3358.199951171875,
    "LEAN_HOGS_future": 106.8499984741211,
    "COPPER_future": 4.366000175476074,
    "High_Yield_Bond_ETF": 80.33000183105469,
    "LIVE_CATTLE_future": 232.9499969482422,
    "GOLD_near_month_future": 3357.89990234375,
    "NATURAL_GAS_future": 3.0179998874664307,
    "PLATINUM_future": 1314.800048828125,
    "SILVER_future": 36.720001220703125,
    "Long_Term_Treasury_ETF": 86.87000274658203,
    "CORN_future": 410.5,
    "SOYBEANS_future": 994.25,
    "WHEAT_future": 522.25,
    "SP500_close": 6362.89990234375,
    "NASDAQ_close": 21129.669921875,
    "US_10Y_Treasury_Yield": 4.354000091552734,
    "VIX_close": 15.100000381469727,
    "GOLD_basis_spot_vs_near": 0.300048828125,
    "China_10Y_Treasury_Yield": 1.7044
  }
}