{
  "latest_date": "2025-07-18",
  "latest_values": {
    "Shanghai_Composite_Index": 3516.824951171875,
    "CSI_300_Index": 4034.489990234375,
    "Shenzhen_Component_Index": 10873.6201171875,
    "ALUMINUM_future": 2491.5,
    "BTC_price": 119991.75,
    "OIL_price": 67.58999633789062,
    "USD_CNY_exchange_rate": 7.178500175476074,
    "Commodity_Index_ETF": 22.489999771118164,
    "US_Dollar_Index": 98.51699829101562,
    "ETH_price": 3587.559814453125,
    "GOLD_spot_price": 3342.300048828125,
    "LEAN_HOGS_future": 105.94999694824219,
    "COPPER_future": 5.522500038146973,
    "High_Yield_Bond_ETF": 80.13999938964844,
    "LIVE_CATTLE_future": 223.64999389648438,
    "GOLD_near_month_future": 3397.5,
    "NATURAL_GAS_future": 3.5369999408721924,
    "PLATINUM_future": 1480.5,
    "SILVER_future": 38.474998474121094,
    "Long_Term_Treasury_ETF": 85.11000061035156,
    "CORN_future": 425.0,
    "SOYBEANS_future": 1033.0,
    "WHEAT_future": 536.5,
    "SP500_close": 6297.35986328125,
    "NASDAQ_close": 20885.650390625,
    "US_10Y_Treasury_Yield": 4.4629998207092285,
    "VIX_close": 16.520000457763672,
    "GOLD_basis_spot_vs_near": -55.199951171875,
    "China_10Y_Treasury_Yield": 1.663
  }
}