{
  "latest_date": "2025-06-29",
  "latest_values": {
    "Shanghai_Composite_Index": 3424.22705078125,
    "CSI_300_Index": 3921.760009765625,
    "Shenzhen_Component_Index": 10378.5498046875,
    "ALUMINUM_future": 2579.75,
    "BTC_price": 108210.9609375,
    "OIL_price": 64.80000305175781,
    "USD_CNY_exchange_rate": 7.167500019073486,
    "Commodity_Index_ETF": 21.799999237060547,
    "US_Dollar_Index": 97.18800354003906,
    "ETH_price": 2514.87353515625,
    "GOLD_spot_price": 3273.0,
    "LEAN_HOGS_future": 113.0999984741211,
    "COPPER_future": 5.118500232696533,
    "High_Yield_Bond_ETF": 80.33999633789062,
    "LIVE_CATTLE_future": 213.60000610351562,
    "GOLD_near_month_future": 3272.699951171875,
    "NATURAL_GAS_future": 3.6659998893737793,
    "PLATINUM_future": 1350.9000244140625,
    "SILVER_future": 35.91999816894531,
    "Long_Term_Treasury_ETF": 87.38999938964844,
    "CORN_future": 426.5,
    "SOYBEANS_future": 1025.25,
    "WHEAT_future": 541.25,
    "SP500_close": 6173.06982421875,
    "NASDAQ_close": 20273.4609375,
    "US_10Y_Treasury_Yield": 4.2829999923706055,
    "VIX_close": 16.31999969482422,
    "GOLD_basis_spot_vs_near": 0.300048828125,
    "China_10Y_Treasury_Yield": 1.6462
  }
}