{
  "latest_date": "2025-08-13",
  "latest_values": {
    "Shanghai_Composite_Index": 3665.91796875,
    "CSI_300_Index": 4143.830078125,
    "Shenzhen_Component_Index": 11351.6298828125,
    "ALUMINUM_future": 2565.5,
    "BTC_price": 119960.375,
    "OIL_price": 62.810001373291016,
    "USD_CNY_exchange_rate": 7.187699794769287,
    "Commodity_Index_ETF": 21.780000686645508,
    "US_Dollar_Index": 97.7300033569336,
    "ETH_price": 4625.57177734375,
    "GOLD_spot_price": 3410.60009765625,
    "LEAN_HOGS_future": 91.5,
    "COPPER_future": 4.524499893188477,
    "High_Yield_Bond_ETF": 80.4000015258789,
    "LIVE_CATTLE_future": 229.25,
    "GOLD_near_month_future": 3410.300048828125,
    "NATURAL_GAS_future": 2.808000087738037,
    "PLATINUM_future": 1359.300048828125,
    "SILVER_future": 38.54999923706055,
    "Long_Term_Treasury_ETF": 86.94999694824219,
    "CORN_future": 395.75,
    "SOYBEANS_future": 1040.0,
    "WHEAT_future": 526.25,
    "SP500_close": 6445.759765625,
    "NASDAQ_close": 21681.900390625,
    "US_10Y_Treasury_Yield": 4.293000221252441,
    "VIX_close": 14.550000190734863,
    "GOLD_basis_spot_vs_near": 0.300048828125,
    "China_10Y_Treasury_Yield": 1.7271
  }
}