{
  "latest_date": "2025-07-11",
  "latest_values": {
    "Shanghai_Composite_Index": 3509.681884765625,
    "CSI_300_Index": 4010.02001953125,
    "Shenzhen_Component_Index": 10631.1298828125,
    "ALUMINUM_future": 2522.25,
    "BTC_price": 118003.6796875,
    "OIL_price": 67.48999786376953,
    "USD_CNY_exchange_rate": 7.179999828338623,
    "Commodity_Index_ETF": 22.219999313354492,
    "US_Dollar_Index": 97.83200073242188,
    "ETH_price": 2990.14599609375,
    "GOLD_spot_price": 3359.39990234375,
    "LEAN_HOGS_future": 106.25,
    "COPPER_future": 5.501999855041504,
    "High_Yield_Bond_ETF": 80.12999725341797,
    "LIVE_CATTLE_future": 219.0749969482422,
    "GOLD_near_month_future": 3414.5,
    "NATURAL_GAS_future": 3.3910000324249268,
    "PLATINUM_future": 1455.300048828125,
    "SILVER_future": 38.42499923706055,
    "Long_Term_Treasury_ETF": 86.98999786376953,
    "CORN_future": 415.25,
    "SOYBEANS_future": 1011.75,
    "WHEAT_future": 552.25,
    "SP500_close": 6280.4599609375,
    "NASDAQ_close": 20630.66015625,
    "US_10Y_Treasury_Yield": 4.3460001945495605,
    "VIX_close": 16.709999084472656,
    "GOLD_basis_spot_vs_near": -55.10009765625,
    "China_10Y_Treasury_Yield": 1.6653
  }
}