{
  "latest_date": "2025-08-08",
  "latest_values": {
    "Shanghai_Composite_Index": 3635.128173828125,
    "CSI_300_Index": 4104.966796875,
    "Shenzhen_Component_Index": 11128.6728515625,
    "ALUMINUM_future": 2590.5,
    "BTC_price": 116904.125,
    "OIL_price": 63.349998474121094,
    "USD_CNY_exchange_rate": 7.1834001541137695,
    "Commodity_Index_ETF": 21.84000015258789,
    "US_Dollar_Index": 98.26499938964844,
    "ETH_price": 4029.170654296875,
    "GOLD_spot_price": 3458.199951171875,
    "LEAN_HOGS_future": 90.55000305175781,
    "COPPER_future": 4.485000133514404,
    "High_Yield_Bond_ETF": 80.22000122070312,
    "LIVE_CATTLE_future": 225.9499969482422,
    "GOLD_near_month_future": 3458.199951171875,
    "NATURAL_GAS_future": 2.996000051498413,
    "PLATINUM_future": 1341.5,
    "SILVER_future": 38.5099983215332,
    "Long_Term_Treasury_ETF": 87.29000091552734,
    "CORN_future": 406.0,
    "SOYBEANS_future": 986.5,
    "WHEAT_future": 535.75,
    "SP500_close": 6389.4501953125,
    "NASDAQ_close": 21450.021484375,
    "US_10Y_Treasury_Yield": 4.284999847412109,
    "VIX_close": 15.149999618530273,
    "GOLD_basis_spot_vs_near": 0.0,
    "China_10Y_Treasury_Yield": 1.6891
  }
}