{
  "latest_date": "2025-09-26",
  "latest_values": {
    "Shanghai_Composite_Index": 3828.10595703125,
    "CSI_300_Index": 4550.048828125,
    "Shenzhen_Component_Index": 13208.99609375,
    "ALUMINUM_future": 2580.5,
    "BTC_price": 109172.84375,
    "OIL_price": 65.37000274658203,
    "USD_CNY_exchange_rate": 7.133800029754639,
    "Commodity_Index_ETF": 22.809999465942383,
    "US_Dollar_Index": 98.15399932861328,
    "ETH_price": 4021.865234375,
    "GOLD_spot_price": 3794.89990234375,
    "LEAN_HOGS_future": 92.125,
    "COPPER_future": 4.771500110626221,
    "High_Yield_Bond_ETF": 81.08000183105469,
    "LIVE_CATTLE_future": 236.5500030517578,
    "GOLD_near_month_future": 3794.800048828125,
    "NATURAL_GAS_future": 3.177999973297119,
    "PLATINUM_future": 1609.4000244140625,
    "SILVER_future": 46.404998779296875,
    "Long_Term_Treasury_ETF": 88.9000015258789,
    "CORN_future": 421.5,
    "SOYBEANS_future": 1014.0,
    "WHEAT_future": 519.0,
    "SP500_close": 6643.7001953125,
    "NASDAQ_close": 22484.068359375,
    "US_10Y_Treasury_Yield": 4.186999797821045,
    "VIX_close": 15.3100004196167,
    "GOLD_basis_spot_vs_near": 0.099853515625,
    "China_10Y_Treasury_Yield": 1.8768
  }
}