{
  "latest_date": "2025-09-29",
  "latest_values": {
    "Shanghai_Composite_Index": 3828.10595703125,
    "CSI_300_Index": 4550.0498046875,
    "Shenzhen_Component_Index": 13209.0,
    "ALUMINUM_future": 2597.75,
    "BTC_price": 112117.921875,
    "OIL_price": 64.43000030517578,
    "USD_CNY_exchange_rate": 7.119500160217285,
    "Commodity_Index_ETF": 22.809999465942383,
    "US_Dollar_Index": 97.99700164794922,
    "ETH_price": 4102.4296875,
    "GOLD_spot_price": 3844.300048828125,
    "LEAN_HOGS_future": 92.17500305175781,
    "COPPER_future": 4.804500102996826,
    "High_Yield_Bond_ETF": 81.08000183105469,
    "LIVE_CATTLE_future": 234.35000610351562,
    "GOLD_near_month_future": 3844.199951171875,
    "NATURAL_GAS_future": 3.1640000343322754,
    "PLATINUM_future": 1601.5999755859375,
    "SILVER_future": 46.849998474121094,
    "Long_Term_Treasury_ETF": 88.9000015258789,
    "CORN_future": 419.5,
    "SOYBEANS_future": 1009.5,
    "WHEAT_future": 518.25,
    "SP500_close": 6643.7001953125,
    "NASDAQ_close": 22484.0703125,
    "US_10Y_Treasury_Yield": 4.1519999504089355,
    "VIX_close": 15.920000076293945,
    "GOLD_basis_spot_vs_near": 0.10009765625,
    "China_10Y_Treasury_Yield": 1.887
  }
}