{
  "latest_date": "2025-08-26",
  "latest_values": {
    "Shanghai_Composite_Index": 3868.382080078125,
    "CSI_300_Index": 4452.59033203125,
    "Shenzhen_Component_Index": 12441.0703125,
    "ALUMINUM_future": 2583.25,
    "BTC_price": 109746.6015625,
    "OIL_price": 63.45000076293945,
    "USD_CNY_exchange_rate": 7.167500019073486,
    "Commodity_Index_ETF": 22.010000228881836,
    "US_Dollar_Index": 98.14600372314453,
    "ETH_price": 4529.90087890625,
    "GOLD_spot_price": 3436.10009765625,
    "LEAN_HOGS_future": 92.67500305175781,
    "COPPER_future": 4.456999778747559,
    "High_Yield_Bond_ETF": 80.82499694824219,
    "LIVE_CATTLE_future": 238.25,
    "GOLD_near_month_future": 3435.89990234375,
    "NATURAL_GAS_future": 2.7279999256134033,
    "PLATINUM_future": 1346.800048828125,
    "SILVER_future": 38.71500015258789,
    "Long_Term_Treasury_ETF": 86.4749984741211,
    "CORN_future": 408.75,
    "SOYBEANS_future": 1047.75,
    "WHEAT_future": 532.75,
    "SP500_close": 6443.4599609375,
    "NASDAQ_close": 21488.962890625,
    "US_10Y_Treasury_Yield": 4.2769999504089355,
    "VIX_close": 14.930000305175781,
    "GOLD_basis_spot_vs_near": 0.2001953125,
    "China_10Y_Treasury_Yield": 1.7598
  }
}