{
  "latest_date": "2025-07-02",
  "latest_values": {
    "Shanghai_Composite_Index": 3457.7470703125,
    "CSI_300_Index": 3942.760009765625,
    "Shenzhen_Component_Index": 10476.2900390625,
    "ALUMINUM_future": 2573.5,
    "BTC_price": 106733.8359375,
    "OIL_price": 65.55000305175781,
    "USD_CNY_exchange_rate": 7.163599967956543,
    "Commodity_Index_ETF": 21.93000030517578,
    "US_Dollar_Index": 96.78900146484375,
    "ETH_price": 2447.14794921875,
    "GOLD_spot_price": 3348.39990234375,
    "LEAN_HOGS_future": 106.9749984741211,
    "COPPER_future": 5.115499973297119,
    "High_Yield_Bond_ETF": 80.16999816894531,
    "LIVE_CATTLE_future": 210.75,
    "GOLD_near_month_future": 3402.5,
    "NATURAL_GAS_future": 3.440000057220459,
    "PLATINUM_future": 1368.199951171875,
    "SILVER_future": 36.279998779296875,
    "Long_Term_Treasury_ETF": 88.13999938964844,
    "CORN_future": 418.25,
    "SOYBEANS_future": 1027.0,
    "WHEAT_future": 548.0,
    "SP500_close": 6198.009765625,
    "NASDAQ_close": 20202.890625,
    "US_10Y_Treasury_Yield": 4.250999927520752,
    "VIX_close": 16.829999923706055,
    "GOLD_basis_spot_vs_near": -54.10009765625,
    "China_10Y_Treasury_Yield": 1.6433
  }
}