{
  "latest_date": "2025-07-15",
  "latest_values": {
    "Shanghai_Composite_Index": 3519.64990234375,
    "CSI_300_Index": 4017.667724609375,
    "Shenzhen_Component_Index": 10684.5166015625,
    "ALUMINUM_future": 2496.0,
    "BTC_price": 119678.4296875,
    "OIL_price": 66.83000183105469,
    "USD_CNY_exchange_rate": 7.166500091552734,
    "Commodity_Index_ETF": 22.31999969482422,
    "US_Dollar_Index": 98.0719985961914,
    "ETH_price": 3008.77587890625,
    "GOLD_spot_price": 3355.39990234375,
    "LEAN_HOGS_future": 103.30000305175781,
    "COPPER_future": 5.5320000648498535,
    "High_Yield_Bond_ETF": 80.08999633789062,
    "LIVE_CATTLE_future": 219.25,
    "GOLD_near_month_future": 3410.0,
    "NATURAL_GAS_future": 3.4619998931884766,
    "PLATINUM_future": 1419.699951171875,
    "SILVER_future": 38.540000915527344,
    "Long_Term_Treasury_ETF": 85.61000061035156,
    "CORN_future": 419.0,
    "SOYBEANS_future": 1007.75,
    "WHEAT_future": 543.0,
    "SP500_close": 6268.56005859375,
    "NASDAQ_close": 20640.328125,
    "US_10Y_Treasury_Yield": 4.427000045776367,
    "VIX_close": 17.200000762939453,
    "GOLD_basis_spot_vs_near": -54.60009765625,
    "China_10Y_Treasury_Yield": 1.6726
  }
}