{
  "latest_date": "2025-08-05",
  "latest_values": {
    "Shanghai_Composite_Index": 3583.308837890625,
    "CSI_300_Index": 4070.702392578125,
    "Shenzhen_Component_Index": 11041.5595703125,
    "ALUMINUM_future": 2481.0,
    "BTC_price": 115049.21875,
    "OIL_price": 66.3499984741211,
    "USD_CNY_exchange_rate": 7.177499771118164,
    "Commodity_Index_ETF": 22.010000228881836,
    "US_Dollar_Index": 98.58799743652344,
    "ETH_price": 3706.08837890625,
    "GOLD_spot_price": 3432.60009765625,
    "LEAN_HOGS_future": 90.8499984741211,
    "COPPER_future": 4.466000080108643,
    "High_Yield_Bond_ETF": 80.25,
    "LIVE_CATTLE_future": 223.8249969482422,
    "GOLD_near_month_future": 3432.39990234375,
    "NATURAL_GAS_future": 2.947000026702881,
    "PLATINUM_future": 1345.5999755859375,
    "SILVER_future": 37.470001220703125,
    "Long_Term_Treasury_ETF": 88.05999755859375,
    "CORN_future": 405.25,
    "SOYBEANS_future": 993.0,
    "WHEAT_future": 535.0,
    "SP500_close": 6329.93994140625,
    "NASDAQ_close": 21053.58203125,
    "US_10Y_Treasury_Yield": 4.199999809265137,
    "VIX_close": 17.520000457763672,
    "GOLD_basis_spot_vs_near": 0.2001953125,
    "China_10Y_Treasury_Yield": 1.7083
  }
}