{
  "latest_date": "2025-07-02",
  "latest_values": {
    "Shanghai_Composite_Index": 3457.7470703125,
    "CSI_300_Index": 3942.760009765625,
    "Shenzhen_Component_Index": 10476.2900390625,
    "ALUMINUM_future": 2569.25,
    "BTC_price": 106207.8359375,
    "OIL_price": 65.44000244140625,
    "USD_CNY_exchange_rate": 7.163599967956543,
    "Commodity_Index_ETF": 21.93000030517578,
    "US_Dollar_Index": 96.68099975585938,
    "ETH_price": 2427.40673828125,
    "GOLD_spot_price": 3349.300048828125,
    "LEAN_HOGS_future": 106.9749984741211,
    "COPPER_future": 5.111999988555908,
    "High_Yield_Bond_ETF": 80.16999816894531,
    "LIVE_CATTLE_future": 210.75,
    "GOLD_near_month_future": 3405.5,
    "NATURAL_GAS_future": 3.4119999408721924,
    "PLATINUM_future": 1368.699951171875,
    "SILVER_future": 36.185001373291016,
    "Long_Term_Treasury_ETF": 88.13999938964844,
    "CORN_future": 418.5,
    "SOYBEANS_future": 1025.5,
    "WHEAT_future": 547.5,
    "SP500_close": 6198.009765625,
    "NASDAQ_close": 20202.890625,
    "US_10Y_Treasury_Yield": 4.250999927520752,
    "VIX_close": 16.829999923706055,
    "GOLD_basis_spot_vs_near": -56.199951171875,
    "China_10Y_Treasury_Yield": 1.6433
  }
}