{
  "latest_date": "2025-10-03",
  "latest_values": {
    "Shanghai_Composite_Index": 3882.777099609375,
    "CSI_300_Index": 4640.68994140625,
    "Shenzhen_Component_Index": 13526.509765625,
    "ALUMINUM_future": 2596.5,
    "BTC_price": 120262.0078125,
    "OIL_price": 60.599998474121094,
    "USD_CNY_exchange_rate": 7.119999885559082,
    "Commodity_Index_ETF": 22.34000015258789,
    "US_Dollar_Index": 97.76799774169922,
    "ETH_price": 4488.560546875,
    "GOLD_spot_price": 3886.89990234375,
    "LEAN_HOGS_future": 98.6500015258789,
    "COPPER_future": 5.016499996185303,
    "High_Yield_Bond_ETF": 80.93000030517578,
    "LIVE_CATTLE_future": 236.125,
    "GOLD_near_month_future": 3887.199951171875,
    "NATURAL_GAS_future": 3.3510000705718994,
    "PLATINUM_future": 1590.4000244140625,
    "SILVER_future": 47.55500030517578,
    "Long_Term_Treasury_ETF": 89.55000305175781,
    "CORN_future": 421.5,
    "SOYBEANS_future": 1042.25,
    "WHEAT_future": 517.25,
    "SP500_close": 6715.35009765625,
    "NASDAQ_close": 22844.05078125,
    "US_10Y_Treasury_Yield": 4.081000328063965,
    "VIX_close": 16.43000030517578,
    "GOLD_basis_spot_vs_near": -0.300048828125,
    "China_10Y_Treasury_Yield": 1.8605
  }
}