{
  "latest_date": "2025-09-09",
  "latest_values": {
    "Shanghai_Composite_Index": 3807.292236328125,
    "CSI_300_Index": 4436.25830078125,
    "Shenzhen_Component_Index": 12666.83984375,
    "ALUMINUM_future": 2566.5,
    "BTC_price": 111575.453125,
    "OIL_price": 63.33000183105469,
    "USD_CNY_exchange_rate": 7.132500171661377,
    "Commodity_Index_ETF": 22.34000015258789,
    "US_Dollar_Index": 97.5979995727539,
    "ETH_price": 4300.30126953125,
    "GOLD_spot_price": 3685.10009765625,
    "LEAN_HOGS_future": 96.2750015258789,
    "COPPER_future": 4.558499813079834,
    "High_Yield_Bond_ETF": 80.68000030517578,
    "LIVE_CATTLE_future": 232.72500610351562,
    "GOLD_near_month_future": 3685.60009765625,
    "NATURAL_GAS_future": 3.0880000591278076,
    "PLATINUM_future": 1381.4000244140625,
    "SILVER_future": 41.400001525878906,
    "Long_Term_Treasury_ETF": 89.0082015991211,
    "CORN_future": 421.0,
    "SOYBEANS_future": 1034.75,
    "WHEAT_future": 522.5,
    "SP500_close": 6489.2998046875,
    "NASDAQ_close": 21764.478515625,
    "US_10Y_Treasury_Yield": 4.075999736785889,
    "VIX_close": 15.609999656677246,
    "GOLD_basis_spot_vs_near": -0.5,
    "China_10Y_Treasury_Yield": 1.8641
  }
}