{
  "latest_date": "2025-08-14",
  "latest_values": {
    "Shanghai_Composite_Index": 3666.442626953125,
    "CSI_300_Index": 4173.31298828125,
    "Shenzhen_Component_Index": 11451.4345703125,
    "ALUMINUM_future": 2554.75,
    "BTC_price": 117883.9140625,
    "OIL_price": 63.93000030517578,
    "USD_CNY_exchange_rate": 7.178500175476074,
    "Commodity_Index_ETF": 21.80500030517578,
    "US_Dollar_Index": 98.28099822998047,
    "ETH_price": 4543.55517578125,
    "GOLD_spot_price": 3383.89990234375,
    "LEAN_HOGS_future": 89.0999984741211,
    "COPPER_future": 4.483500003814697,
    "High_Yield_Bond_ETF": 80.40499877929688,
    "LIVE_CATTLE_future": 226.47500610351562,
    "GOLD_near_month_future": 3383.89990234375,
    "NATURAL_GAS_future": 2.825000047683716,
    "PLATINUM_future": 1363.9000244140625,
    "SILVER_future": 38.03499984741211,
    "Long_Term_Treasury_ETF": 86.9749984741211,
    "CORN_future": 396.75,
    "SOYBEANS_future": 1029.0,
    "WHEAT_future": 523.5,
    "SP500_close": 6463.35986328125,
    "NASDAQ_close": 21709.34765625,
    "US_10Y_Treasury_Yield": 4.289000034332275,
    "VIX_close": 14.880000114440918,
    "GOLD_basis_spot_vs_near": 0.0,
    "China_10Y_Treasury_Yield": 1.7341
  }
}