{
  "latest_date": "2025-09-04",
  "latest_values": {
    "Shanghai_Composite_Index": 3813.556884765625,
    "CSI_300_Index": 4459.830078125,
    "Shenzhen_Component_Index": 12472.0,
    "ALUMINUM_future": 2522.0,
    "BTC_price": 110916.3125,
    "OIL_price": 63.18000030517578,
    "USD_CNY_exchange_rate": 7.138999938964844,
    "Commodity_Index_ETF": 22.3700008392334,
    "US_Dollar_Index": 98.28600311279297,
    "ETH_price": 4408.78857421875,
    "GOLD_spot_price": 3607.199951171875,
    "LEAN_HOGS_future": 93.82499694824219,
    "COPPER_future": 4.572500228881836,
    "High_Yield_Bond_ETF": 80.61000061035156,
    "LIVE_CATTLE_future": 238.1999969482422,
    "GOLD_near_month_future": 3606.800048828125,
    "NATURAL_GAS_future": 3.0829999446868896,
    "PLATINUM_future": 1396.5999755859375,
    "SILVER_future": 41.494998931884766,
    "Long_Term_Treasury_ETF": 86.56999969482422,
    "CORN_future": 418.75,
    "SOYBEANS_future": 1025.5,
    "WHEAT_future": 516.75,
    "SP500_close": 6448.259765625,
    "NASDAQ_close": 21497.73046875,
    "US_10Y_Treasury_Yield": 4.190000057220459,
    "VIX_close": 16.200000762939453,
    "GOLD_basis_spot_vs_near": 0.39990234375,
    "China_10Y_Treasury_Yield": 1.806
  }
}