{
  "latest_date": "2025-09-25",
  "latest_values": {
    "Shanghai_Composite_Index": 3853.302001953125,
    "CSI_300_Index": 4593.4873046875,
    "Shenzhen_Component_Index": 13445.8955078125,
    "ALUMINUM_future": 2605.0,
    "BTC_price": 109498.8984375,
    "OIL_price": 64.98999786376953,
    "USD_CNY_exchange_rate": 7.111599922180176,
    "Commodity_Index_ETF": 22.7450008392334,
    "US_Dollar_Index": 98.5479965209961,
    "ETH_price": 3883.168212890625,
    "GOLD_spot_price": 3775.300048828125,
    "LEAN_HOGS_future": 100.125,
    "COPPER_future": 4.763999938964844,
    "High_Yield_Bond_ETF": 80.94499969482422,
    "LIVE_CATTLE_future": 236.0500030517578,
    "GOLD_near_month_future": 3775.39990234375,
    "NATURAL_GAS_future": 3.2079999446868896,
    "PLATINUM_future": 1540.0,
    "SILVER_future": 45.130001068115234,
    "Long_Term_Treasury_ETF": 88.88069915771484,
    "CORN_future": 424.75,
    "SOYBEANS_future": 1012.0,
    "WHEAT_future": 526.25,
    "SP500_close": 6597.39990234375,
    "NASDAQ_close": 22346.693359375,
    "US_10Y_Treasury_Yield": 4.183000087738037,
    "VIX_close": 17.040000915527344,
    "GOLD_basis_spot_vs_near": -0.099853515625,
    "China_10Y_Treasury_Yield": 1.884
  }
}