{
  "latest_date": "2025-07-01",
  "latest_values": {
    "Shanghai_Composite_Index": 3444.426025390625,
    "CSI_300_Index": 3936.080078125,
    "Shenzhen_Component_Index": 10465.1201171875,
    "ALUMINUM_future": 2565.0,
    "BTC_price": 106913.75,
    "OIL_price": 64.91999816894531,
    "USD_CNY_exchange_rate": 7.172100067138672,
    "Commodity_Index_ETF": 21.809999465942383,
    "US_Dollar_Index": 96.7229995727539,
    "ETH_price": 2458.418212890625,
    "GOLD_spot_price": 3339.60009765625,
    "LEAN_HOGS_future": 109.94999694824219,
    "COPPER_future": 5.113500118255615,
    "High_Yield_Bond_ETF": 80.6500015258789,
    "GOLD_near_month_future": 3339.699951171875,
    "NATURAL_GAS_future": 3.436000108718872,
    "PLATINUM_future": 1358.800048828125,
    "SILVER_future": 36.35499954223633,
    "Long_Term_Treasury_ETF": 88.25,
    "CORN_future": 421.5,
    "SOYBEANS_future": 1024.25,
    "WHEAT_future": 540.0,
    "SP500_close": 6204.9501953125,
    "NASDAQ_close": 20369.73046875,
    "US_10Y_Treasury_Yield": 4.230000019073486,
    "VIX_close": 16.729999542236328,
    "GOLD_basis_spot_vs_near": -0.099853515625,
    "China_10Y_Treasury_Yield": 1.6469
  }
}