{
  "latest_date": "2025-08-14",
  "latest_values": {
    "Shanghai_Composite_Index": 3666.442626953125,
    "CSI_300_Index": 4173.31298828125,
    "Shenzhen_Component_Index": 11551.3701171875,
    "ALUMINUM_future": 2541.75,
    "BTC_price": 118243.765625,
    "OIL_price": 63.75,
    "USD_CNY_exchange_rate": 7.178500175476074,
    "Commodity_Index_ETF": 21.80500030517578,
    "US_Dollar_Index": 98.24299621582031,
    "ETH_price": 4594.41357421875,
    "GOLD_spot_price": 3388.699951171875,
    "LEAN_HOGS_future": 88.92500305175781,
    "COPPER_future": 4.476500034332275,
    "High_Yield_Bond_ETF": 80.37000274658203,
    "LIVE_CATTLE_future": 228.9250030517578,
    "GOLD_near_month_future": 3388.800048828125,
    "NATURAL_GAS_future": 2.8340001106262207,
    "PLATINUM_future": 1360.5999755859375,
    "SILVER_future": 38.084999084472656,
    "Long_Term_Treasury_ETF": 86.91500091552734,
    "CORN_future": 395.25,
    "SOYBEANS_future": 1033.75,
    "WHEAT_future": 525.0,
    "SP500_close": 6453.169921875,
    "NASDAQ_close": 21670.619140625,
    "US_10Y_Treasury_Yield": 4.286999702453613,
    "VIX_close": 15.020000457763672,
    "GOLD_basis_spot_vs_near": -0.10009765625,
    "China_10Y_Treasury_Yield": 1.7341
  }
}