{
  "latest_date": "2025-07-22",
  "latest_values": {
    "Shanghai_Composite_Index": 3581.861083984375,
    "CSI_300_Index": 4118.9580078125,
    "Shenzhen_Component_Index": 11099.8310546875,
    "ALUMINUM_future": 2654.0,
    "BTC_price": 119303.375,
    "OIL_price": 66.1500015258789,
    "USD_CNY_exchange_rate": 7.177700042724609,
    "Commodity_Index_ETF": 22.405000686645508,
    "US_Dollar_Index": 97.40699768066406,
    "ETH_price": 3700.62548828125,
    "GOLD_spot_price": 3442.199951171875,
    "LEAN_HOGS_future": 107.7750015258789,
    "COPPER_future": 5.7154998779296875,
    "High_Yield_Bond_ETF": 80.45999908447266,
    "LIVE_CATTLE_future": 225.0,
    "GOLD_near_month_future": 3500.0,
    "NATURAL_GAS_future": 3.249000072479248,
    "PLATINUM_future": 1474.4000244140625,
    "SILVER_future": 39.52000045776367,
    "Long_Term_Treasury_ETF": 86.62999725341797,
    "CORN_future": 418.5,
    "SOYBEANS_future": 1024.25,
    "WHEAT_future": 548.75,
    "SP500_close": 6307.02978515625,
    "NASDAQ_close": 20895.361328125,
    "US_10Y_Treasury_Yield": 4.334000110626221,
    "VIX_close": 16.639999389648438,
    "GOLD_basis_spot_vs_near": -57.800048828125,
    "China_10Y_Treasury_Yield": 1.6907
  }
}