{
  "latest_date": "2025-08-25",
  "latest_values": {
    "Shanghai_Composite_Index": 3825.759033203125,
    "CSI_300_Index": 4378.0,
    "Shenzhen_Component_Index": 12166.0595703125,
    "ALUMINUM_future": 2540.75,
    "BTC_price": 111403.4921875,
    "OIL_price": 64.08000183105469,
    "USD_CNY_exchange_rate": 7.179900169372559,
    "Commodity_Index_ETF": 22.079999923706055,
    "US_Dollar_Index": 97.90299987792969,
    "ETH_price": 4643.828125,
    "GOLD_spot_price": 3408.5,
    "LEAN_HOGS_future": 91.2750015258789,
    "COPPER_future": 4.483500003814697,
    "High_Yield_Bond_ETF": 80.8499984741211,
    "LIVE_CATTLE_future": 237.8249969482422,
    "GOLD_near_month_future": 3408.699951171875,
    "NATURAL_GAS_future": 2.671999931335449,
    "PLATINUM_future": 1345.4000244140625,
    "SILVER_future": 38.625,
    "Long_Term_Treasury_ETF": 87.05000305175781,
    "CORN_future": 414.75,
    "SOYBEANS_future": 1060.5,
    "WHEAT_future": 530.5,
    "SP500_close": 6466.91015625,
    "NASDAQ_close": 21496.5390625,
    "US_10Y_Treasury_Yield": 4.279000282287598,
    "VIX_close": 15.100000381469727,
    "GOLD_basis_spot_vs_near": -0.199951171875,
    "China_10Y_Treasury_Yield": 1.7643
  }
}