{
  "latest_date": "2025-07-03",
  "latest_values": {
    "Shanghai_Composite_Index": 3461.150634765625,
    "CSI_300_Index": 3968.067626953125,
    "Shenzhen_Component_Index": 10534.583984375,
    "ALUMINUM_future": 2571.0,
    "BTC_price": 109692.1640625,
    "OIL_price": 66.94000244140625,
    "USD_CNY_exchange_rate": 7.167900085449219,
    "Commodity_Index_ETF": 22.280000686645508,
    "US_Dollar_Index": 97.15499877929688,
    "ETH_price": 2584.747314453125,
    "GOLD_spot_price": 3342.89990234375,
    "LEAN_HOGS_future": 106.2750015258789,
    "COPPER_future": 5.141499996185303,
    "High_Yield_Bond_ETF": 80.37000274658203,
    "LIVE_CATTLE_future": 214.10000610351562,
    "GOLD_near_month_future": 3398.800048828125,
    "NATURAL_GAS_future": 3.4100000858306885,
    "PLATINUM_future": 1382.0999755859375,
    "SILVER_future": 37.08399963378906,
    "Long_Term_Treasury_ETF": 86.97000122070312,
    "CORN_future": 435.5,
    "SOYBEANS_future": 1048.75,
    "WHEAT_future": 558.0,
    "SP500_close": 6279.35009765625,
    "NASDAQ_close": 20601.1015625,
    "US_10Y_Treasury_Yield": 4.3480000495910645,
    "VIX_close": 16.3799991607666,
    "GOLD_basis_spot_vs_near": -55.900146484375,
    "China_10Y_Treasury_Yield": 1.6407
  }
}