{
  "latest_date": "2025-07-18",
  "latest_values": {
    "Shanghai_Composite_Index": 3534.482666015625,
    "CSI_300_Index": 4058.548583984375,
    "Shenzhen_Component_Index": 10873.6201171875,
    "ALUMINUM_future": 2486.5,
    "BTC_price": 118012.140625,
    "OIL_price": 67.80000305175781,
    "USD_CNY_exchange_rate": 7.178500175476074,
    "Commodity_Index_ETF": 22.6200008392334,
    "US_Dollar_Index": 98.31199645996094,
    "ETH_price": 3575.788818359375,
    "GOLD_spot_price": 3360.39990234375,
    "LEAN_HOGS_future": 105.67500305175781,
    "COPPER_future": 5.600500106811523,
    "High_Yield_Bond_ETF": 80.24500274658203,
    "LIVE_CATTLE_future": 223.0,
    "GOLD_near_month_future": 3416.300048828125,
    "NATURAL_GAS_future": 3.5869998931884766,
    "PLATINUM_future": 1465.0,
    "SILVER_future": 38.53499984741211,
    "Long_Term_Treasury_ETF": 85.40499877929688,
    "CORN_future": 426.75,
    "SOYBEANS_future": 1036.0,
    "WHEAT_future": 547.25,
    "SP500_close": 6296.97998046875,
    "NASDAQ_close": 20895.53125,
    "US_10Y_Treasury_Yield": 4.421000003814697,
    "VIX_close": 16.34000015258789,
    "GOLD_basis_spot_vs_near": -55.900146484375,
    "China_10Y_Treasury_Yield": 1.6652
  }
}