{
  "latest_date": "2025-09-30",
  "latest_values": {
    "Shanghai_Composite_Index": 3862.53173828125,
    "CSI_300_Index": 4620.052734375,
    "Shenzhen_Component_Index": 13479.427734375,
    "ALUMINUM_future": 2608.25,
    "BTC_price": 114800.2578125,
    "OIL_price": 63.04999923706055,
    "USD_CNY_exchange_rate": 7.118899822235107,
    "Commodity_Index_ETF": 22.6200008392334,
    "US_Dollar_Index": 97.96600341796875,
    "ETH_price": 4222.16552734375,
    "GOLD_spot_price": 3871.300048828125,
    "LEAN_HOGS_future": 101.0999984741211,
    "COPPER_future": 4.897500038146973,
    "High_Yield_Bond_ETF": 81.22000122070312,
    "LIVE_CATTLE_future": 233.8000030517578,
    "GOLD_near_month_future": 3871.10009765625,
    "NATURAL_GAS_future": 3.2699999809265137,
    "PLATINUM_future": 1634.800048828125,
    "SILVER_future": 47.1349983215332,
    "Long_Term_Treasury_ETF": 89.62999725341797,
    "CORN_future": 420.75,
    "SOYBEANS_future": 1007.0,
    "WHEAT_future": 517.5,
    "SP500_close": 6661.2099609375,
    "NASDAQ_close": 22591.154296875,
    "US_10Y_Treasury_Yield": 4.140999794006348,
    "VIX_close": 16.1200008392334,
    "GOLD_basis_spot_vs_near": 0.199951171875,
    "China_10Y_Treasury_Yield": 1.887
  }
}