{
  "latest_date": "2025-07-15",
  "latest_values": {
    "Shanghai_Composite_Index": 3519.64990234375,
    "CSI_300_Index": 4017.669921875,
    "Shenzhen_Component_Index": 10684.51953125,
    "ALUMINUM_future": 2465.0,
    "BTC_price": 118010.8125,
    "OIL_price": 66.80000305175781,
    "USD_CNY_exchange_rate": 7.168099880218506,
    "Commodity_Index_ETF": 22.31999969482422,
    "US_Dollar_Index": 98.07099914550781,
    "ETH_price": 3021.386474609375,
    "GOLD_spot_price": 3357.89990234375,
    "LEAN_HOGS_future": 103.30000305175781,
    "COPPER_future": 5.554999828338623,
    "High_Yield_Bond_ETF": 80.08999633789062,
    "LIVE_CATTLE_future": 219.25,
    "GOLD_near_month_future": 3413.39990234375,
    "NATURAL_GAS_future": 3.486999988555908,
    "PLATINUM_future": 1432.199951171875,
    "SILVER_future": 38.54999923706055,
    "Long_Term_Treasury_ETF": 85.61000061035156,
    "CORN_future": 413.75,
    "SOYBEANS_future": 1006.25,
    "WHEAT_future": 538.25,
    "SP500_close": 6268.56005859375,
    "NASDAQ_close": 20640.330078125,
    "US_10Y_Treasury_Yield": 4.4070000648498535,
    "VIX_close": 16.649999618530273,
    "GOLD_basis_spot_vs_near": -55.5,
    "China_10Y_Treasury_Yield": 1.6557
  }
}