{
  "latest_date": "2025-09-29",
  "latest_values": {
    "Shanghai_Composite_Index": 3828.10595703125,
    "CSI_300_Index": 4550.0498046875,
    "Shenzhen_Component_Index": 13209.0,
    "ALUMINUM_future": 2615.5,
    "BTC_price": 113883.7578125,
    "OIL_price": 63.66999816894531,
    "USD_CNY_exchange_rate": 7.133800029754639,
    "Commodity_Index_ETF": 22.64620018005371,
    "US_Dollar_Index": 97.88400268554688,
    "ETH_price": 4175.80322265625,
    "GOLD_spot_price": 3854.89990234375,
    "LEAN_HOGS_future": 90.875,
    "COPPER_future": 4.881999969482422,
    "High_Yield_Bond_ETF": 81.17500305175781,
    "LIVE_CATTLE_future": 236.8000030517578,
    "GOLD_near_month_future": 3854.89990234375,
    "NATURAL_GAS_future": 3.196000099182129,
    "PLATINUM_future": 1632.699951171875,
    "SILVER_future": 46.92499923706055,
    "Long_Term_Treasury_ETF": 89.51499938964844,
    "CORN_future": 419.0,
    "SOYBEANS_future": 1008.25,
    "WHEAT_future": 519.25,
    "SP500_close": 6674.240234375,
    "NASDAQ_close": 22695.109375,
    "US_10Y_Treasury_Yield": 4.144000053405762,
    "VIX_close": 15.90999984741211,
    "GOLD_basis_spot_vs_near": 0.0,
    "China_10Y_Treasury_Yield": 1.887
  }
}