{
  "latest_date": "2025-07-16",
  "latest_values": {
    "Shanghai_Composite_Index": 3504.9990234375,
    "CSI_300_Index": 4019.06005859375,
    "Shenzhen_Component_Index": 10744.5595703125,
    "ALUMINUM_future": 2473.5,
    "BTC_price": 118721.9140625,
    "OIL_price": 66.38999938964844,
    "USD_CNY_exchange_rate": 7.166999816894531,
    "Commodity_Index_ETF": 22.280000686645508,
    "US_Dollar_Index": 98.51000213623047,
    "ETH_price": 3165.17626953125,
    "GOLD_spot_price": 3349.199951171875,
    "LEAN_HOGS_future": 103.9749984741211,
    "COPPER_future": 5.51800012588501,
    "High_Yield_Bond_ETF": 79.8499984741211,
    "LIVE_CATTLE_future": 222.625,
    "GOLD_near_month_future": 3404.89990234375,
    "NATURAL_GAS_future": 3.5239999294281006,
    "PLATINUM_future": 1417.9000244140625,
    "SILVER_future": 38.27000045776367,
    "Long_Term_Treasury_ETF": 85.01000213623047,
    "CORN_future": 425.0,
    "SOYBEANS_future": 1012.0,
    "WHEAT_future": 540.0,
    "SP500_close": 6243.759765625,
    "NASDAQ_close": 20677.80078125,
    "US_10Y_Treasury_Yield": 4.488999843597412,
    "VIX_close": 17.360000610351562,
    "GOLD_basis_spot_vs_near": -55.699951171875,
    "China_10Y_Treasury_Yield": 1.6557
  }
}