{
  "latest_date": "2025-08-27",
  "latest_values": {
    "Shanghai_Composite_Index": 3800.349853515625,
    "CSI_300_Index": 4386.12646484375,
    "Shenzhen_Component_Index": 12295.0693359375,
    "ALUMINUM_future": 2577.0,
    "BTC_price": 112435.7890625,
    "OIL_price": 63.97999954223633,
    "USD_CNY_exchange_rate": 7.151000022888184,
    "Commodity_Index_ETF": 22.060199737548828,
    "US_Dollar_Index": 98.18800354003906,
    "ETH_price": 4635.7470703125,
    "GOLD_spot_price": 3448.0,
    "LEAN_HOGS_future": 94.0250015258789,
    "COPPER_future": 4.420000076293945,
    "High_Yield_Bond_ETF": 80.92500305175781,
    "LIVE_CATTLE_future": 239.72500610351562,
    "GOLD_near_month_future": 3448.0,
    "NATURAL_GAS_future": 2.8440001010894775,
    "PLATINUM_future": 1348.4000244140625,
    "SILVER_future": 38.70500183105469,
    "Long_Term_Treasury_ETF": 86.57499694824219,
    "CORN_future": 405.5,
    "SOYBEANS_future": 1047.75,
    "WHEAT_future": 523.5,
    "SP500_close": 6479.6298828125,
    "NASDAQ_close": 21582.52734375,
    "US_10Y_Treasury_Yield": 4.241999626159668,
    "VIX_close": 14.949999809265137,
    "GOLD_basis_spot_vs_near": 0.0,
    "China_10Y_Treasury_Yield": 1.7988
  }
}