{
  "latest_date": "2025-09-16",
  "latest_values": {
    "Shanghai_Composite_Index": 3861.864990234375,
    "CSI_300_Index": 4523.3369140625,
    "Shenzhen_Component_Index": 13063.9736328125,
    "ALUMINUM_future": 2591.0,
    "BTC_price": 116860.7578125,
    "OIL_price": 64.56999969482422,
    "USD_CNY_exchange_rate": 7.124199867248535,
    "Commodity_Index_ETF": 22.780000686645508,
    "US_Dollar_Index": 96.67400360107422,
    "ETH_price": 4489.99755859375,
    "GOLD_spot_price": 3729.39990234375,
    "LEAN_HOGS_future": 97.19999694824219,
    "COPPER_future": 4.701000213623047,
    "High_Yield_Bond_ETF": 81.12999725341797,
    "LIVE_CATTLE_future": 233.5749969482422,
    "GOLD_near_month_future": 3729.300048828125,
    "NATURAL_GAS_future": 3.119999885559082,
    "PLATINUM_future": 1405.9000244140625,
    "SILVER_future": 42.915000915527344,
    "Long_Term_Treasury_ETF": 90.3499984741211,
    "CORN_future": 429.0,
    "SOYBEANS_future": 1049.0,
    "WHEAT_future": 533.5,
    "SP500_close": 6606.759765625,
    "NASDAQ_close": 22333.958984375,
    "US_10Y_Treasury_Yield": 4.026000022888184,
    "VIX_close": 16.360000610351562,
    "GOLD_basis_spot_vs_near": 0.099853515625,
    "China_10Y_Treasury_Yield": 1.8527
  }
}