{
  "latest_date": "2025-10-02",
  "latest_values": {
    "Shanghai_Composite_Index": 3882.777099609375,
    "CSI_300_Index": 4640.68994140625,
    "Shenzhen_Component_Index": 13526.509765625,
    "ALUMINUM_future": 2641.5,
    "BTC_price": 118500.1484375,
    "OIL_price": 61.959999084472656,
    "USD_CNY_exchange_rate": 7.118500232696533,
    "Commodity_Index_ETF": 22.489999771118164,
    "US_Dollar_Index": 97.68699645996094,
    "ETH_price": 4383.974609375,
    "GOLD_spot_price": 3897.699951171875,
    "LEAN_HOGS_future": 86.80000305175781,
    "COPPER_future": 4.921500205993652,
    "High_Yield_Bond_ETF": 80.95999908447266,
    "LIVE_CATTLE_future": 231.27499389648438,
    "GOLD_near_month_future": 3898.199951171875,
    "NATURAL_GAS_future": 3.434000015258789,
    "PLATINUM_future": 1609.4000244140625,
    "SILVER_future": 47.560001373291016,
    "Long_Term_Treasury_ETF": 89.29000091552734,
    "CORN_future": 417.25,
    "SOYBEANS_future": 1011.5,
    "WHEAT_future": 509.75,
    "SP500_close": 6711.2001953125,
    "NASDAQ_close": 22755.16015625,
    "US_10Y_Treasury_Yield": 4.105999946594238,
    "VIX_close": 16.290000915527344,
    "GOLD_basis_spot_vs_near": -0.5,
    "China_10Y_Treasury_Yield": 1.8605
  }
}