{
  "latest_date": "2025-09-09",
  "latest_values": {
    "Shanghai_Composite_Index": 3826.841064453125,
    "CSI_300_Index": 4467.56982421875,
    "Shenzhen_Component_Index": 12666.83984375,
    "ALUMINUM_future": 2545.0,
    "BTC_price": 112534.609375,
    "OIL_price": 63.119998931884766,
    "USD_CNY_exchange_rate": 7.132500171661377,
    "Commodity_Index_ETF": 22.18000030517578,
    "US_Dollar_Index": 97.55000305175781,
    "ETH_price": 4331.1396484375,
    "GOLD_spot_price": 3689.10009765625,
    "LEAN_HOGS_future": 95.25,
    "COPPER_future": 4.551000118255615,
    "High_Yield_Bond_ETF": 80.87000274658203,
    "LIVE_CATTLE_future": 235.75,
    "GOLD_near_month_future": 3689.0,
    "NATURAL_GAS_future": 3.117000102996826,
    "PLATINUM_future": 1382.199951171875,
    "SILVER_future": 41.540000915527344,
    "Long_Term_Treasury_ETF": 89.73999786376953,
    "CORN_future": 419.75,
    "SOYBEANS_future": 1032.0,
    "WHEAT_future": 521.5,
    "SP500_close": 6495.14990234375,
    "NASDAQ_close": 21798.69921875,
    "US_10Y_Treasury_Yield": 4.063000202178955,
    "VIX_close": 15.149999618530273,
    "GOLD_basis_spot_vs_near": 0.10009765625,
    "China_10Y_Treasury_Yield": 1.8641
  }
}