{
  "latest_date": "2025-07-22",
  "latest_values": {
    "Shanghai_Composite_Index": 3581.861083984375,
    "Shenzhen_Component_Index": 11007.490234375,
    "BTC_price": 119031.0625,
    "USD_CNY_exchange_rate": 7.177700042724609,
    "US_Dollar_Index": 97.41300201416016,
    "ETH_price": 3727.640625,
    "GOLD_spot_price": 3441.0,
    "LEAN_HOGS_future": 107.75,
    "High_Yield_Bond_ETF": 80.43499755859375,
    "LIVE_CATTLE_future": 224.85000610351562,
    "GOLD_near_month_future": 3498.5,
    "NATURAL_GAS_future": 3.249000072479248,
    "PLATINUM_future": 1485.5,
    "CORN_future": 403.75,
    "GOLD_basis_spot_vs_near": -57.5,
    "China_10Y_Treasury_Yield": 1.6907
  }
}