{
  "latest_date": "2025-08-04",
  "latest_values": {
    "Shanghai_Composite_Index": 3583.308837890625,
    "CSI_300_Index": 4070.702392578125,
    "Shenzhen_Component_Index": 10991.3203125,
    "ALUMINUM_future": 2477.0,
    "BTC_price": 115006.1171875,
    "OIL_price": 66.80999755859375,
    "USD_CNY_exchange_rate": 7.200200080871582,
    "Commodity_Index_ETF": 22.100000381469727,
    "US_Dollar_Index": 98.76399993896484,
    "ETH_price": 3659.637939453125,
    "GOLD_spot_price": 3428.300048828125,
    "LEAN_HOGS_future": 90.82499694824219,
    "COPPER_future": 4.4375,
    "High_Yield_Bond_ETF": 80.18000030517578,
    "LIVE_CATTLE_future": 224.5500030517578,
    "GOLD_near_month_future": 3428.300048828125,
    "NATURAL_GAS_future": 2.9210000038146973,
    "PLATINUM_future": 1350.0,
    "SILVER_future": 37.41999816894531,
    "Long_Term_Treasury_ETF": 88.06999969482422,
    "CORN_future": 409.25,
    "SOYBEANS_future": 995.75,
    "WHEAT_future": 538.5,
    "SP500_close": 6318.0498046875,
    "NASDAQ_close": 21009.25,
    "US_10Y_Treasury_Yield": 4.203999996185303,
    "VIX_close": 18.200000762939453,
    "GOLD_basis_spot_vs_near": 0.0,
    "China_10Y_Treasury_Yield": 1.7083
  }
}