{
  "latest_date": "2025-08-20",
  "latest_values": {
    "Shanghai_Composite_Index": 3727.2880859375,
    "CSI_300_Index": 4223.3701171875,
    "Shenzhen_Component_Index": 11821.6298828125,
    "ALUMINUM_future": 2481.5,
    "BTC_price": 113330.328125,
    "OIL_price": 62.4900016784668,
    "USD_CNY_exchange_rate": 7.184599876403809,
    "Commodity_Index_ETF": 21.6200008392334,
    "US_Dollar_Index": 98.10700225830078,
    "ETH_price": 4178.44140625,
    "GOLD_spot_price": 3386.60009765625,
    "LEAN_HOGS_future": 90.0999984741211,
    "COPPER_future": 4.434500217437744,
    "High_Yield_Bond_ETF": 80.37999725341797,
    "LIVE_CATTLE_future": 231.3000030517578,
    "GOLD_near_month_future": 3386.39990234375,
    "NATURAL_GAS_future": 2.744999885559082,
    "PLATINUM_future": 1338.5999755859375,
    "SILVER_future": 37.724998474121094,
    "Long_Term_Treasury_ETF": 86.6500015258789,
    "CORN_future": 402.5,
    "SOYBEANS_future": 1032.25,
    "WHEAT_future": 524.5,
    "SP500_close": 6411.3701171875,
    "NASDAQ_close": 21314.94921875,
    "US_10Y_Treasury_Yield": 4.297999858856201,
    "VIX_close": 15.779999732971191,
    "GOLD_basis_spot_vs_near": 0.2001953125,
    "China_10Y_Treasury_Yield": 1.782
  }
}