{
  "latest_date": "2025-09-04",
  "latest_values": {
    "Shanghai_Composite_Index": 3765.8759765625,
    "CSI_300_Index": 4365.20849609375,
    "Shenzhen_Component_Index": 12118.7021484375,
    "ALUMINUM_future": 2515.5,
    "BTC_price": 109653.7265625,
    "OIL_price": 63.599998474121094,
    "USD_CNY_exchange_rate": 7.138999938964844,
    "Commodity_Index_ETF": 22.239999771118164,
    "US_Dollar_Index": 98.3759994506836,
    "ETH_price": 4308.51611328125,
    "GOLD_spot_price": 3609.89990234375,
    "LEAN_HOGS_future": 94.6500015258789,
    "COPPER_future": 4.55649995803833,
    "High_Yield_Bond_ETF": 80.69499969482422,
    "LIVE_CATTLE_future": 236.64999389648438,
    "GOLD_near_month_future": 3609.800048828125,
    "NATURAL_GAS_future": 3.075000047683716,
    "PLATINUM_future": 1374.9000244140625,
    "SILVER_future": 41.439998626708984,
    "Long_Term_Treasury_ETF": 87.00499725341797,
    "CORN_future": 419.5,
    "SOYBEANS_future": 1028.75,
    "WHEAT_future": 519.0,
    "SP500_close": 6475.8701171875,
    "NASDAQ_close": 21593.013671875,
    "US_10Y_Treasury_Yield": 4.177999973297119,
    "VIX_close": 15.710000038146973,
    "GOLD_basis_spot_vs_near": 0.099853515625,
    "China_10Y_Treasury_Yield": 1.806
  }
}