{
  "latest_date": "2025-09-01",
  "latest_values": {
    "Shanghai_Composite_Index": 3857.927001953125,
    "CSI_300_Index": 4496.759765625,
    "Shenzhen_Component_Index": 12696.150390625,
    "ALUMINUM_future": 2528.25,
    "BTC_price": 107589.7890625,
    "OIL_price": 63.810001373291016,
    "USD_CNY_exchange_rate": 7.1529998779296875,
    "Commodity_Index_ETF": 22.209999084472656,
    "US_Dollar_Index": 97.73200225830078,
    "ETH_price": 4379.08056640625,
    "GOLD_spot_price": 3538.699951171875,
    "LEAN_HOGS_future": 95.0,
    "COPPER_future": 4.5954999923706055,
    "High_Yield_Bond_ETF": 80.86000061035156,
    "LIVE_CATTLE_future": 239.8000030517578,
    "GOLD_near_month_future": 3538.5,
    "NATURAL_GAS_future": 3.015000104904175,
    "PLATINUM_future": 1379.800048828125,
    "SILVER_future": 41.275001525878906,
    "Long_Term_Treasury_ETF": 86.5999984741211,
    "CORN_future": 420.25,
    "SOYBEANS_future": 1054.5,
    "WHEAT_future": 534.25,
    "SP500_close": 6460.259765625,
    "NASDAQ_close": 21455.55078125,
    "US_10Y_Treasury_Yield": 4.2270002365112305,
    "VIX_close": 15.359999656677246,
    "GOLD_basis_spot_vs_near": 0.199951171875,
    "China_10Y_Treasury_Yield": 1.8379
  }
}