{
  "latest_date": "2025-07-11",
  "latest_values": {
    "Shanghai_Composite_Index": 3510.17724609375,
    "CSI_300_Index": 4014.806884765625,
    "Shenzhen_Component_Index": 10696.09765625,
    "ALUMINUM_future": 2539.25,
    "BTC_price": 117937.859375,
    "OIL_price": 68.62000274658203,
    "USD_CNY_exchange_rate": 7.167600154876709,
    "Commodity_Index_ETF": 22.5,
    "US_Dollar_Index": 97.8759994506836,
    "ETH_price": 3004.036376953125,
    "GOLD_spot_price": 3371.699951171875,
    "LEAN_HOGS_future": 104.8499984741211,
    "COPPER_future": 5.577499866485596,
    "High_Yield_Bond_ETF": 80.0250015258789,
    "LIVE_CATTLE_future": 222.375,
    "GOLD_near_month_future": 3427.39990234375,
    "NATURAL_GAS_future": 3.365000009536743,
    "PLATINUM_future": 1474.800048828125,
    "SILVER_future": 39.185001373291016,
    "Long_Term_Treasury_ETF": 85.79000091552734,
    "CORN_future": 412.25,
    "SOYBEANS_future": 1007.5,
    "WHEAT_future": 545.5,
    "SP500_close": 6259.75,
    "NASDAQ_close": 20585.52734375,
    "US_10Y_Treasury_Yield": 4.422999858856201,
    "VIX_close": 16.239999771118164,
    "GOLD_basis_spot_vs_near": -55.699951171875,
    "China_10Y_Treasury_Yield": 1.6653
  }
}