{
  "latest_date": "2025-07-15",
  "latest_values": {
    "Shanghai_Composite_Index": 3504.998779296875,
    "CSI_300_Index": 4019.064453125,
    "Shenzhen_Component_Index": 10684.51953125,
    "ALUMINUM_future": 2500.5,
    "BTC_price": 116131.5625,
    "OIL_price": 66.66999816894531,
    "USD_CNY_exchange_rate": 7.168099880218506,
    "Commodity_Index_ETF": 22.346500396728516,
    "US_Dollar_Index": 98.52799987792969,
    "ETH_price": 2983.39453125,
    "GOLD_spot_price": 3354.39990234375,
    "LEAN_HOGS_future": 102.80000305175781,
    "COPPER_future": 5.521999835968018,
    "High_Yield_Bond_ETF": 79.96499633789062,
    "LIVE_CATTLE_future": 221.10000610351562,
    "GOLD_near_month_future": 3410.39990234375,
    "NATURAL_GAS_future": 3.502000093460083,
    "PLATINUM_future": 1417.5,
    "SILVER_future": 38.275001525878906,
    "Long_Term_Treasury_ETF": 85.05999755859375,
    "CORN_future": 418.75,
    "SOYBEANS_future": 1006.75,
    "WHEAT_future": 543.25,
    "SP500_close": 6266.77001953125,
    "NASDAQ_close": 20739.75,
    "US_10Y_Treasury_Yield": 4.4730000495910645,
    "VIX_close": 17.110000610351562,
    "GOLD_basis_spot_vs_near": -56.0,
    "China_10Y_Treasury_Yield": 1.6557
  }
}