{
  "latest_date": "2025-08-08",
  "latest_values": {
    "Shanghai_Composite_Index": 3635.128173828125,
    "CSI_300_Index": 4104.966796875,
    "Shenzhen_Component_Index": 11128.6728515625,
    "ALUMINUM_future": 2590.5,
    "BTC_price": 116553.5390625,
    "OIL_price": 63.66999816894531,
    "USD_CNY_exchange_rate": 7.1834001541137695,
    "Commodity_Index_ETF": 21.83690071105957,
    "US_Dollar_Index": 98.17500305175781,
    "ETH_price": 4051.13671875,
    "GOLD_spot_price": 3459.39990234375,
    "LEAN_HOGS_future": 90.55000305175781,
    "COPPER_future": 4.486499786376953,
    "High_Yield_Bond_ETF": 80.19999694824219,
    "LIVE_CATTLE_future": 225.9499969482422,
    "GOLD_near_month_future": 3459.39990234375,
    "NATURAL_GAS_future": 2.996999979019165,
    "PLATINUM_future": 1341.9000244140625,
    "SILVER_future": 38.5,
    "Long_Term_Treasury_ETF": 87.23650360107422,
    "CORN_future": 406.0,
    "SOYBEANS_future": 986.5,
    "WHEAT_future": 535.75,
    "SP500_close": 6389.6298828125,
    "NASDAQ_close": 21446.244140625,
    "US_10Y_Treasury_Yield": 4.286999702453613,
    "VIX_close": 15.359999656677246,
    "GOLD_basis_spot_vs_near": 0.0,
    "China_10Y_Treasury_Yield": 1.6891
  }
}