{
  "latest_date": "2025-08-28",
  "latest_values": {
    "Shanghai_Composite_Index": 3843.597412109375,
    "CSI_300_Index": 4463.7822265625,
    "Shenzhen_Component_Index": 12571.37109375,
    "ALUMINUM_future": 2549.0,
    "BTC_price": 112361.4921875,
    "OIL_price": 64.22000122070312,
    "USD_CNY_exchange_rate": 7.1529998779296875,
    "Commodity_Index_ETF": 22.18000030517578,
    "US_Dollar_Index": 97.89700317382812,
    "ETH_price": 4507.58251953125,
    "GOLD_spot_price": 3475.5,
    "LEAN_HOGS_future": 94.2750015258789,
    "COPPER_future": 4.538000106811523,
    "High_Yield_Bond_ETF": 81.01000213623047,
    "LIVE_CATTLE_future": 237.0749969482422,
    "GOLD_near_month_future": 3475.5,
    "NATURAL_GAS_future": 2.9820001125335693,
    "PLATINUM_future": 1361.800048828125,
    "SILVER_future": 39.685001373291016,
    "Long_Term_Treasury_ETF": 87.22000122070312,
    "CORN_future": 410.75,
    "SOYBEANS_future": 1048.25,
    "WHEAT_future": 529.75,
    "SP500_close": 6501.85986328125,
    "NASDAQ_close": 21705.158203125,
    "US_10Y_Treasury_Yield": 4.206999778747559,
    "VIX_close": 14.430000305175781,
    "GOLD_basis_spot_vs_near": 0.0,
    "China_10Y_Treasury_Yield": 1.8478
  }
}