{
  "latest_date": "2025-08-01",
  "latest_values": {
    "Shanghai_Composite_Index": 3573.2080078125,
    "CSI_300_Index": 4075.590087890625,
    "Shenzhen_Component_Index": 11009.76953125,
    "ALUMINUM_future": 2470.25,
    "BTC_price": 114421.1015625,
    "OIL_price": 68.44999694824219,
    "USD_CNY_exchange_rate": 7.211100101470947,
    "Commodity_Index_ETF": 22.18000030517578,
    "US_Dollar_Index": 98.90599822998047,
    "ETH_price": 3588.21923828125,
    "GOLD_spot_price": 3393.199951171875,
    "LEAN_HOGS_future": 89.17500305175781,
    "COPPER_future": 4.395500183105469,
    "High_Yield_Bond_ETF": 79.85009765625,
    "LIVE_CATTLE_future": 223.3249969482422,
    "GOLD_near_month_future": 3393.300048828125,
    "NATURAL_GAS_future": 3.0969998836517334,
    "PLATINUM_future": 1299.800048828125,
    "SILVER_future": 36.939998626708984,
    "Long_Term_Treasury_ETF": 87.75,
    "CORN_future": 411.75,
    "SOYBEANS_future": 987.0,
    "WHEAT_future": 537.75,
    "SP500_close": 6221.56982421875,
    "NASDAQ_close": 20629.685546875,
    "US_10Y_Treasury_Yield": 4.250999927520752,
    "VIX_close": 20.790000915527344,
    "GOLD_basis_spot_vs_near": -0.10009765625,
    "China_10Y_Treasury_Yield": 1.7059
  }
}