{
  "latest_date": "2025-09-23",
  "latest_values": {
    "Shanghai_Composite_Index": 3821.832763671875,
    "CSI_300_Index": 4519.7783203125,
    "Shenzhen_Component_Index": 13157.9697265625,
    "ALUMINUM_future": 2530.25,
    "BTC_price": 112848.671875,
    "OIL_price": 63.4900016784668,
    "USD_CNY_exchange_rate": 7.1128997802734375,
    "Commodity_Index_ETF": 22.436199188232422,
    "US_Dollar_Index": 97.322998046875,
    "ETH_price": 4188.98974609375,
    "GOLD_spot_price": 3807.0,
    "LEAN_HOGS_future": 91.625,
    "COPPER_future": 4.632500171661377,
    "High_Yield_Bond_ETF": 81.32499694824219,
    "LIVE_CATTLE_future": 242.14999389648438,
    "GOLD_near_month_future": 3807.0,
    "NATURAL_GAS_future": 3.1070001125335693,
    "PLATINUM_future": 1495.5,
    "SILVER_future": 44.5,
    "Long_Term_Treasury_ETF": 89.10379791259766,
    "CORN_future": 424.0,
    "SOYBEANS_future": 1010.75,
    "WHEAT_future": 519.0,
    "SP500_close": 6680.33984375,
    "NASDAQ_close": 22706.56640625,
    "US_10Y_Treasury_Yield": 4.133000373840332,
    "VIX_close": 16.350000381469727,
    "GOLD_basis_spot_vs_near": 0.0,
    "China_10Y_Treasury_Yield": 1.877
  }
}