{
  "latest_date": "2025-08-22",
  "latest_values": {
    "Shanghai_Composite_Index": 3825.75927734375,
    "CSI_300_Index": 4377.99755859375,
    "Shenzhen_Component_Index": 12166.060546875,
    "ALUMINUM_future": 2541.75,
    "BTC_price": 117081.8359375,
    "OIL_price": 63.70000076293945,
    "USD_CNY_exchange_rate": 7.164599895477295,
    "Commodity_Index_ETF": 22.094999313354492,
    "US_Dollar_Index": 97.58300018310547,
    "ETH_price": 4790.55322265625,
    "GOLD_spot_price": 3419.300048828125,
    "LEAN_HOGS_future": 91.17500305175781,
    "COPPER_future": 4.4730000495910645,
    "High_Yield_Bond_ETF": 80.78500366210938,
    "LIVE_CATTLE_future": 238.0,
    "GOLD_near_month_future": 3419.39990234375,
    "NATURAL_GAS_future": 2.696000099182129,
    "PLATINUM_future": 1364.4000244140625,
    "SILVER_future": 39.04999923706055,
    "Long_Term_Treasury_ETF": 86.99199676513672,
    "CORN_future": 411.5,
    "SOYBEANS_future": 1061.75,
    "WHEAT_future": 528.5,
    "SP500_close": 6472.3798828125,
    "NASDAQ_close": 21531.841796875,
    "US_10Y_Treasury_Yield": 4.259999752044678,
    "VIX_close": 14.350000381469727,
    "GOLD_basis_spot_vs_near": -0.099853515625,
    "China_10Y_Treasury_Yield": 1.7818
  }
}