{
  "latest_date": "2025-08-18",
  "latest_values": {
    "Shanghai_Composite_Index": 3728.02734375,
    "CSI_300_Index": 4239.41259765625,
    "Shenzhen_Component_Index": 11835.572265625,
    "ALUMINUM_future": 2507.5,
    "BTC_price": 116661.9375,
    "OIL_price": 63.369998931884766,
    "USD_CNY_exchange_rate": 7.184100151062012,
    "Commodity_Index_ETF": 21.790000915527344,
    "US_Dollar_Index": 98.1729965209961,
    "ETH_price": 4383.00634765625,
    "GOLD_spot_price": 3377.300048828125,
    "LEAN_HOGS_future": 90.30000305175781,
    "COPPER_future": 4.4745001792907715,
    "High_Yield_Bond_ETF": 80.41000366210938,
    "LIVE_CATTLE_future": 230.97500610351562,
    "GOLD_near_month_future": 3377.0,
    "NATURAL_GAS_future": 2.884999990463257,
    "PLATINUM_future": 1338.800048828125,
    "SILVER_future": 38.040000915527344,
    "Long_Term_Treasury_ETF": 86.19999694824219,
    "CORN_future": 406.5,
    "SOYBEANS_future": 1040.5,
    "WHEAT_future": 524.5,
    "SP500_close": 6449.7900390625,
    "NASDAQ_close": 21637.326171875,
    "US_10Y_Treasury_Yield": 4.341000080108643,
    "VIX_close": 15.0600004196167,
    "GOLD_basis_spot_vs_near": 0.300048828125,
    "China_10Y_Treasury_Yield": 1.7872
  }
}