{
  "latest_date": "2025-09-09",
  "latest_values": {
    "Shanghai_Composite_Index": 3807.292236328125,
    "CSI_300_Index": 4436.25830078125,
    "Shenzhen_Component_Index": 12510.5966796875,
    "ALUMINUM_future": 2552.25,
    "BTC_price": 111481.2265625,
    "OIL_price": 62.7599983215332,
    "USD_CNY_exchange_rate": 7.129300117492676,
    "Commodity_Index_ETF": 22.239999771118164,
    "US_Dollar_Index": 97.76899719238281,
    "ETH_price": 4302.0546875,
    "GOLD_spot_price": 3666.0,
    "LEAN_HOGS_future": 96.1500015258789,
    "COPPER_future": 4.575500011444092,
    "High_Yield_Bond_ETF": 80.77999877929688,
    "LIVE_CATTLE_future": 230.02499389648438,
    "GOLD_near_month_future": 3666.0,
    "NATURAL_GAS_future": 3.114000082015991,
    "PLATINUM_future": 1377.0999755859375,
    "SILVER_future": 41.349998474121094,
    "Long_Term_Treasury_ETF": 89.2300033569336,
    "CORN_future": 419.5,
    "SOYBEANS_future": 1030.5,
    "WHEAT_future": 519.5,
    "SP500_close": 6512.60986328125,
    "NASDAQ_close": 21879.48828125,
    "US_10Y_Treasury_Yield": 4.074000358581543,
    "VIX_close": 15.039999961853027,
    "GOLD_basis_spot_vs_near": 0.0,
    "China_10Y_Treasury_Yield": 1.8641
  }
}