{
  "latest_date": "2025-08-14",
  "latest_values": {
    "Shanghai_Composite_Index": 3666.442626953125,
    "CSI_300_Index": 4173.31298828125,
    "Shenzhen_Component_Index": 11551.3701171875,
    "ALUMINUM_future": 2537.25,
    "BTC_price": 118899.203125,
    "OIL_price": 63.47999954223633,
    "USD_CNY_exchange_rate": 7.178500175476074,
    "Commodity_Index_ETF": 21.770000457763672,
    "US_Dollar_Index": 98.09700012207031,
    "ETH_price": 4665.71337890625,
    "GOLD_spot_price": 3388.800048828125,
    "LEAN_HOGS_future": 88.8499984741211,
    "COPPER_future": 4.4745001792907715,
    "High_Yield_Bond_ETF": 80.41500091552734,
    "LIVE_CATTLE_future": 229.9250030517578,
    "GOLD_near_month_future": 3388.89990234375,
    "NATURAL_GAS_future": 2.805000066757202,
    "PLATINUM_future": 1360.0,
    "SILVER_future": 38.04499816894531,
    "Long_Term_Treasury_ETF": 87.25,
    "CORN_future": 394.5,
    "SOYBEANS_future": 1032.75,
    "WHEAT_future": 521.75,
    "SP500_close": 6463.08984375,
    "NASDAQ_close": 21718.357421875,
    "US_10Y_Treasury_Yield": 4.265999794006348,
    "VIX_close": 14.729999542236328,
    "GOLD_basis_spot_vs_near": -0.099853515625,
    "China_10Y_Treasury_Yield": 1.7341
  }
}