{
  "latest_date": "2025-07-24",
  "latest_values": {
    "Shanghai_Composite_Index": 3582.298095703125,
    "CSI_300_Index": 4119.77001953125,
    "Shenzhen_Component_Index": 11059.0400390625,
    "ALUMINUM_future": 2610.25,
    "BTC_price": 119005.0703125,
    "OIL_price": 65.44000244140625,
    "USD_CNY_exchange_rate": 7.174300193786621,
    "Commodity_Index_ETF": 22.3799991607666,
    "US_Dollar_Index": 97.16100311279297,
    "ETH_price": 3640.2451171875,
    "GOLD_spot_price": 3397.199951171875,
    "LEAN_HOGS_future": 108.375,
    "COPPER_future": 5.828499794006348,
    "High_Yield_Bond_ETF": 80.54000091552734,
    "LIVE_CATTLE_future": 227.35000610351562,
    "GOLD_near_month_future": 3453.5,
    "NATURAL_GAS_future": 3.0840001106262207,
    "PLATINUM_future": 1453.0,
    "SILVER_future": 39.5099983215332,
    "Long_Term_Treasury_ETF": 86.04000091552734,
    "CORN_future": 417.75,
    "SOYBEANS_future": 1024.0,
    "WHEAT_future": 542.0,
    "SP500_close": 6358.91015625,
    "NASDAQ_close": 21020.01953125,
    "US_10Y_Treasury_Yield": 4.388000011444092,
    "VIX_close": 15.369999885559082,
    "GOLD_basis_spot_vs_near": -56.300048828125,
    "China_10Y_Treasury_Yield": 1.7041
  }
}