{
  "latest_date": "2025-08-07",
  "latest_values": {
    "Shanghai_Composite_Index": 3639.66650390625,
    "CSI_300_Index": 4114.666015625,
    "Shenzhen_Component_Index": 11157.9404296875,
    "ALUMINUM_future": 2539.5,
    "BTC_price": 116499.3046875,
    "OIL_price": 64.05000305175781,
    "USD_CNY_exchange_rate": 7.1834001541137695,
    "Commodity_Index_ETF": 21.864999771118164,
    "US_Dollar_Index": 98.30999755859375,
    "ETH_price": 3827.881103515625,
    "GOLD_spot_price": 3455.699951171875,
    "LEAN_HOGS_future": 90.875,
    "COPPER_future": 4.4004998207092285,
    "High_Yield_Bond_ETF": 80.19499969482422,
    "LIVE_CATTLE_future": 232.3249969482422,
    "GOLD_near_month_future": 3455.699951171875,
    "NATURAL_GAS_future": 3.059999942779541,
    "PLATINUM_future": 1356.300048828125,
    "SILVER_future": 38.27000045776367,
    "Long_Term_Treasury_ETF": 87.77899932861328,
    "CORN_future": 405.75,
    "SOYBEANS_future": 992.75,
    "WHEAT_future": 538.75,
    "SP500_close": 6322.1298828125,
    "NASDAQ_close": 21156.015625,
    "US_10Y_Treasury_Yield": 4.248000144958496,
    "VIX_close": 17.260000228881836,
    "GOLD_basis_spot_vs_near": 0.0,
    "China_10Y_Treasury_Yield": 1.6894
  }
}