{
  "latest_date": "2025-08-15",
  "latest_values": {
    "Shanghai_Composite_Index": 3666.443115234375,
    "CSI_300_Index": 4173.31005859375,
    "Shenzhen_Component_Index": 11451.4296875,
    "ALUMINUM_future": 2522.5,
    "BTC_price": 119101.8046875,
    "OIL_price": 63.599998474121094,
    "USD_CNY_exchange_rate": 7.174300193786621,
    "Commodity_Index_ETF": 21.84000015258789,
    "US_Dollar_Index": 97.9010009765625,
    "ETH_price": 4634.06982421875,
    "GOLD_spot_price": 3389.699951171875,
    "LEAN_HOGS_future": 88.9000015258789,
    "COPPER_future": 4.4710001945495605,
    "High_Yield_Bond_ETF": 80.4000015258789,
    "LIVE_CATTLE_future": 226.77499389648438,
    "GOLD_near_month_future": 3389.60009765625,
    "NATURAL_GAS_future": 2.9119999408721924,
    "PLATINUM_future": 1350.699951171875,
    "SILVER_future": 37.88999938964844,
    "Long_Term_Treasury_ETF": 87.0199966430664,
    "CORN_future": 400.25,
    "SOYBEANS_future": 1035.75,
    "WHEAT_future": 525.5,
    "SP500_close": 6468.5400390625,
    "NASDAQ_close": 21710.669921875,
    "US_10Y_Treasury_Yield": 4.293000221252441,
    "VIX_close": 14.539999961853027,
    "GOLD_basis_spot_vs_near": 0.099853515625,
    "China_10Y_Treasury_Yield": 1.7465
  }
}