{
  "latest_date": "2025-08-19",
  "latest_values": {
    "Shanghai_Composite_Index": 3728.027099609375,
    "CSI_300_Index": 4239.41015625,
    "Shenzhen_Component_Index": 11835.5703125,
    "ALUMINUM_future": 2533.0,
    "BTC_price": 115589.6328125,
    "OIL_price": 62.5099983215332,
    "USD_CNY_exchange_rate": 7.181700229644775,
    "Commodity_Index_ETF": 21.790000915527344,
    "US_Dollar_Index": 98.0780029296875,
    "ETH_price": 4302.78466796875,
    "GOLD_spot_price": 3379.300048828125,
    "LEAN_HOGS_future": 90.30000305175781,
    "COPPER_future": 4.459000110626221,
    "High_Yield_Bond_ETF": 80.4000015258789,
    "LIVE_CATTLE_future": 230.97500610351562,
    "GOLD_near_month_future": 3379.10009765625,
    "NATURAL_GAS_future": 2.802999973297119,
    "PLATINUM_future": 1356.4000244140625,
    "SILVER_future": 38.06999969482422,
    "Long_Term_Treasury_ETF": 86.1500015258789,
    "CORN_future": 402.25,
    "SOYBEANS_future": 1039.75,
    "WHEAT_future": 520.5,
    "SP500_close": 6449.14990234375,
    "NASDAQ_close": 21629.76953125,
    "US_10Y_Treasury_Yield": 4.315999984741211,
    "VIX_close": 14.979999542236328,
    "GOLD_basis_spot_vs_near": 0.199951171875,
    "China_10Y_Treasury_Yield": 1.7725
  }
}