{
  "latest_date": "2025-07-30",
  "latest_values": {
    "Shanghai_Composite_Index": 3615.716796875,
    "CSI_300_Index": 4151.23779296875,
    "Shenzhen_Component_Index": 11203.029296875,
    "ALUMINUM_future": 2557.25,
    "BTC_price": 117736.7265625,
    "OIL_price": 70.20999908447266,
    "USD_CNY_exchange_rate": 7.177800178527832,
    "Commodity_Index_ETF": 22.640100479125977,
    "US_Dollar_Index": 99.44400024414062,
    "ETH_price": 3794.419189453125,
    "GOLD_spot_price": 3352.60009765625,
    "LEAN_HOGS_future": 107.19999694824219,
    "COPPER_future": 5.580999851226807,
    "High_Yield_Bond_ETF": 80.38999938964844,
    "LIVE_CATTLE_future": 231.5749969482422,
    "GOLD_near_month_future": 3352.300048828125,
    "NATURAL_GAS_future": 3.0460000038146973,
    "PLATINUM_future": 1374.199951171875,
    "SILVER_future": 37.76499938964844,
    "Long_Term_Treasury_ETF": 86.7750015258789,
    "CORN_future": 413.0,
    "SOYBEANS_future": 1000.25,
    "WHEAT_future": 525.25,
    "SP500_close": 6384.31982421875,
    "NASDAQ_close": 21188.30078125,
    "US_10Y_Treasury_Yield": 4.363999843597412,
    "VIX_close": 16.049999237060547,
    "GOLD_basis_spot_vs_near": 0.300048828125,
    "China_10Y_Treasury_Yield": 1.718
  }
}