{
  "latest_date": "2025-07-23",
  "latest_values": {
    "Shanghai_Composite_Index": 3582.298095703125,
    "CSI_300_Index": 4119.7685546875,
    "Shenzhen_Component_Index": 11059.037109375,
    "ALUMINUM_future": 2611.5,
    "BTC_price": 118268.015625,
    "OIL_price": 65.22000122070312,
    "USD_CNY_exchange_rate": 7.17549991607666,
    "Commodity_Index_ETF": 22.364999771118164,
    "US_Dollar_Index": 97.31400299072266,
    "ETH_price": 3598.80029296875,
    "GOLD_spot_price": 3401.5,
    "LEAN_HOGS_future": 108.4000015258789,
    "COPPER_future": 5.831999778747559,
    "High_Yield_Bond_ETF": 80.48999786376953,
    "LIVE_CATTLE_future": 227.10000610351562,
    "GOLD_near_month_future": 3459.39990234375,
    "NATURAL_GAS_future": 3.0759999752044678,
    "PLATINUM_future": 1455.0999755859375,
    "SILVER_future": 39.5099983215332,
    "Long_Term_Treasury_ETF": 86.01000213623047,
    "CORN_future": 417.25,
    "SOYBEANS_future": 1024.0,
    "WHEAT_future": 541.0,
    "SP500_close": 6348.72021484375,
    "NASDAQ_close": 20973.037109375,
    "US_10Y_Treasury_Yield": 4.381999969482422,
    "VIX_close": 15.449999809265137,
    "GOLD_basis_spot_vs_near": -57.89990234375,
    "China_10Y_Treasury_Yield": 1.7041
  }
}