{
  "latest_date": "2025-07-22",
  "latest_values": {
    "Shanghai_Composite_Index": 3559.791015625,
    "CSI_300_Index": 4085.610107421875,
    "Shenzhen_Component_Index": 11007.490234375,
    "ALUMINUM_future": 2610.0,
    "BTC_price": 118023.9140625,
    "OIL_price": 66.83000183105469,
    "USD_CNY_exchange_rate": 7.177700042724609,
    "Commodity_Index_ETF": 22.479999542236328,
    "US_Dollar_Index": 97.93299865722656,
    "ETH_price": 3694.740234375,
    "GOLD_spot_price": 3397.5,
    "LEAN_HOGS_future": 107.30000305175781,
    "COPPER_future": 5.619999885559082,
    "High_Yield_Bond_ETF": 80.36000061035156,
    "LIVE_CATTLE_future": 225.1750030517578,
    "GOLD_near_month_future": 3454.0,
    "NATURAL_GAS_future": 3.2860000133514404,
    "PLATINUM_future": 1493.5,
    "SILVER_future": 39.189998626708984,
    "Long_Term_Treasury_ETF": 86.0,
    "CORN_future": 420.75,
    "SOYBEANS_future": 1028.75,
    "WHEAT_future": 538.75,
    "SP500_close": 6305.60009765625,
    "NASDAQ_close": 20974.1796875,
    "US_10Y_Treasury_Yield": 4.372000217437744,
    "VIX_close": 16.649999618530273,
    "GOLD_basis_spot_vs_near": -56.5,
    "China_10Y_Treasury_Yield": 1.6774
  }
}