{
  "latest_date": "2025-07-23",
  "latest_values": {
    "Shanghai_Composite_Index": 3582.298095703125,
    "CSI_300_Index": 4119.7685546875,
    "Shenzhen_Component_Index": 11059.037109375,
    "ALUMINUM_future": 2610.5,
    "BTC_price": 117857.1171875,
    "OIL_price": 65.11000061035156,
    "USD_CNY_exchange_rate": 7.15939998626709,
    "Commodity_Index_ETF": 22.368200302124023,
    "US_Dollar_Index": 97.36799621582031,
    "ETH_price": 3577.116943359375,
    "GOLD_spot_price": 3395.10009765625,
    "LEAN_HOGS_future": 107.44999694824219,
    "COPPER_future": 5.821000099182129,
    "High_Yield_Bond_ETF": 80.53500366210938,
    "LIVE_CATTLE_future": 226.64999389648438,
    "GOLD_near_month_future": 3451.800048828125,
    "NATURAL_GAS_future": 3.0799999237060547,
    "PLATINUM_future": 1455.4000244140625,
    "SILVER_future": 39.435001373291016,
    "Long_Term_Treasury_ETF": 85.91999816894531,
    "CORN_future": 417.25,
    "SOYBEANS_future": 1028.25,
    "WHEAT_future": 541.5,
    "SP500_close": 6340.43994140625,
    "NASDAQ_close": 20938.62109375,
    "US_10Y_Treasury_Yield": 4.3919997215271,
    "VIX_close": 15.460000038146973,
    "GOLD_basis_spot_vs_near": -56.699951171875,
    "China_10Y_Treasury_Yield": 1.7041
  }
}