{
  "latest_date": "2025-08-08",
  "latest_values": {
    "Shanghai_Composite_Index": 3639.6669921875,
    "CSI_300_Index": 4114.669921875,
    "Shenzhen_Component_Index": 11157.9404296875,
    "ALUMINUM_future": 2544.25,
    "BTC_price": 116659.1953125,
    "OIL_price": 64.38999938964844,
    "USD_CNY_exchange_rate": 7.182799816131592,
    "Commodity_Index_ETF": 21.84000015258789,
    "US_Dollar_Index": 98.31300354003906,
    "ETH_price": 3898.84033203125,
    "GOLD_spot_price": 3473.39990234375,
    "LEAN_HOGS_future": 90.9000015258789,
    "COPPER_future": 4.428999900817871,
    "High_Yield_Bond_ETF": 80.20999908447266,
    "LIVE_CATTLE_future": 232.5749969482422,
    "GOLD_near_month_future": 3473.39990234375,
    "NATURAL_GAS_future": 3.0789999961853027,
    "PLATINUM_future": 1342.0,
    "SILVER_future": 38.48500061035156,
    "Long_Term_Treasury_ETF": 87.66999816894531,
    "CORN_future": 405.5,
    "SOYBEANS_future": 991.25,
    "WHEAT_future": 538.5,
    "SP500_close": 6340.0,
    "NASDAQ_close": 21242.69921875,
    "US_10Y_Treasury_Yield": 4.24399995803833,
    "VIX_close": 16.309999465942383,
    "GOLD_basis_spot_vs_near": 0.0,
    "China_10Y_Treasury_Yield": 1.6891
  }
}