{
  "latest_date": "2025-09-29",
  "latest_values": {
    "Shanghai_Composite_Index": 3862.53173828125,
    "CSI_300_Index": 4620.052734375,
    "Shenzhen_Component_Index": 13209.0,
    "ALUMINUM_future": 2612.75,
    "BTC_price": 113887.6953125,
    "OIL_price": 63.310001373291016,
    "USD_CNY_exchange_rate": 7.118899822235107,
    "Commodity_Index_ETF": 22.649999618530273,
    "US_Dollar_Index": 97.9219970703125,
    "ETH_price": 4162.30810546875,
    "GOLD_spot_price": 3859.39990234375,
    "LEAN_HOGS_future": 92.5250015258789,
    "COPPER_future": 4.885499954223633,
    "High_Yield_Bond_ETF": 81.19499969482422,
    "LIVE_CATTLE_future": 233.4250030517578,
    "GOLD_near_month_future": 3859.60009765625,
    "NATURAL_GAS_future": 3.243000030517578,
    "PLATINUM_future": 1607.5999755859375,
    "SILVER_future": 47.244998931884766,
    "Long_Term_Treasury_ETF": 89.61499786376953,
    "CORN_future": 420.5,
    "SOYBEANS_future": 1009.75,
    "WHEAT_future": 520.5,
    "SP500_close": 6661.919921875,
    "NASDAQ_close": 22615.087890625,
    "US_10Y_Treasury_Yield": 4.13700008392334,
    "VIX_close": 16.010000228881836,
    "GOLD_basis_spot_vs_near": -0.2001953125,
    "China_10Y_Treasury_Yield": 1.887
  }
}