{
  "latest_date": "2025-09-03",
  "latest_values": {
    "Shanghai_Composite_Index": 3813.556640625,
    "CSI_300_Index": 4459.82958984375,
    "Shenzhen_Component_Index": 12553.83984375,
    "ALUMINUM_future": 2524.5,
    "BTC_price": 112237.9375,
    "OIL_price": 64.5999984741211,
    "USD_CNY_exchange_rate": 7.13040018081665,
    "Commodity_Index_ETF": 22.489999771118164,
    "US_Dollar_Index": 98.04900360107422,
    "ETH_price": 4479.04296875,
    "GOLD_spot_price": 3629.39990234375,
    "LEAN_HOGS_future": 94.25,
    "COPPER_future": 4.618500232696533,
    "High_Yield_Bond_ETF": 80.54499816894531,
    "LIVE_CATTLE_future": 238.6999969482422,
    "GOLD_near_month_future": 3629.5,
    "NATURAL_GAS_future": 3.052000045776367,
    "PLATINUM_future": 1458.699951171875,
    "SILVER_future": 41.95500183105469,
    "Long_Term_Treasury_ETF": 86.62010192871094,
    "CORN_future": 416.5,
    "SOYBEANS_future": 1034.0,
    "WHEAT_future": 522.75,
    "SP500_close": 6433.509765625,
    "NASDAQ_close": 21460.939453125,
    "US_10Y_Treasury_Yield": 4.215000152587891,
    "VIX_close": 16.809999465942383,
    "GOLD_basis_spot_vs_near": -0.10009765625,
    "China_10Y_Treasury_Yield": 1.7984
  }
}