{
  "latest_date": "2025-07-16",
  "latest_values": {
    "Shanghai_Composite_Index": 3503.77685546875,
    "CSI_300_Index": 4007.201904296875,
    "Shenzhen_Component_Index": 10720.806640625,
    "ALUMINUM_future": 2472.25,
    "BTC_price": 119395.7734375,
    "OIL_price": 66.63999938964844,
    "USD_CNY_exchange_rate": 7.178500175476074,
    "Commodity_Index_ETF": 22.309999465942383,
    "US_Dollar_Index": 98.31400299072266,
    "ETH_price": 3381.326416015625,
    "GOLD_spot_price": 3354.199951171875,
    "LEAN_HOGS_future": 104.55000305175781,
    "COPPER_future": 5.518499851226807,
    "High_Yield_Bond_ETF": 80.05999755859375,
    "LIVE_CATTLE_future": 223.875,
    "GOLD_near_month_future": 3410.300048828125,
    "NATURAL_GAS_future": 3.555999994277954,
    "PLATINUM_future": 1437.300048828125,
    "SILVER_future": 38.125,
    "Long_Term_Treasury_ETF": 85.12999725341797,
    "CORN_future": 424.5,
    "SOYBEANS_future": 1019.75,
    "WHEAT_future": 542.25,
    "SP500_close": 6263.7001953125,
    "NASDAQ_close": 20730.490234375,
    "US_10Y_Treasury_Yield": 4.454999923706055,
    "VIX_close": 17.15999984741211,
    "GOLD_basis_spot_vs_near": -56.10009765625,
    "China_10Y_Treasury_Yield": 1.6617
  }
}