{
  "latest_date": "2025-08-29",
  "latest_values": {
    "Shanghai_Composite_Index": 3857.927490234375,
    "CSI_300_Index": 4496.75927734375,
    "Shenzhen_Component_Index": 12696.150390625,
    "ALUMINUM_future": 2535.25,
    "BTC_price": 108585.7890625,
    "OIL_price": 63.9900016784668,
    "USD_CNY_exchange_rate": 7.1529998779296875,
    "Commodity_Index_ETF": 22.19499969482422,
    "US_Dollar_Index": 97.74400329589844,
    "ETH_price": 4335.53759765625,
    "GOLD_spot_price": 3516.60009765625,
    "LEAN_HOGS_future": 94.82499694824219,
    "COPPER_future": 4.585000038146973,
    "High_Yield_Bond_ETF": 80.92500305175781,
    "LIVE_CATTLE_future": 238.875,
    "GOLD_near_month_future": 3516.699951171875,
    "NATURAL_GAS_future": 2.9769999980926514,
    "PLATINUM_future": 1368.800048828125,
    "SILVER_future": 40.81999969482422,
    "Long_Term_Treasury_ETF": 86.70999908447266,
    "CORN_future": 417.75,
    "SOYBEANS_future": 1048.5,
    "WHEAT_future": 532.75,
    "SP500_close": 6452.080078125,
    "NASDAQ_close": 21430.751953125,
    "US_10Y_Treasury_Yield": 4.224999904632568,
    "VIX_close": 15.4399995803833,
    "GOLD_basis_spot_vs_near": -0.099853515625,
    "China_10Y_Treasury_Yield": 1.8379
  }
}