{
  "latest_date": "2025-09-08",
  "latest_values": {
    "Shanghai_Composite_Index": 3826.8408203125,
    "CSI_300_Index": 4467.5732421875,
    "Shenzhen_Component_Index": 12590.5595703125,
    "ALUMINUM_future": 2550.75,
    "BTC_price": 112559.0078125,
    "OIL_price": 62.47999954223633,
    "USD_CNY_exchange_rate": 7.14139986038208,
    "Commodity_Index_ETF": 22.174100875854492,
    "US_Dollar_Index": 97.53099822998047,
    "ETH_price": 4368.5947265625,
    "GOLD_spot_price": 3680.199951171875,
    "LEAN_HOGS_future": 95.57499694824219,
    "COPPER_future": 4.568999767303467,
    "High_Yield_Bond_ETF": 80.91500091552734,
    "LIVE_CATTLE_future": 236.3249969482422,
    "GOLD_near_month_future": 3680.10009765625,
    "NATURAL_GAS_future": 3.0869998931884766,
    "PLATINUM_future": 1392.0,
    "SILVER_future": 42.07500076293945,
    "Long_Term_Treasury_ETF": 89.4800033569336,
    "CORN_future": 419.25,
    "SOYBEANS_future": 1028.25,
    "WHEAT_future": 522.5,
    "SP500_close": 6500.41015625,
    "NASDAQ_close": 21851.3359375,
    "US_10Y_Treasury_Yield": 4.046999931335449,
    "VIX_close": 15.210000038146973,
    "GOLD_basis_spot_vs_near": 0.099853515625,
    "China_10Y_Treasury_Yield": 1.8514
  }
}