{
  "latest_date": "2025-09-05",
  "latest_values": {
    "Shanghai_Composite_Index": 3765.8759765625,
    "CSI_300_Index": 4365.2099609375,
    "Shenzhen_Component_Index": 12118.7001953125,
    "ALUMINUM_future": 2527.5,
    "BTC_price": 112837.5625,
    "OIL_price": 62.08000183105469,
    "USD_CNY_exchange_rate": 7.14139986038208,
    "Commodity_Index_ETF": 22.072799682617188,
    "US_Dollar_Index": 97.48999786376953,
    "ETH_price": 4432.232421875,
    "GOLD_spot_price": 3648.300048828125,
    "LEAN_HOGS_future": 96.32499694824219,
    "COPPER_future": 4.577000141143799,
    "High_Yield_Bond_ETF": 81.06500244140625,
    "LIVE_CATTLE_future": 236.3000030517578,
    "GOLD_near_month_future": 3648.699951171875,
    "NATURAL_GAS_future": 3.0959999561309814,
    "PLATINUM_future": 1408.4000244140625,
    "SILVER_future": 41.9900016784668,
    "Long_Term_Treasury_ETF": 88.26000213623047,
    "CORN_future": 422.0,
    "SOYBEANS_future": 1034.5,
    "WHEAT_future": 521.5,
    "SP500_close": 6515.35009765625,
    "NASDAQ_close": 21822.498046875,
    "US_10Y_Treasury_Yield": 4.075999736785889,
    "VIX_close": 14.739999771118164,
    "GOLD_basis_spot_vs_near": -0.39990234375,
    "China_10Y_Treasury_Yield": 1.826
  }
}