{
  "latest_date": "2025-09-26",
  "latest_values": {
    "Shanghai_Composite_Index": 3853.302001953125,
    "CSI_300_Index": 4593.490234375,
    "Shenzhen_Component_Index": 13445.900390625,
    "ALUMINUM_future": 2590.25,
    "BTC_price": 109652.640625,
    "OIL_price": 65.19999694824219,
    "USD_CNY_exchange_rate": 7.131499767303467,
    "Commodity_Index_ETF": 22.799999237060547,
    "US_Dollar_Index": 98.36900329589844,
    "ETH_price": 3975.133056640625,
    "GOLD_spot_price": 3775.699951171875,
    "LEAN_HOGS_future": 100.125,
    "COPPER_future": 4.789999961853027,
    "High_Yield_Bond_ETF": 80.91999816894531,
    "LIVE_CATTLE_future": 236.0500030517578,
    "GOLD_near_month_future": 3776.0,
    "NATURAL_GAS_future": 3.2200000286102295,
    "PLATINUM_future": 1554.0,
    "SILVER_future": 45.099998474121094,
    "Long_Term_Treasury_ETF": 88.9800033569336,
    "CORN_future": 425.25,
    "SOYBEANS_future": 1011.0,
    "WHEAT_future": 525.75,
    "SP500_close": 6604.72021484375,
    "NASDAQ_close": 22384.69921875,
    "US_10Y_Treasury_Yield": 4.171999931335449,
    "VIX_close": 16.739999771118164,
    "GOLD_basis_spot_vs_near": -0.300048828125,
    "China_10Y_Treasury_Yield": 1.884
  }
}