{
  "latest_date": "2025-08-27",
  "latest_values": {
    "Shanghai_Composite_Index": 3868.382080078125,
    "CSI_300_Index": 4452.58984375,
    "Shenzhen_Component_Index": 12473.169921875,
    "ALUMINUM_future": 2588.5,
    "BTC_price": 111567.6953125,
    "OIL_price": 63.2400016784668,
    "USD_CNY_exchange_rate": 7.151000022888184,
    "Commodity_Index_ETF": 22.020000457763672,
    "US_Dollar_Index": 98.46900177001953,
    "ETH_price": 4620.43798828125,
    "GOLD_spot_price": 3425.10009765625,
    "LEAN_HOGS_future": 93.4000015258789,
    "COPPER_future": 4.44950008392334,
    "High_Yield_Bond_ETF": 80.87000274658203,
    "LIVE_CATTLE_future": 238.125,
    "GOLD_near_month_future": 3425.199951171875,
    "NATURAL_GAS_future": 2.7230000495910645,
    "PLATINUM_future": 1350.0999755859375,
    "SILVER_future": 38.505001068115234,
    "Long_Term_Treasury_ETF": 86.75,
    "CORN_future": 408.75,
    "SOYBEANS_future": 1050.75,
    "WHEAT_future": 530.75,
    "SP500_close": 6465.93994140625,
    "NASDAQ_close": 21544.26953125,
    "US_10Y_Treasury_Yield": 4.257999897003174,
    "VIX_close": 14.619999885559082,
    "GOLD_basis_spot_vs_near": -0.099853515625,
    "China_10Y_Treasury_Yield": 1.7598
  }
}