{
  "latest_date": "2025-07-28",
  "latest_values": {
    "Shanghai_Composite_Index": 3593.655029296875,
    "CSI_300_Index": 4127.16015625,
    "Shenzhen_Component_Index": 11168.1396484375,
    "ALUMINUM_future": 2546.5,
    "BTC_price": 118849.4453125,
    "OIL_price": 65.87000274658203,
    "USD_CNY_exchange_rate": 7.153500080108643,
    "Commodity_Index_ETF": 22.170000076293945,
    "US_Dollar_Index": 98.2239990234375,
    "ETH_price": 3890.243408203125,
    "GOLD_spot_price": 3336.300048828125,
    "LEAN_HOGS_future": 108.57499694824219,
    "COPPER_future": 5.7795000076293945,
    "High_Yield_Bond_ETF": 80.48999786376953,
    "LIVE_CATTLE_future": 226.5500030517578,
    "GOLD_near_month_future": 3394.10009765625,
    "NATURAL_GAS_future": 3.065999984741211,
    "PLATINUM_future": 1445.9000244140625,
    "SILVER_future": 38.2599983215332,
    "Long_Term_Treasury_ETF": 86.43000030517578,
    "CORN_future": 416.5,
    "SOYBEANS_future": 1015.0,
    "WHEAT_future": 536.75,
    "SP500_close": 6388.64013671875,
    "NASDAQ_close": 21108.3203125,
    "US_10Y_Treasury_Yield": 4.386000156402588,
    "VIX_close": 15.270000457763672,
    "GOLD_basis_spot_vs_near": -57.800048828125,
    "China_10Y_Treasury_Yield": 1.7146
  }
}