{
  "latest_date": "2025-08-13",
  "latest_values": {
    "Shanghai_Composite_Index": 3683.46484375,
    "CSI_300_Index": 4176.57763671875,
    "Shenzhen_Component_Index": 11551.365234375,
    "ALUMINUM_future": 2548.0,
    "BTC_price": 123143.828125,
    "OIL_price": 62.790000915527344,
    "USD_CNY_exchange_rate": 7.178500175476074,
    "Commodity_Index_ETF": 21.75,
    "US_Dollar_Index": 97.78600311279297,
    "ETH_price": 4750.43359375,
    "GOLD_spot_price": 3407.5,
    "LEAN_HOGS_future": 90.7249984741211,
    "COPPER_future": 4.501500129699707,
    "High_Yield_Bond_ETF": 80.61000061035156,
    "LIVE_CATTLE_future": 229.47500610351562,
    "GOLD_near_month_future": 3407.5,
    "NATURAL_GAS_future": 2.816999912261963,
    "PLATINUM_future": 1348.300048828125,
    "SILVER_future": 38.57500076293945,
    "Long_Term_Treasury_ETF": 87.66999816894531,
    "CORN_future": 396.75,
    "SOYBEANS_future": 1042.0,
    "WHEAT_future": 528.0,
    "SP500_close": 6466.580078125,
    "NASDAQ_close": 21713.140625,
    "US_10Y_Treasury_Yield": 4.23799991607666,
    "VIX_close": 14.489999771118164,
    "GOLD_basis_spot_vs_near": 0.0,
    "China_10Y_Treasury_Yield": 1.7262
  }
}