{
  "latest_date": "2025-08-20",
  "latest_values": {
    "Shanghai_Composite_Index": 3766.21044921875,
    "CSI_300_Index": 4271.39599609375,
    "Shenzhen_Component_Index": 11926.7412109375,
    "ALUMINUM_future": 2479.0,
    "BTC_price": 114371.6640625,
    "OIL_price": 62.84000015258789,
    "USD_CNY_exchange_rate": 7.1757001876831055,
    "Commodity_Index_ETF": 21.860000610351562,
    "US_Dollar_Index": 98.24299621582031,
    "ETH_price": 4352.00830078125,
    "GOLD_spot_price": 3392.199951171875,
    "LEAN_HOGS_future": 90.0,
    "COPPER_future": 4.433000087738037,
    "High_Yield_Bond_ETF": 80.3499984741211,
    "LIVE_CATTLE_future": 235.1750030517578,
    "GOLD_near_month_future": 3392.10009765625,
    "NATURAL_GAS_future": 2.763000011444092,
    "PLATINUM_future": 1344.0,
    "SILVER_future": 37.89500045776367,
    "Long_Term_Treasury_ETF": 86.83999633789062,
    "CORN_future": 404.25,
    "SOYBEANS_future": 1035.5,
    "WHEAT_future": 528.75,
    "SP500_close": 6395.77978515625,
    "NASDAQ_close": 21172.857421875,
    "US_10Y_Treasury_Yield": 4.296000003814697,
    "VIX_close": 15.6899995803833,
    "GOLD_basis_spot_vs_near": 0.099853515625,
    "China_10Y_Treasury_Yield": 1.782
  }
}