{
  "latest_date": "2025-07-08",
  "latest_values": {
    "Shanghai_Composite_Index": 3473.126953125,
    "CSI_300_Index": 3965.179931640625,
    "Shenzhen_Component_Index": 10435.509765625,
    "ALUMINUM_future": 2522.75,
    "BTC_price": 108802.1875,
    "OIL_price": 67.87000274658203,
    "USD_CNY_exchange_rate": 7.175099849700928,
    "Commodity_Index_ETF": 22.260000228881836,
    "US_Dollar_Index": 97.52999877929688,
    "ETH_price": 2578.515380859375,
    "GOLD_spot_price": 3334.0,
    "LEAN_HOGS_future": 107.2750015258789,
    "COPPER_future": 5.06850004196167,
    "High_Yield_Bond_ETF": 80.0999984741211,
    "LIVE_CATTLE_future": 215.9250030517578,
    "GOLD_near_month_future": 3334.0,
    "NATURAL_GAS_future": 3.427999973297119,
    "PLATINUM_future": 1387.199951171875,
    "SILVER_future": 36.8849983215332,
    "Long_Term_Treasury_ETF": 86.13999938964844,
    "CORN_future": 417.75,
    "SOYBEANS_future": 1016.75,
    "WHEAT_future": 545.25,
    "SP500_close": 6229.97998046875,
    "NASDAQ_close": 20412.51953125,
    "US_10Y_Treasury_Yield": 4.394999980926514,
    "VIX_close": 17.0,
    "GOLD_basis_spot_vs_near": 0.0,
    "China_10Y_Treasury_Yield": 1.6444
  }
}