{
  "latest_date": "2025-09-04",
  "latest_values": {
    "Shanghai_Composite_Index": 3765.8759765625,
    "CSI_300_Index": 4365.20849609375,
    "Shenzhen_Component_Index": 12472.0,
    "ALUMINUM_future": 2516.25,
    "BTC_price": 109772.21875,
    "OIL_price": 63.52000045776367,
    "USD_CNY_exchange_rate": 7.138999938964844,
    "Commodity_Index_ETF": 22.214599609375,
    "US_Dollar_Index": 98.41500091552734,
    "ETH_price": 4340.21337890625,
    "GOLD_spot_price": 3603.5,
    "LEAN_HOGS_future": 95.32499694824219,
    "COPPER_future": 4.574999809265137,
    "High_Yield_Bond_ETF": 80.63500213623047,
    "LIVE_CATTLE_future": 237.5749969482422,
    "GOLD_near_month_future": 3603.699951171875,
    "NATURAL_GAS_future": 3.0360000133514404,
    "PLATINUM_future": 1375.5,
    "SILVER_future": 41.34000015258789,
    "Long_Term_Treasury_ETF": 86.63610076904297,
    "CORN_future": 414.75,
    "SOYBEANS_future": 1024.5,
    "WHEAT_future": 515.5,
    "SP500_close": 6469.259765625,
    "NASDAQ_close": 21558.875,
    "US_10Y_Treasury_Yield": 4.196000099182129,
    "VIX_close": 15.8100004196167,
    "GOLD_basis_spot_vs_near": -0.199951171875,
    "China_10Y_Treasury_Yield": 1.806
  }
}