{
  "latest_date": "2025-07-08",
  "latest_values": {
    "Shanghai_Composite_Index": 3497.475341796875,
    "CSI_300_Index": 3998.45263671875,
    "Shenzhen_Component_Index": 10588.39453125,
    "ALUMINUM_future": 2525.75,
    "BTC_price": 108537.171875,
    "OIL_price": 68.5999984741211,
    "USD_CNY_exchange_rate": 7.164899826049805,
    "Commodity_Index_ETF": 22.40999984741211,
    "US_Dollar_Index": 97.69499969482422,
    "ETH_price": 2578.49072265625,
    "GOLD_spot_price": 3305.39990234375,
    "LEAN_HOGS_future": 106.625,
    "COPPER_future": 5.016499996185303,
    "High_Yield_Bond_ETF": 79.98500061035156,
    "LIVE_CATTLE_future": 219.4250030517578,
    "GOLD_near_month_future": 3360.39990234375,
    "NATURAL_GAS_future": 3.3450000286102295,
    "PLATINUM_future": 1369.5999755859375,
    "SILVER_future": 36.56999969482422,
    "Long_Term_Treasury_ETF": 85.5999984741211,
    "CORN_future": 416.0,
    "SOYBEANS_future": 1018.0,
    "WHEAT_future": 547.0,
    "SP500_close": 6225.5400390625,
    "NASDAQ_close": 20432.033203125,
    "US_10Y_Treasury_Yield": 4.421000003814697,
    "VIX_close": 16.68000030517578,
    "GOLD_basis_spot_vs_near": -55.0,
    "China_10Y_Treasury_Yield": 1.6444
  }
}