{
  "latest_date": "2025-08-25",
  "latest_values": {
    "Shanghai_Composite_Index": 3825.759033203125,
    "CSI_300_Index": 4378.0,
    "Shenzhen_Component_Index": 12166.0595703125,
    "ALUMINUM_future": 2540.75,
    "BTC_price": 112345.5703125,
    "OIL_price": 63.810001373291016,
    "USD_CNY_exchange_rate": 7.179900169372559,
    "Commodity_Index_ETF": 22.079999923706055,
    "US_Dollar_Index": 97.89800262451172,
    "ETH_price": 4692.22412109375,
    "GOLD_spot_price": 3408.10009765625,
    "LEAN_HOGS_future": 91.2750015258789,
    "COPPER_future": 4.475500106811523,
    "High_Yield_Bond_ETF": 80.8499984741211,
    "LIVE_CATTLE_future": 237.8249969482422,
    "GOLD_near_month_future": 3408.300048828125,
    "NATURAL_GAS_future": 2.632999897003174,
    "PLATINUM_future": 1361.800048828125,
    "SILVER_future": 38.85499954223633,
    "Long_Term_Treasury_ETF": 87.05000305175781,
    "CORN_future": 415.5,
    "SOYBEANS_future": 1057.5,
    "WHEAT_future": 530.25,
    "SP500_close": 6466.91015625,
    "NASDAQ_close": 21496.5390625,
    "US_10Y_Treasury_Yield": 4.260000228881836,
    "VIX_close": 14.220000267028809,
    "GOLD_basis_spot_vs_near": -0.199951171875,
    "China_10Y_Treasury_Yield": 1.7818
  }
}