{
  "latest_date": "2025-07-21",
  "latest_values": {
    "Shanghai_Composite_Index": 3534.48291015625,
    "CSI_300_Index": 4058.550048828125,
    "Shenzhen_Component_Index": 10913.83984375,
    "ALUMINUM_future": 2601.25,
    "BTC_price": 118091.359375,
    "OIL_price": 67.13999938964844,
    "USD_CNY_exchange_rate": 7.17549991607666,
    "Commodity_Index_ETF": 22.530000686645508,
    "US_Dollar_Index": 98.08499908447266,
    "ETH_price": 3781.529052734375,
    "GOLD_spot_price": 3397.0,
    "LEAN_HOGS_future": 106.5,
    "COPPER_future": 5.625,
    "High_Yield_Bond_ETF": 80.25,
    "LIVE_CATTLE_future": 223.3000030517578,
    "GOLD_near_month_future": 3453.699951171875,
    "NATURAL_GAS_future": 3.4089999198913574,
    "PLATINUM_future": 1486.800048828125,
    "SILVER_future": 38.845001220703125,
    "Long_Term_Treasury_ETF": 85.23999786376953,
    "CORN_future": 425.0,
    "SOYBEANS_future": 1028.75,
    "WHEAT_future": 548.75,
    "SP500_close": 6296.7900390625,
    "NASDAQ_close": 20895.650390625,
    "US_10Y_Treasury_Yield": 4.368000030517578,
    "VIX_close": 16.969999313354492,
    "GOLD_basis_spot_vs_near": -56.699951171875,
    "China_10Y_Treasury_Yield": 1.6774
  }
}