{
  "latest_date": "2025-08-04",
  "latest_values": {
    "Shanghai_Composite_Index": 3559.951904296875,
    "CSI_300_Index": 4054.929931640625,
    "Shenzhen_Component_Index": 10991.3203125,
    "ALUMINUM_future": 2488.75,
    "BTC_price": 114173.5234375,
    "OIL_price": 66.94000244140625,
    "USD_CNY_exchange_rate": 7.211100101470947,
    "Commodity_Index_ETF": 22.09000015258789,
    "US_Dollar_Index": 98.7030029296875,
    "ETH_price": 3498.03955078125,
    "GOLD_spot_price": 3412.5,
    "LEAN_HOGS_future": 107.42500305175781,
    "COPPER_future": 4.445499897003174,
    "High_Yield_Bond_ETF": 79.9800033569336,
    "LIVE_CATTLE_future": 223.52499389648438,
    "GOLD_near_month_future": 3412.5,
    "NATURAL_GAS_future": 3.0480000972747803,
    "PLATINUM_future": 1327.199951171875,
    "SILVER_future": 37.03499984741211,
    "Long_Term_Treasury_ETF": 87.81999969482422,
    "CORN_future": 410.75,
    "SOYBEANS_future": 991.0,
    "WHEAT_future": 516.75,
    "SP500_close": 6238.009765625,
    "NASDAQ_close": 20650.130859375,
    "US_10Y_Treasury_Yield": 4.21999979019165,
    "VIX_close": 20.3799991607666,
    "GOLD_basis_spot_vs_near": 0.0,
    "China_10Y_Treasury_Yield": 1.7059
  }
}