{
  "latest_date": "2025-10-02",
  "latest_values": {
    "Shanghai_Composite_Index": 3882.777099609375,
    "CSI_300_Index": 4640.68994140625,
    "Shenzhen_Component_Index": 13526.509765625,
    "ALUMINUM_future": 2625.25,
    "BTC_price": 118605.3828125,
    "OIL_price": 61.97999954223633,
    "USD_CNY_exchange_rate": 7.118500232696533,
    "Commodity_Index_ETF": 22.489999771118164,
    "US_Dollar_Index": 97.7509994506836,
    "ETH_price": 4347.23193359375,
    "GOLD_spot_price": 3883.699951171875,
    "LEAN_HOGS_future": 88.92500305175781,
    "COPPER_future": 4.872000217437744,
    "High_Yield_Bond_ETF": 80.95999908447266,
    "LIVE_CATTLE_future": 234.60000610351562,
    "GOLD_near_month_future": 3883.699951171875,
    "NATURAL_GAS_future": 3.437999963760376,
    "PLATINUM_future": 1585.800048828125,
    "SILVER_future": 47.185001373291016,
    "Long_Term_Treasury_ETF": 89.29000091552734,
    "CORN_future": 417.25,
    "SOYBEANS_future": 1009.75,
    "WHEAT_future": 509.25,
    "SP500_close": 6711.2001953125,
    "NASDAQ_close": 22755.15625,
    "US_10Y_Treasury_Yield": 4.105999946594238,
    "VIX_close": 16.290000915527344,
    "GOLD_basis_spot_vs_near": 0.0,
    "China_10Y_Treasury_Yield": 1.8605
  }
}