{
  "latest_date": "2025-07-21",
  "latest_values": {
    "Shanghai_Composite_Index": 3559.791259765625,
    "CSI_300_Index": 4085.607177734375,
    "Shenzhen_Component_Index": 10913.83984375,
    "ALUMINUM_future": 2587.75,
    "BTC_price": 118413.984375,
    "OIL_price": 66.80000305175781,
    "USD_CNY_exchange_rate": 7.17549991607666,
    "Commodity_Index_ETF": 22.489999771118164,
    "US_Dollar_Index": 97.79100036621094,
    "ETH_price": 3818.093017578125,
    "GOLD_spot_price": 3412.39990234375,
    "LEAN_HOGS_future": 106.57499694824219,
    "COPPER_future": 5.625,
    "High_Yield_Bond_ETF": 80.41999816894531,
    "LIVE_CATTLE_future": 224.47500610351562,
    "GOLD_near_month_future": 3468.300048828125,
    "NATURAL_GAS_future": 3.3239998817443848,
    "PLATINUM_future": 1483.800048828125,
    "SILVER_future": 39.2599983215332,
    "Long_Term_Treasury_ETF": 86.44000244140625,
    "CORN_future": 420.25,
    "SOYBEANS_future": 1020.75,
    "WHEAT_future": 542.25,
    "SP500_close": 6331.43994140625,
    "NASDAQ_close": 21026.109375,
    "US_10Y_Treasury_Yield": 4.354000091552734,
    "VIX_close": 16.399999618530273,
    "GOLD_basis_spot_vs_near": -55.900146484375,
    "China_10Y_Treasury_Yield": 1.6774
  }
}