{
  "latest_date": "2025-08-13",
  "latest_values": {
    "Shanghai_Composite_Index": 3665.91796875,
    "CSI_300_Index": 4143.830078125,
    "Shenzhen_Component_Index": 11351.6298828125,
    "ALUMINUM_future": 2561.25,
    "BTC_price": 121917.7421875,
    "OIL_price": 62.939998626708984,
    "USD_CNY_exchange_rate": 7.187699794769287,
    "Commodity_Index_ETF": 21.80419921875,
    "US_Dollar_Index": 97.78800201416016,
    "ETH_price": 4677.1484375,
    "GOLD_spot_price": 3415.39990234375,
    "LEAN_HOGS_future": 91.57499694824219,
    "COPPER_future": 4.525000095367432,
    "High_Yield_Bond_ETF": 80.54499816894531,
    "LIVE_CATTLE_future": 230.625,
    "GOLD_near_month_future": 3415.5,
    "NATURAL_GAS_future": 2.8340001106262207,
    "PLATINUM_future": 1348.300048828125,
    "SILVER_future": 38.53499984741211,
    "Long_Term_Treasury_ETF": 87.59500122070312,
    "CORN_future": 397.0,
    "SOYBEANS_future": 1042.25,
    "WHEAT_future": 526.0,
    "SP500_close": 6472.91015625,
    "NASDAQ_close": 21759.02734375,
    "US_10Y_Treasury_Yield": 4.245999813079834,
    "VIX_close": 14.460000038146973,
    "GOLD_basis_spot_vs_near": -0.10009765625,
    "China_10Y_Treasury_Yield": 1.7262
  }
}