{
  "latest_date": "2025-08-20",
  "latest_values": {
    "Shanghai_Composite_Index": 3727.2880859375,
    "CSI_300_Index": 4223.3701171875,
    "Shenzhen_Component_Index": 11821.6298828125,
    "ALUMINUM_future": 2470.0,
    "BTC_price": 113307.15625,
    "OIL_price": 62.45000076293945,
    "USD_CNY_exchange_rate": 7.184599876403809,
    "Commodity_Index_ETF": 21.6200008392334,
    "US_Dollar_Index": 98.40899658203125,
    "ETH_price": 4131.6787109375,
    "GOLD_spot_price": 3357.5,
    "LEAN_HOGS_future": 90.0999984741211,
    "COPPER_future": 4.427000045776367,
    "High_Yield_Bond_ETF": 80.37999725341797,
    "LIVE_CATTLE_future": 231.3000030517578,
    "GOLD_near_month_future": 3357.5,
    "NATURAL_GAS_future": 2.757999897003174,
    "PLATINUM_future": 1309.5999755859375,
    "SILVER_future": 37.20500183105469,
    "Long_Term_Treasury_ETF": 86.6500015258789,
    "CORN_future": 404.5,
    "SOYBEANS_future": 1034.5,
    "WHEAT_future": 520.75,
    "SP500_close": 6411.3701171875,
    "NASDAQ_close": 21314.94921875,
    "US_10Y_Treasury_Yield": 4.302000045776367,
    "VIX_close": 15.569999694824219,
    "GOLD_basis_spot_vs_near": 0.0,
    "China_10Y_Treasury_Yield": 1.7725
  }
}