{
  "latest_date": "2025-07-25",
  "latest_values": {
    "Shanghai_Composite_Index": 3605.72705078125,
    "CSI_300_Index": 4149.0400390625,
    "Shenzhen_Component_Index": 11193.0595703125,
    "ALUMINUM_future": 2615.0,
    "BTC_price": 115839.3984375,
    "OIL_price": 65.86000061035156,
    "USD_CNY_exchange_rate": 7.1595001220703125,
    "Commodity_Index_ETF": 22.290199279785156,
    "US_Dollar_Index": 97.81099700927734,
    "ETH_price": 3693.196533203125,
    "GOLD_spot_price": 3345.39990234375,
    "LEAN_HOGS_future": 108.0250015258789,
    "COPPER_future": 5.78249979019165,
    "High_Yield_Bond_ETF": 80.42500305175781,
    "LIVE_CATTLE_future": 225.8249969482422,
    "GOLD_near_month_future": 3403.10009765625,
    "NATURAL_GAS_future": 3.134000062942505,
    "PLATINUM_future": 1419.9000244140625,
    "SILVER_future": 39.03499984741211,
    "Long_Term_Treasury_ETF": 85.90499877929688,
    "CORN_future": 419.75,
    "SOYBEANS_future": 1019.25,
    "WHEAT_future": 538.0,
    "SP500_close": 6371.77978515625,
    "NASDAQ_close": 21091.126953125,
    "US_10Y_Treasury_Yield": 4.414000034332275,
    "VIX_close": 15.25,
    "GOLD_basis_spot_vs_near": -57.7001953125,
    "China_10Y_Treasury_Yield": 1.7324
  }
}