{
  "latest_date": "2025-07-17",
  "latest_values": {
    "Shanghai_Composite_Index": 3516.825439453125,
    "CSI_300_Index": 4034.490966796875,
    "Shenzhen_Component_Index": 10873.619140625,
    "ALUMINUM_future": 2491.5,
    "BTC_price": 119812.3984375,
    "OIL_price": 67.56999969482422,
    "USD_CNY_exchange_rate": 7.178500175476074,
    "Commodity_Index_ETF": 22.489999771118164,
    "US_Dollar_Index": 98.61599731445312,
    "ETH_price": 3475.597412109375,
    "GOLD_spot_price": 3349.199951171875,
    "LEAN_HOGS_future": 105.94999694824219,
    "COPPER_future": 5.503499984741211,
    "High_Yield_Bond_ETF": 80.13999938964844,
    "LIVE_CATTLE_future": 223.64999389648438,
    "GOLD_near_month_future": 3404.60009765625,
    "NATURAL_GAS_future": 3.5269999504089355,
    "PLATINUM_future": 1487.5,
    "SILVER_future": 38.43000030517578,
    "Long_Term_Treasury_ETF": 85.11000061035156,
    "CORN_future": 420.75,
    "SOYBEANS_future": 1027.25,
    "WHEAT_future": 534.0,
    "SP500_close": 6297.35986328125,
    "NASDAQ_close": 20885.6484375,
    "US_10Y_Treasury_Yield": 4.463000297546387,
    "VIX_close": 16.520000457763672,
    "GOLD_basis_spot_vs_near": -55.400146484375,
    "China_10Y_Treasury_Yield": 1.663
  }
}