{
  "latest_date": "2025-08-22",
  "latest_values": {
    "Shanghai_Composite_Index": 3825.75927734375,
    "CSI_300_Index": 4377.99755859375,
    "Shenzhen_Component_Index": 12166.060546875,
    "ALUMINUM_future": 2513.5,
    "BTC_price": 116978.6015625,
    "OIL_price": 63.77000045776367,
    "USD_CNY_exchange_rate": 7.164599895477295,
    "Commodity_Index_ETF": 22.079999923706055,
    "US_Dollar_Index": 97.73200225830078,
    "ETH_price": 4846.27294921875,
    "GOLD_spot_price": 3417.199951171875,
    "LEAN_HOGS_future": 91.2750015258789,
    "COPPER_future": 4.460999965667725,
    "High_Yield_Bond_ETF": 80.8499984741211,
    "LIVE_CATTLE_future": 237.8249969482422,
    "GOLD_near_month_future": 3417.0,
    "NATURAL_GAS_future": 2.691999912261963,
    "PLATINUM_future": 1363.9000244140625,
    "SILVER_future": 38.880001068115234,
    "Long_Term_Treasury_ETF": 87.05000305175781,
    "CORN_future": 411.75,
    "SOYBEANS_future": 1058.25,
    "WHEAT_future": 527.5,
    "SP500_close": 6466.91015625,
    "NASDAQ_close": 21496.53515625,
    "US_10Y_Treasury_Yield": 4.259999752044678,
    "VIX_close": 14.220000267028809,
    "GOLD_basis_spot_vs_near": 0.199951171875,
    "China_10Y_Treasury_Yield": 1.7818
  }
}