{
  "latest_date": "2025-09-05",
  "latest_values": {
    "Shanghai_Composite_Index": 3812.514404296875,
    "CSI_300_Index": 4460.32470703125,
    "Shenzhen_Component_Index": 12590.5615234375,
    "ALUMINUM_future": 2527.5,
    "BTC_price": 110723.6640625,
    "OIL_price": 61.7400016784668,
    "USD_CNY_exchange_rate": 7.14139986038208,
    "Commodity_Index_ETF": 22.014999389648438,
    "US_Dollar_Index": 97.59100341796875,
    "ETH_price": 4296.677734375,
    "GOLD_spot_price": 3651.5,
    "LEAN_HOGS_future": 96.07499694824219,
    "COPPER_future": 4.548999786376953,
    "High_Yield_Bond_ETF": 80.88999938964844,
    "LIVE_CATTLE_future": 235.6999969482422,
    "GOLD_near_month_future": 3651.5,
    "NATURAL_GAS_future": 3.065999984741211,
    "PLATINUM_future": 1385.699951171875,
    "SILVER_future": 41.540000915527344,
    "Long_Term_Treasury_ETF": 88.47010040283203,
    "CORN_future": 421.75,
    "SOYBEANS_future": 1030.25,
    "WHEAT_future": 521.75,
    "SP500_close": 6465.5,
    "NASDAQ_close": 21634.9609375,
    "US_10Y_Treasury_Yield": 4.070000171661377,
    "VIX_close": 15.960000038146973,
    "GOLD_basis_spot_vs_near": 0.0,
    "China_10Y_Treasury_Yield": 1.826
  }
}