{
  "latest_date": "2025-09-22",
  "latest_values": {
    "Shanghai_Composite_Index": 3820.089111328125,
    "CSI_300_Index": 4501.919921875,
    "Shenzhen_Component_Index": 13070.8603515625,
    "ALUMINUM_future": 2571.0,
    "BTC_price": 113333.6171875,
    "OIL_price": 61.970001220703125,
    "USD_CNY_exchange_rate": 7.1128997802734375,
    "Commodity_Index_ETF": 22.16469955444336,
    "US_Dollar_Index": 97.50700378417969,
    "ETH_price": 4209.8671875,
    "GOLD_spot_price": 3755.199951171875,
    "LEAN_HOGS_future": 98.4000015258789,
    "COPPER_future": 4.61299991607666,
    "High_Yield_Bond_ETF": 81.23500061035156,
    "LIVE_CATTLE_future": 236.375,
    "GOLD_near_month_future": 3754.800048828125,
    "NATURAL_GAS_future": 2.9049999713897705,
    "PLATINUM_future": 1407.4000244140625,
    "SILVER_future": 43.85499954223633,
    "Long_Term_Treasury_ETF": 88.69499969482422,
    "CORN_future": 418.75,
    "SOYBEANS_future": 1007.5,
    "WHEAT_future": 511.0,
    "SP500_close": 6663.7900390625,
    "NASDAQ_close": 22661.2890625,
    "US_10Y_Treasury_Yield": 4.133000373840332,
    "VIX_close": 15.90999984741211,
    "GOLD_basis_spot_vs_near": 0.39990234375,
    "China_10Y_Treasury_Yield": 1.8647
  }
}