{
  "latest_date": "2025-07-22",
  "latest_values": {
    "Shanghai_Composite_Index": 3581.861083984375,
    "CSI_300_Index": 4118.9580078125,
    "Shenzhen_Component_Index": 11099.8310546875,
    "ALUMINUM_future": 2654.0,
    "BTC_price": 120007.9375,
    "OIL_price": 66.36000061035156,
    "USD_CNY_exchange_rate": 7.17549991607666,
    "Commodity_Index_ETF": 22.440000534057617,
    "US_Dollar_Index": 97.39900207519531,
    "ETH_price": 3726.10986328125,
    "GOLD_spot_price": 3441.800048828125,
    "LEAN_HOGS_future": 107.625,
    "COPPER_future": 5.750999927520752,
    "High_Yield_Bond_ETF": 80.5,
    "LIVE_CATTLE_future": 224.89999389648438,
    "GOLD_near_month_future": 3500.0,
    "NATURAL_GAS_future": 3.247999906539917,
    "PLATINUM_future": 1479.199951171875,
    "SILVER_future": 39.654998779296875,
    "Long_Term_Treasury_ETF": 86.5199966430664,
    "CORN_future": 417.5,
    "SOYBEANS_future": 1026.0,
    "WHEAT_future": 549.5,
    "SP500_close": 6309.6201171875,
    "NASDAQ_close": 20892.685546875,
    "US_10Y_Treasury_Yield": 4.335999965667725,
    "VIX_close": 16.5,
    "GOLD_basis_spot_vs_near": -58.199951171875,
    "China_10Y_Treasury_Yield": 1.6907
  }
}