{
  "latest_date": "2025-07-14",
  "latest_values": {
    "Shanghai_Composite_Index": 3510.177001953125,
    "CSI_300_Index": 4014.81005859375,
    "Shenzhen_Component_Index": 10696.099609375,
    "ALUMINUM_future": 2480.0,
    "BTC_price": 121611.296875,
    "OIL_price": 69.48999786376953,
    "USD_CNY_exchange_rate": 7.166500091552734,
    "Commodity_Index_ETF": 22.510000228881836,
    "US_Dollar_Index": 97.88500213623047,
    "ETH_price": 3053.636962890625,
    "GOLD_spot_price": 3376.199951171875,
    "LEAN_HOGS_future": 104.67500305175781,
    "COPPER_future": 5.52400016784668,
    "High_Yield_Bond_ETF": 80.02999877929688,
    "LIVE_CATTLE_future": 222.1999969482422,
    "GOLD_near_month_future": 3434.199951171875,
    "NATURAL_GAS_future": 3.4549999237060547,
    "PLATINUM_future": 1455.300048828125,
    "SILVER_future": 39.28499984741211,
    "Long_Term_Treasury_ETF": 85.79000091552734,
    "CORN_future": 416.75,
    "SOYBEANS_future": 1012.25,
    "WHEAT_future": 551.0,
    "SP500_close": 6259.75,
    "NASDAQ_close": 20585.529296875,
    "US_10Y_Treasury_Yield": 4.422999858856201,
    "VIX_close": 17.43000030517578,
    "GOLD_basis_spot_vs_near": -58.0,
    "China_10Y_Treasury_Yield": 1.6726
  }
}