{
  "latest_date": "2025-08-21",
  "latest_values": {
    "Shanghai_Composite_Index": 3771.098876953125,
    "CSI_300_Index": 4288.07080078125,
    "Shenzhen_Component_Index": 11919.7626953125,
    "ALUMINUM_future": 2504.75,
    "BTC_price": 112225.921875,
    "OIL_price": 63.5099983215332,
    "USD_CNY_exchange_rate": 7.1819000244140625,
    "Commodity_Index_ETF": 22.010000228881836,
    "US_Dollar_Index": 98.56300354003906,
    "ETH_price": 4239.62451171875,
    "GOLD_spot_price": 3382.199951171875,
    "LEAN_HOGS_future": 89.9000015258789,
    "COPPER_future": 4.446000099182129,
    "High_Yield_Bond_ETF": 80.24500274658203,
    "LIVE_CATTLE_future": 234.77499389648438,
    "GOLD_near_month_future": 3382.10009765625,
    "NATURAL_GAS_future": 2.8359999656677246,
    "PLATINUM_future": 1358.199951171875,
    "SILVER_future": 38.084999084472656,
    "Long_Term_Treasury_ETF": 86.44999694824219,
    "CORN_future": 411.0,
    "SOYBEANS_future": 1055.75,
    "WHEAT_future": 527.5,
    "SP500_close": 6373.33984375,
    "NASDAQ_close": 21093.107421875,
    "US_10Y_Treasury_Yield": 4.328000068664551,
    "VIX_close": 16.65999984741211,
    "GOLD_basis_spot_vs_near": 0.099853515625,
    "China_10Y_Treasury_Yield": 1.7667
  }
}