{
  "latest_date": "2025-08-28",
  "latest_values": {
    "Shanghai_Composite_Index": 3843.597412109375,
    "CSI_300_Index": 4463.7822265625,
    "Shenzhen_Component_Index": 12571.37109375,
    "ALUMINUM_future": 2530.5,
    "BTC_price": 112360.3125,
    "OIL_price": 63.619998931884766,
    "USD_CNY_exchange_rate": 7.1519999504089355,
    "Commodity_Index_ETF": 22.06999969482422,
    "US_Dollar_Index": 97.81700134277344,
    "ETH_price": 4477.62939453125,
    "GOLD_spot_price": 3473.89990234375,
    "LEAN_HOGS_future": 94.2249984741211,
    "COPPER_future": 4.536499977111816,
    "High_Yield_Bond_ETF": 80.96499633789062,
    "LIVE_CATTLE_future": 238.89999389648438,
    "GOLD_near_month_future": 3473.800048828125,
    "NATURAL_GAS_future": 2.993000030517578,
    "PLATINUM_future": 1363.4000244140625,
    "SILVER_future": 39.7400016784668,
    "Long_Term_Treasury_ETF": 87.17500305175781,
    "CORN_future": 409.0,
    "SOYBEANS_future": 1044.0,
    "WHEAT_future": 524.5,
    "SP500_close": 6491.0,
    "NASDAQ_close": 21675.25,
    "US_10Y_Treasury_Yield": 4.215000152587891,
    "VIX_close": 14.210000038146973,
    "GOLD_basis_spot_vs_near": 0.099853515625,
    "China_10Y_Treasury_Yield": 1.8478
  }
}