{
  "latest_date": "2025-09-18",
  "latest_values": {
    "Shanghai_Composite_Index": 3876.3408203125,
    "CSI_300_Index": 4551.02294921875,
    "Shenzhen_Component_Index": 13215.45703125,
    "ALUMINUM_future": 2614.75,
    "BTC_price": 116588.8671875,
    "OIL_price": 63.7599983215332,
    "USD_CNY_exchange_rate": 7.114200115203857,
    "Commodity_Index_ETF": 22.540000915527344,
    "US_Dollar_Index": 97.02799987792969,
    "ETH_price": 4604.76708984375,
    "GOLD_spot_price": 3693.39990234375,
    "LEAN_HOGS_future": 97.3499984741211,
    "COPPER_future": 4.621500015258789,
    "High_Yield_Bond_ETF": 81.05000305175781,
    "LIVE_CATTLE_future": 231.47500610351562,
    "GOLD_near_month_future": 3693.199951171875,
    "NATURAL_GAS_future": 3.0799999237060547,
    "PLATINUM_future": 1376.0999755859375,
    "SILVER_future": 42.03499984741211,
    "Long_Term_Treasury_ETF": 90.12000274658203,
    "CORN_future": 426.0,
    "SOYBEANS_future": 1042.25,
    "WHEAT_future": 529.5,
    "SP500_close": 6600.35009765625,
    "NASDAQ_close": 22261.326171875,
    "US_10Y_Treasury_Yield": 4.075999736785889,
    "VIX_close": 15.720000267028809,
    "GOLD_basis_spot_vs_near": 0.199951171875,
    "China_10Y_Treasury_Yield": 1.8349
  }
}