{
  "latest_date": "2025-07-08",
  "latest_values": {
    "Shanghai_Composite_Index": 3497.475341796875,
    "CSI_300_Index": 3998.45263671875,
    "Shenzhen_Component_Index": 10588.39453125,
    "ALUMINUM_future": 2540.0,
    "BTC_price": 108682.1015625,
    "OIL_price": 68.16000366210938,
    "USD_CNY_exchange_rate": 7.1743998527526855,
    "Commodity_Index_ETF": 22.329999923706055,
    "US_Dollar_Index": 97.49500274658203,
    "ETH_price": 2601.338623046875,
    "GOLD_spot_price": 3310.699951171875,
    "LEAN_HOGS_future": 106.92500305175781,
    "COPPER_future": 5.495999813079834,
    "High_Yield_Bond_ETF": 79.98999786376953,
    "LIVE_CATTLE_future": 219.89999389648438,
    "GOLD_near_month_future": 3310.89990234375,
    "NATURAL_GAS_future": 3.3529999256134033,
    "PLATINUM_future": 1392.199951171875,
    "SILVER_future": 36.6349983215332,
    "Long_Term_Treasury_ETF": 86.02999877929688,
    "CORN_future": 415.0,
    "SOYBEANS_future": 1017.75,
    "WHEAT_future": 547.75,
    "SP500_close": 6225.52001953125,
    "NASDAQ_close": 20418.462890625,
    "US_10Y_Treasury_Yield": 4.414999961853027,
    "VIX_close": 16.809999465942383,
    "GOLD_basis_spot_vs_near": -0.199951171875,
    "China_10Y_Treasury_Yield": 1.6444
  }
}