{
  "latest_date": "2025-09-05",
  "latest_values": {
    "Shanghai_Composite_Index": 3812.514404296875,
    "CSI_300_Index": 4460.32470703125,
    "Shenzhen_Component_Index": 12590.5615234375,
    "ALUMINUM_future": 2527.5,
    "BTC_price": 110589.6171875,
    "OIL_price": 61.689998626708984,
    "USD_CNY_exchange_rate": 7.14139986038208,
    "Commodity_Index_ETF": 21.9950008392334,
    "US_Dollar_Index": 97.6760025024414,
    "ETH_price": 4287.1748046875,
    "GOLD_spot_price": 3651.5,
    "LEAN_HOGS_future": 95.94999694824219,
    "COPPER_future": 4.545499801635742,
    "High_Yield_Bond_ETF": 80.86499786376953,
    "LIVE_CATTLE_future": 236.0,
    "GOLD_near_month_future": 3651.60009765625,
    "NATURAL_GAS_future": 3.0390000343322754,
    "PLATINUM_future": 1384.5999755859375,
    "SILVER_future": 41.5099983215332,
    "Long_Term_Treasury_ETF": 88.51170349121094,
    "CORN_future": 419.5,
    "SOYBEANS_future": 1029.0,
    "WHEAT_future": 520.75,
    "SP500_close": 6462.72021484375,
    "NASDAQ_close": 21628.421875,
    "US_10Y_Treasury_Yield": 4.081999778747559,
    "VIX_close": 16.1200008392334,
    "GOLD_basis_spot_vs_near": -0.10009765625,
    "China_10Y_Treasury_Yield": 1.826
  }
}