{
  "latest_date": "2025-08-07",
  "latest_values": {
    "Shanghai_Composite_Index": 3639.66650390625,
    "CSI_300_Index": 4114.666015625,
    "Shenzhen_Component_Index": 11157.9404296875,
    "ALUMINUM_future": 2539.5,
    "BTC_price": 116649.078125,
    "OIL_price": 63.84000015258789,
    "USD_CNY_exchange_rate": 7.180500030517578,
    "Commodity_Index_ETF": 21.834999084472656,
    "US_Dollar_Index": 98.38400268554688,
    "ETH_price": 3825.662353515625,
    "GOLD_spot_price": 3452.5,
    "LEAN_HOGS_future": 90.9000015258789,
    "COPPER_future": 4.398499965667725,
    "High_Yield_Bond_ETF": 80.18000030517578,
    "LIVE_CATTLE_future": 232.5749969482422,
    "GOLD_near_month_future": 3452.5,
    "NATURAL_GAS_future": 3.062000036239624,
    "PLATINUM_future": 1349.5999755859375,
    "SILVER_future": 38.20000076293945,
    "Long_Term_Treasury_ETF": 87.7750015258789,
    "CORN_future": 407.0,
    "SOYBEANS_future": 994.5,
    "WHEAT_future": 538.75,
    "SP500_close": 6321.47998046875,
    "NASDAQ_close": 21147.0546875,
    "US_10Y_Treasury_Yield": 4.24399995803833,
    "VIX_close": 17.5,
    "GOLD_basis_spot_vs_near": 0.0,
    "China_10Y_Treasury_Yield": 1.6894
  }
}