{
  "latest_date": "2025-08-23",
  "latest_values": {
    "Shanghai_Composite_Index": 3825.759033203125,
    "CSI_300_Index": 4378.0,
    "Shenzhen_Component_Index": 12166.0595703125,
    "ALUMINUM_future": 2505.25,
    "BTC_price": 114809.3203125,
    "OIL_price": 63.65999984741211,
    "USD_CNY_exchange_rate": 7.164599895477295,
    "Commodity_Index_ETF": 22.079999923706055,
    "US_Dollar_Index": 97.72000122070312,
    "ETH_price": 4722.1064453125,
    "GOLD_spot_price": 3374.39990234375,
    "LEAN_HOGS_future": 91.19999694824219,
    "COPPER_future": 4.447500228881836,
    "High_Yield_Bond_ETF": 80.8499984741211,
    "LIVE_CATTLE_future": 239.9499969482422,
    "GOLD_near_month_future": 3374.39990234375,
    "NATURAL_GAS_future": 2.697999954223633,
    "PLATINUM_future": 1355.4000244140625,
    "SILVER_future": 39.00299835205078,
    "Long_Term_Treasury_ETF": 87.05000305175781,
    "CORN_future": 388.25,
    "SOYBEANS_future": 1036.5,
    "WHEAT_future": 504.75,
    "SP500_close": 6466.91015625,
    "NASDAQ_close": 21496.5390625,
    "US_10Y_Treasury_Yield": 4.260000228881836,
    "VIX_close": 14.220000267028809,
    "GOLD_basis_spot_vs_near": 0.0,
    "China_10Y_Treasury_Yield": 1.7818
  }
}