{
  "latest_date": "2025-07-17",
  "latest_values": {
    "Shanghai_Composite_Index": 3516.825439453125,
    "CSI_300_Index": 4034.490966796875,
    "Shenzhen_Component_Index": 10873.619140625,
    "ALUMINUM_future": 2491.5,
    "BTC_price": 119384.2265625,
    "OIL_price": 67.2300033569336,
    "USD_CNY_exchange_rate": 7.183199882507324,
    "Commodity_Index_ETF": 22.43000030517578,
    "US_Dollar_Index": 98.73799896240234,
    "ETH_price": 3431.643310546875,
    "GOLD_spot_price": 3342.39990234375,
    "LEAN_HOGS_future": 105.67500305175781,
    "COPPER_future": 5.500500202178955,
    "High_Yield_Bond_ETF": 80.11000061035156,
    "LIVE_CATTLE_future": 223.5,
    "GOLD_near_month_future": 3398.39990234375,
    "NATURAL_GAS_future": 3.562000036239624,
    "PLATINUM_future": 1495.4000244140625,
    "SILVER_future": 38.334999084472656,
    "Long_Term_Treasury_ETF": 85.04000091552734,
    "CORN_future": 420.25,
    "SOYBEANS_future": 1026.25,
    "WHEAT_future": 532.5,
    "SP500_close": 6293.91015625,
    "NASDAQ_close": 20892.669921875,
    "US_10Y_Treasury_Yield": 4.456999778747559,
    "VIX_close": 16.690000534057617,
    "GOLD_basis_spot_vs_near": -56.0,
    "China_10Y_Treasury_Yield": 1.663
  }
}