{
  "latest_date": "2025-07-28",
  "latest_values": {
    "Shanghai_Composite_Index": 3597.93701171875,
    "CSI_300_Index": 4135.82421875,
    "Shenzhen_Component_Index": 11217.5810546875,
    "ALUMINUM_future": 2587.75,
    "BTC_price": 118077.2109375,
    "OIL_price": 66.9000015258789,
    "USD_CNY_exchange_rate": 7.153500080108643,
    "Commodity_Index_ETF": 22.35070037841797,
    "US_Dollar_Index": 98.63999938964844,
    "ETH_price": 3796.73486328125,
    "GOLD_spot_price": 3312.699951171875,
    "LEAN_HOGS_future": 108.3499984741211,
    "COPPER_future": 5.617000102996826,
    "High_Yield_Bond_ETF": 80.45500183105469,
    "LIVE_CATTLE_future": 227.75,
    "GOLD_near_month_future": 3369.699951171875,
    "NATURAL_GAS_future": 3.010999917984009,
    "PLATINUM_future": 1422.5999755859375,
    "SILVER_future": 38.290000915527344,
    "Long_Term_Treasury_ETF": 85.87449645996094,
    "CORN_future": 413.25,
    "SOYBEANS_future": 1011.5,
    "WHEAT_future": 538.25,
    "SP500_close": 6378.919921875,
    "NASDAQ_close": 21140.8515625,
    "US_10Y_Treasury_Yield": 4.418000221252441,
    "VIX_close": 15.210000038146973,
    "GOLD_basis_spot_vs_near": -57.0,
    "China_10Y_Treasury_Yield": 1.7146
  }
}