{
  "latest_date": "2025-07-04",
  "latest_values": {
    "Shanghai_Composite_Index": 3472.319091796875,
    "CSI_300_Index": 3982.203369140625,
    "Shenzhen_Component_Index": 10534.580078125,
    "ALUMINUM_future": 2541.5,
    "BTC_price": 107891.75,
    "OIL_price": 66.44999694824219,
    "USD_CNY_exchange_rate": 7.164899826049805,
    "Commodity_Index_ETF": 22.280000686645508,
    "US_Dollar_Index": 96.99800109863281,
    "ETH_price": 2518.29833984375,
    "GOLD_spot_price": 3343.300048828125,
    "LEAN_HOGS_future": 106.0999984741211,
    "COPPER_future": 5.060500144958496,
    "High_Yield_Bond_ETF": 80.37000274658203,
    "LIVE_CATTLE_future": 214.0500030517578,
    "GOLD_near_month_future": 3343.39990234375,
    "NATURAL_GAS_future": 3.375999927520752,
    "PLATINUM_future": 1382.5,
    "SILVER_future": 37.095001220703125,
    "Long_Term_Treasury_ETF": 86.97000122070312,
    "CORN_future": 437.25,
    "SOYBEANS_future": 1048.25,
    "WHEAT_future": 556.75,
    "SP500_close": 6279.35009765625,
    "NASDAQ_close": 20601.099609375,
    "US_10Y_Treasury_Yield": 4.3480000495910645,
    "VIX_close": 17.420000076293945,
    "GOLD_basis_spot_vs_near": -0.099853515625,
    "China_10Y_Treasury_Yield": 1.6433
  }
}