{
  "latest_date": "2025-07-01",
  "latest_values": {
    "Shanghai_Composite_Index": 3457.747314453125,
    "CSI_300_Index": 3942.761962890625,
    "Shenzhen_Component_Index": 10476.2939453125,
    "ALUMINUM_future": 2570.25,
    "BTC_price": 105908.5859375,
    "OIL_price": 65.52999877929688,
    "USD_CNY_exchange_rate": 7.163599967956543,
    "Commodity_Index_ETF": 21.93000030517578,
    "US_Dollar_Index": 96.65299987792969,
    "ETH_price": 2408.876953125,
    "GOLD_spot_price": 3349.89990234375,
    "LEAN_HOGS_future": 106.9749984741211,
    "COPPER_future": 5.098999977111816,
    "High_Yield_Bond_ETF": 80.16999816894531,
    "LIVE_CATTLE_future": 210.75,
    "GOLD_near_month_future": 3349.699951171875,
    "NATURAL_GAS_future": 3.4200000762939453,
    "PLATINUM_future": 1367.199951171875,
    "SILVER_future": 36.04999923706055,
    "Long_Term_Treasury_ETF": 88.13999938964844,
    "CORN_future": 421.75,
    "SOYBEANS_future": 1027.5,
    "WHEAT_future": 549.75,
    "SP500_close": 6198.009765625,
    "NASDAQ_close": 20202.888671875,
    "US_10Y_Treasury_Yield": 4.250999927520752,
    "VIX_close": 16.829999923706055,
    "GOLD_basis_spot_vs_near": 0.199951171875,
    "China_10Y_Treasury_Yield": 1.6433
  }
}