{
  "latest_date": "2025-07-23",
  "latest_values": {
    "Shanghai_Composite_Index": 3582.298095703125,
    "CSI_300_Index": 4119.7685546875,
    "Shenzhen_Component_Index": 11059.037109375,
    "ALUMINUM_future": 2611.5,
    "BTC_price": 118423.0078125,
    "OIL_price": 65.41000366210938,
    "USD_CNY_exchange_rate": 7.17549991607666,
    "Commodity_Index_ETF": 22.385000228881836,
    "US_Dollar_Index": 97.20899963378906,
    "ETH_price": 3605.32177734375,
    "GOLD_spot_price": 3402.800048828125,
    "LEAN_HOGS_future": 108.375,
    "COPPER_future": 5.831500053405762,
    "High_Yield_Bond_ETF": 80.51499938964844,
    "LIVE_CATTLE_future": 227.35000610351562,
    "GOLD_near_month_future": 3460.60009765625,
    "NATURAL_GAS_future": 3.075000047683716,
    "PLATINUM_future": 1455.300048828125,
    "SILVER_future": 39.58000183105469,
    "Long_Term_Treasury_ETF": 86.03829956054688,
    "CORN_future": 417.75,
    "SOYBEANS_future": 1022.5,
    "WHEAT_future": 541.0,
    "SP500_close": 6352.259765625,
    "NASDAQ_close": 21000.240234375,
    "US_10Y_Treasury_Yield": 4.388000011444092,
    "VIX_close": 15.420000076293945,
    "GOLD_basis_spot_vs_near": -57.800048828125,
    "China_10Y_Treasury_Yield": 1.7041
  }
}