{
  "latest_date": "2025-07-21",
  "latest_values": {
    "Shanghai_Composite_Index": 3559.791259765625,
    "CSI_300_Index": 4085.607177734375,
    "Shenzhen_Component_Index": 11007.4873046875,
    "ALUMINUM_future": 2605.0,
    "BTC_price": 117251.3515625,
    "OIL_price": 67.0999984741211,
    "USD_CNY_exchange_rate": 7.177700042724609,
    "Commodity_Index_ETF": 22.479999542236328,
    "US_Dollar_Index": 97.8489990234375,
    "ETH_price": 3756.592529296875,
    "GOLD_spot_price": 3412.800048828125,
    "LEAN_HOGS_future": 107.30000305175781,
    "COPPER_future": 5.642499923706055,
    "High_Yield_Bond_ETF": 80.36000061035156,
    "LIVE_CATTLE_future": 225.1750030517578,
    "GOLD_near_month_future": 3469.39990234375,
    "NATURAL_GAS_future": 3.319999933242798,
    "PLATINUM_future": 1494.199951171875,
    "SILVER_future": 39.27000045776367,
    "Long_Term_Treasury_ETF": 86.0,
    "CORN_future": 422.5,
    "SOYBEANS_future": 1026.75,
    "WHEAT_future": 541.75,
    "SP500_close": 6305.60009765625,
    "NASDAQ_close": 20974.173828125,
    "US_10Y_Treasury_Yield": 4.372000217437744,
    "VIX_close": 16.649999618530273,
    "GOLD_basis_spot_vs_near": -56.599853515625,
    "China_10Y_Treasury_Yield": 1.6774
  }
}