{
  "latest_date": "2025-08-07",
  "latest_values": {
    "Shanghai_Composite_Index": 3639.66650390625,
    "CSI_300_Index": 4114.666015625,
    "Shenzhen_Component_Index": 11157.9404296875,
    "ALUMINUM_future": 2534.75,
    "BTC_price": 116264.75,
    "OIL_price": 64.25,
    "USD_CNY_exchange_rate": 7.1834001541137695,
    "Commodity_Index_ETF": 21.864999771118164,
    "US_Dollar_Index": 98.26599884033203,
    "ETH_price": 3811.298095703125,
    "GOLD_spot_price": 3454.199951171875,
    "LEAN_HOGS_future": 90.7750015258789,
    "COPPER_future": 4.4004998207092285,
    "High_Yield_Bond_ETF": 80.18000030517578,
    "LIVE_CATTLE_future": 231.5749969482422,
    "GOLD_near_month_future": 3454.10009765625,
    "NATURAL_GAS_future": 3.055999994277954,
    "PLATINUM_future": 1355.300048828125,
    "SILVER_future": 38.279998779296875,
    "Long_Term_Treasury_ETF": 87.7300033569336,
    "CORN_future": 407.75,
    "SOYBEANS_future": 994.25,
    "WHEAT_future": 540.25,
    "SP500_close": 6327.27978515625,
    "NASDAQ_close": 21200.171875,
    "US_10Y_Treasury_Yield": 4.230999946594238,
    "VIX_close": 17.010000228881836,
    "GOLD_basis_spot_vs_near": 0.099853515625,
    "China_10Y_Treasury_Yield": 1.6894
  }
}