{
  "latest_date": "2025-07-22",
  "latest_values": {
    "Shanghai_Composite_Index": 3581.861083984375,
    "CSI_300_Index": 4118.9580078125,
    "Shenzhen_Component_Index": 11099.8310546875,
    "ALUMINUM_future": 2654.0,
    "BTC_price": 119780.140625,
    "OIL_price": 66.36000061035156,
    "USD_CNY_exchange_rate": 7.177700042724609,
    "Commodity_Index_ETF": 22.454999923706055,
    "US_Dollar_Index": 97.38999938964844,
    "ETH_price": 3711.25732421875,
    "GOLD_spot_price": 3442.0,
    "LEAN_HOGS_future": 107.625,
    "COPPER_future": 5.730500221252441,
    "High_Yield_Bond_ETF": 80.47000122070312,
    "LIVE_CATTLE_future": 224.89999389648438,
    "GOLD_near_month_future": 3500.10009765625,
    "NATURAL_GAS_future": 3.246000051498413,
    "PLATINUM_future": 1475.5999755859375,
    "SILVER_future": 39.525001525878906,
    "Long_Term_Treasury_ETF": 86.6050033569336,
    "CORN_future": 417.5,
    "SOYBEANS_future": 1026.0,
    "WHEAT_future": 549.5,
    "SP500_close": 6312.6298828125,
    "NASDAQ_close": 20919.46484375,
    "US_10Y_Treasury_Yield": 4.335999965667725,
    "VIX_close": 16.479999542236328,
    "GOLD_basis_spot_vs_near": -58.10009765625,
    "China_10Y_Treasury_Yield": 1.6907
  }
}