{
  "latest_date": "2025-10-01",
  "latest_values": {
    "Shanghai_Composite_Index": 3882.777099609375,
    "CSI_300_Index": 4640.68994140625,
    "Shenzhen_Component_Index": 13526.509765625,
    "ALUMINUM_future": 2594.0,
    "BTC_price": 117371.75,
    "OIL_price": 61.91999816894531,
    "USD_CNY_exchange_rate": 7.133800029754639,
    "Commodity_Index_ETF": 22.489999771118164,
    "US_Dollar_Index": 97.75700378417969,
    "ETH_price": 4333.27490234375,
    "GOLD_spot_price": 3889.699951171875,
    "LEAN_HOGS_future": 88.92500305175781,
    "COPPER_future": 4.891499996185303,
    "High_Yield_Bond_ETF": 80.95999908447266,
    "LIVE_CATTLE_future": 237.22500610351562,
    "GOLD_near_month_future": 3889.5,
    "NATURAL_GAS_future": 3.4579999446868896,
    "PLATINUM_future": 1590.699951171875,
    "SILVER_future": 47.38999938964844,
    "Long_Term_Treasury_ETF": 89.29000091552734,
    "CORN_future": 418.25,
    "SOYBEANS_future": 1015.0,
    "WHEAT_future": 510.0,
    "SP500_close": 6711.2001953125,
    "NASDAQ_close": 22755.15625,
    "US_10Y_Treasury_Yield": 4.105999946594238,
    "VIX_close": 16.290000915527344,
    "GOLD_basis_spot_vs_near": 0.199951171875,
    "China_10Y_Treasury_Yield": 1.8605
  }
}