{
  "latest_date": "2025-08-16",
  "latest_values": {
    "Shanghai_Composite_Index": 3696.77099609375,
    "CSI_300_Index": 4202.35009765625,
    "Shenzhen_Component_Index": 11634.669921875,
    "ALUMINUM_future": 2480.75,
    "BTC_price": 117659.390625,
    "OIL_price": 62.79999923706055,
    "USD_CNY_exchange_rate": 7.18310022354126,
    "Commodity_Index_ETF": 21.770000457763672,
    "US_Dollar_Index": 97.8499984741211,
    "ETH_price": 4453.3134765625,
    "GOLD_spot_price": 3336.0,
    "LEAN_HOGS_future": 90.0999984741211,
    "COPPER_future": 4.478000164031982,
    "High_Yield_Bond_ETF": 80.45999908447266,
    "LIVE_CATTLE_future": 236.25,
    "GOLD_near_month_future": 3336.0,
    "NATURAL_GAS_future": 2.9159998893737793,
    "PLATINUM_future": 1334.300048828125,
    "SILVER_future": 37.89400100708008,
    "Long_Term_Treasury_ETF": 86.4000015258789,
    "CORN_future": 383.75,
    "SOYBEANS_future": 1022.25,
    "WHEAT_future": 506.5,
    "SP500_close": 6449.7998046875,
    "NASDAQ_close": 21622.98046875,
    "US_10Y_Treasury_Yield": 4.328000068664551,
    "VIX_close": 15.09000015258789,
    "GOLD_basis_spot_vs_near": 0.0,
    "China_10Y_Treasury_Yield": 1.7465
  }
}