{
  "latest_date": "2025-08-13",
  "latest_values": {
    "Shanghai_Composite_Index": 3683.46484375,
    "CSI_300_Index": 4176.57763671875,
    "Shenzhen_Component_Index": 11551.365234375,
    "ALUMINUM_future": 2548.0,
    "BTC_price": 121934.734375,
    "OIL_price": 62.59000015258789,
    "USD_CNY_exchange_rate": 7.187699794769287,
    "Commodity_Index_ETF": 21.719999313354492,
    "US_Dollar_Index": 97.80799865722656,
    "ETH_price": 4732.11865234375,
    "GOLD_spot_price": 3403.89990234375,
    "LEAN_HOGS_future": 90.7249984741211,
    "COPPER_future": 4.488999843597412,
    "High_Yield_Bond_ETF": 80.53500366210938,
    "LIVE_CATTLE_future": 229.52499389648438,
    "GOLD_near_month_future": 3403.800048828125,
    "NATURAL_GAS_future": 2.819999933242798,
    "PLATINUM_future": 1343.5999755859375,
    "SILVER_future": 38.53499984741211,
    "Long_Term_Treasury_ETF": 87.66500091552734,
    "CORN_future": 397.5,
    "SOYBEANS_future": 1045.25,
    "WHEAT_future": 528.25,
    "SP500_close": 6454.740234375,
    "NASDAQ_close": 21702.494140625,
    "US_10Y_Treasury_Yield": 4.23799991607666,
    "VIX_close": 14.640000343322754,
    "GOLD_basis_spot_vs_near": 0.099853515625,
    "China_10Y_Treasury_Yield": 1.7262
  }
}