{
  "latest_date": "2025-08-21",
  "latest_values": {
    "Shanghai_Composite_Index": 3766.2099609375,
    "CSI_300_Index": 4271.39990234375,
    "Shenzhen_Component_Index": 11926.740234375,
    "ALUMINUM_future": 2491.5,
    "BTC_price": 113814.421875,
    "OIL_price": 63.220001220703125,
    "USD_CNY_exchange_rate": 7.1819000244140625,
    "Commodity_Index_ETF": 21.860000610351562,
    "US_Dollar_Index": 98.39199829101562,
    "ETH_price": 4296.14990234375,
    "GOLD_spot_price": 3379.10009765625,
    "LEAN_HOGS_future": 90.0,
    "COPPER_future": 4.420499801635742,
    "High_Yield_Bond_ETF": 80.3499984741211,
    "LIVE_CATTLE_future": 235.1750030517578,
    "GOLD_near_month_future": 3379.0,
    "NATURAL_GAS_future": 2.759999990463257,
    "PLATINUM_future": 1332.0999755859375,
    "SILVER_future": 37.80500030517578,
    "Long_Term_Treasury_ETF": 86.83999633789062,
    "CORN_future": 405.25,
    "SOYBEANS_future": 1035.0,
    "WHEAT_future": 532.0,
    "SP500_close": 6395.77978515625,
    "NASDAQ_close": 21172.859375,
    "US_10Y_Treasury_Yield": 4.296000003814697,
    "VIX_close": 15.6899995803833,
    "GOLD_basis_spot_vs_near": 0.10009765625,
    "China_10Y_Treasury_Yield": 1.782
  }
}