{
  "latest_date": "2025-09-16",
  "latest_values": {
    "Shanghai_Composite_Index": 3860.50390625,
    "CSI_300_Index": 4533.06005859375,
    "Shenzhen_Component_Index": 12924.1298828125,
    "ALUMINUM_future": 2591.0,
    "BTC_price": 115748.3515625,
    "OIL_price": 63.45000076293945,
    "USD_CNY_exchange_rate": 7.124199867248535,
    "Commodity_Index_ETF": 22.549999237060547,
    "US_Dollar_Index": 97.13899993896484,
    "ETH_price": 4517.70947265625,
    "GOLD_spot_price": 3723.60009765625,
    "LEAN_HOGS_future": 97.57499694824219,
    "COPPER_future": 4.691500186920166,
    "High_Yield_Bond_ETF": 81.19000244140625,
    "LIVE_CATTLE_future": 234.625,
    "GOLD_near_month_future": 3723.699951171875,
    "NATURAL_GAS_future": 3.0320000648498535,
    "PLATINUM_future": 1409.4000244140625,
    "SILVER_future": 43.165000915527344,
    "Long_Term_Treasury_ETF": 90.16000366210938,
    "CORN_future": 424.25,
    "SOYBEANS_future": 1044.25,
    "WHEAT_future": 527.25,
    "SP500_close": 6615.27978515625,
    "NASDAQ_close": 22348.75,
    "US_10Y_Treasury_Yield": 4.033999919891357,
    "VIX_close": 15.6899995803833,
    "GOLD_basis_spot_vs_near": -0.099853515625,
    "China_10Y_Treasury_Yield": 1.8724
  }
}