{
  "latest_date": "2025-08-06",
  "latest_values": {
    "Shanghai_Composite_Index": 3633.994873046875,
    "CSI_300_Index": 4113.4853515625,
    "Shenzhen_Component_Index": 11177.7822265625,
    "ALUMINUM_future": 2544.5,
    "BTC_price": 115224.5546875,
    "OIL_price": 64.06999969482422,
    "USD_CNY_exchange_rate": 7.181700229644775,
    "Commodity_Index_ETF": 21.774999618530273,
    "US_Dollar_Index": 98.23100280761719,
    "ETH_price": 3678.370361328125,
    "GOLD_spot_price": 3432.800048828125,
    "LEAN_HOGS_future": 91.92500305175781,
    "COPPER_future": 4.414999961853027,
    "High_Yield_Bond_ETF": 80.27989959716797,
    "LIVE_CATTLE_future": 229.4499969482422,
    "GOLD_near_month_future": 3433.0,
    "NATURAL_GAS_future": 3.0799999237060547,
    "PLATINUM_future": 1354.9000244140625,
    "SILVER_future": 37.90999984741211,
    "Long_Term_Treasury_ETF": 87.81999969482422,
    "CORN_future": 402.0,
    "SOYBEANS_future": 985.25,
    "WHEAT_future": 529.0,
    "SP500_close": 6345.06005859375,
    "NASDAQ_close": 21169.423828125,
    "US_10Y_Treasury_Yield": 4.220000267028809,
    "VIX_close": 16.770000457763672,
    "GOLD_basis_spot_vs_near": -0.199951171875,
    "China_10Y_Treasury_Yield": 1.6999
  }
}