{
  "latest_date": "2025-09-26",
  "latest_values": {
    "Shanghai_Composite_Index": 3828.10595703125,
    "CSI_300_Index": 4550.048828125,
    "Shenzhen_Component_Index": 13208.99609375,
    "ALUMINUM_future": 2580.5,
    "BTC_price": 110288.4453125,
    "OIL_price": 65.55999755859375,
    "USD_CNY_exchange_rate": 7.131499767303467,
    "Commodity_Index_ETF": 22.863800048828125,
    "US_Dollar_Index": 98.18699645996094,
    "ETH_price": 4066.314208984375,
    "GOLD_spot_price": 3807.5,
    "LEAN_HOGS_future": 101.1500015258789,
    "COPPER_future": 4.770999908447266,
    "High_Yield_Bond_ETF": 81.05000305175781,
    "LIVE_CATTLE_future": 231.8000030517578,
    "GOLD_near_month_future": 3807.300048828125,
    "NATURAL_GAS_future": 3.194999933242798,
    "PLATINUM_future": 1609.800048828125,
    "SILVER_future": 46.790000915527344,
    "Long_Term_Treasury_ETF": 88.76000213623047,
    "CORN_future": 421.5,
    "SOYBEANS_future": 1013.75,
    "WHEAT_future": 519.25,
    "SP500_close": 6645.240234375,
    "NASDAQ_close": 22482.017578125,
    "US_10Y_Treasury_Yield": 4.184999942779541,
    "VIX_close": 15.779999732971191,
    "GOLD_basis_spot_vs_near": 0.199951171875,
    "China_10Y_Treasury_Yield": 1.8768
  }
}