{
  "latest_date": "2025-09-02",
  "latest_values": {
    "Shanghai_Composite_Index": 3875.530517578125,
    "CSI_300_Index": 4523.7109375,
    "Shenzhen_Component_Index": 12828.9521484375,
    "ALUMINUM_future": 2531.5,
    "BTC_price": 109098.0,
    "OIL_price": 64.68000030517578,
    "USD_CNY_exchange_rate": 7.1371002197265625,
    "Commodity_Index_ETF": 22.209999084472656,
    "US_Dollar_Index": 97.77100372314453,
    "ETH_price": 4308.08740234375,
    "GOLD_spot_price": 3552.89990234375,
    "LEAN_HOGS_future": 95.0250015258789,
    "COPPER_future": 4.581500053405762,
    "High_Yield_Bond_ETF": 80.86000061035156,
    "LIVE_CATTLE_future": 241.89999389648438,
    "GOLD_near_month_future": 3553.39990234375,
    "NATURAL_GAS_future": 2.9809999465942383,
    "PLATINUM_future": 1430.699951171875,
    "SILVER_future": 41.58000183105469,
    "Long_Term_Treasury_ETF": 86.5999984741211,
    "CORN_future": 420.25,
    "SOYBEANS_future": 1054.5,
    "WHEAT_future": 534.25,
    "SP500_close": 6460.259765625,
    "NASDAQ_close": 21455.55078125,
    "US_10Y_Treasury_Yield": 4.2270002365112305,
    "VIX_close": 16.1200008392334,
    "GOLD_basis_spot_vs_near": -0.5,
    "China_10Y_Treasury_Yield": 1.8257
  }
}