{
  "latest_date": "2025-10-01",
  "latest_values": {
    "Shanghai_Composite_Index": 3882.777099609375,
    "CSI_300_Index": 4640.68994140625,
    "Shenzhen_Component_Index": 13526.509765625,
    "ALUMINUM_future": 2628.75,
    "BTC_price": 116636.953125,
    "OIL_price": 61.91999816894531,
    "USD_CNY_exchange_rate": 7.133800029754639,
    "Commodity_Index_ETF": 22.530000686645508,
    "US_Dollar_Index": 97.53700256347656,
    "ETH_price": 4302.5322265625,
    "GOLD_spot_price": 3906.199951171875,
    "LEAN_HOGS_future": 99.69999694824219,
    "COPPER_future": 4.877500057220459,
    "High_Yield_Bond_ETF": 81.19000244140625,
    "LIVE_CATTLE_future": 231.8249969482422,
    "GOLD_near_month_future": 3906.300048828125,
    "NATURAL_GAS_future": 3.3550000190734863,
    "PLATINUM_future": 1615.699951171875,
    "SILVER_future": 47.46500015258789,
    "Long_Term_Treasury_ETF": 89.37000274658203,
    "CORN_future": 412.75,
    "SOYBEANS_future": 996.75,
    "WHEAT_future": 502.75,
    "SP500_close": 6688.4599609375,
    "NASDAQ_close": 22660.009765625,
    "US_10Y_Treasury_Yield": 4.109999656677246,
    "VIX_close": 16.709999084472656,
    "GOLD_basis_spot_vs_near": -0.10009765625,
    "China_10Y_Treasury_Yield": 1.8605
  }
}