{
  "latest_date": "2025-08-25",
  "latest_values": {
    "Shanghai_Composite_Index": 3883.561767578125,
    "CSI_300_Index": 4469.2216796875,
    "Shenzhen_Component_Index": 12441.0673828125,
    "ALUMINUM_future": 2505.25,
    "BTC_price": 112285.90625,
    "OIL_price": 64.7699966430664,
    "USD_CNY_exchange_rate": 7.179900169372559,
    "Commodity_Index_ETF": 22.19070053100586,
    "US_Dollar_Index": 98.39900207519531,
    "ETH_price": 4571.84228515625,
    "GOLD_spot_price": 3415.39990234375,
    "LEAN_HOGS_future": 91.42500305175781,
    "COPPER_future": 4.4670000076293945,
    "High_Yield_Bond_ETF": 80.72000122070312,
    "LIVE_CATTLE_future": 236.97500610351562,
    "GOLD_near_month_future": 3415.300048828125,
    "NATURAL_GAS_future": 2.7049999237060547,
    "PLATINUM_future": 1338.0,
    "SILVER_future": 38.6150016784668,
    "Long_Term_Treasury_ETF": 86.87999725341797,
    "CORN_future": 412.5,
    "SOYBEANS_future": 1047.75,
    "WHEAT_future": 529.75,
    "SP500_close": 6452.68017578125,
    "NASDAQ_close": 21511.28515625,
    "US_10Y_Treasury_Yield": 4.270999908447266,
    "VIX_close": 14.449999809265137,
    "GOLD_basis_spot_vs_near": 0.099853515625,
    "China_10Y_Treasury_Yield": 1.7643
  }
}