{
  "latest_date": "2025-07-29",
  "latest_values": {
    "Shanghai_Composite_Index": 3597.93701171875,
    "CSI_300_Index": 4135.82421875,
    "Shenzhen_Component_Index": 11217.5810546875,
    "ALUMINUM_future": 2588.25,
    "BTC_price": 118483.4765625,
    "OIL_price": 66.87000274658203,
    "USD_CNY_exchange_rate": 7.177299976348877,
    "Commodity_Index_ETF": 22.399999618530273,
    "US_Dollar_Index": 98.62899780273438,
    "ETH_price": 3820.267578125,
    "GOLD_spot_price": 3311.5,
    "LEAN_HOGS_future": 108.3499984741211,
    "COPPER_future": 5.608500003814697,
    "High_Yield_Bond_ETF": 80.44999694824219,
    "LIVE_CATTLE_future": 227.75,
    "GOLD_near_month_future": 3368.5,
    "NATURAL_GAS_future": 3.0309998989105225,
    "PLATINUM_future": 1426.0,
    "SILVER_future": 38.33000183105469,
    "Long_Term_Treasury_ETF": 85.87000274658203,
    "CORN_future": 413.75,
    "SOYBEANS_future": 1011.0,
    "WHEAT_future": 537.75,
    "SP500_close": 6389.77001953125,
    "NASDAQ_close": 21178.583984375,
    "US_10Y_Treasury_Yield": 4.420000076293945,
    "VIX_close": 15.029999732971191,
    "GOLD_basis_spot_vs_near": -57.0,
    "China_10Y_Treasury_Yield": 1.7146
  }
}