{
  "latest_date": "2025-09-22",
  "latest_values": {
    "Shanghai_Composite_Index": 3820.089111328125,
    "CSI_300_Index": 4501.919921875,
    "Shenzhen_Component_Index": 13070.8603515625,
    "ALUMINUM_future": 2611.0,
    "BTC_price": 114518.015625,
    "OIL_price": 62.77000045776367,
    "USD_CNY_exchange_rate": 7.1128997802734375,
    "Commodity_Index_ETF": 22.260000228881836,
    "US_Dollar_Index": 97.78800201416016,
    "ETH_price": 4300.71875,
    "GOLD_spot_price": 3728.0,
    "LEAN_HOGS_future": 97.9749984741211,
    "COPPER_future": 4.637499809265137,
    "High_Yield_Bond_ETF": 81.26000213623047,
    "LIVE_CATTLE_future": 233.4499969482422,
    "GOLD_near_month_future": 3727.699951171875,
    "NATURAL_GAS_future": 2.9189999103546143,
    "PLATINUM_future": 1424.0,
    "SILVER_future": 43.845001220703125,
    "Long_Term_Treasury_ETF": 89.0199966430664,
    "CORN_future": 424.0,
    "SOYBEANS_future": 1025.5,
    "WHEAT_future": 520.75,
    "SP500_close": 6664.35986328125,
    "NASDAQ_close": 22631.48046875,
    "US_10Y_Treasury_Yield": 4.138999938964844,
    "VIX_close": 15.449999809265137,
    "GOLD_basis_spot_vs_near": 0.300048828125,
    "China_10Y_Treasury_Yield": 1.8789
  }
}