{
  "latest_date": "2025-07-18",
  "latest_values": {
    "Shanghai_Composite_Index": 3516.824951171875,
    "CSI_300_Index": 4034.489990234375,
    "Shenzhen_Component_Index": 10873.6201171875,
    "ALUMINUM_future": 2428.75,
    "BTC_price": 118891.171875,
    "OIL_price": 68.4800033569336,
    "USD_CNY_exchange_rate": 7.178500175476074,
    "Commodity_Index_ETF": 22.489999771118164,
    "US_Dollar_Index": 98.39600372314453,
    "ETH_price": 3615.542724609375,
    "GOLD_spot_price": 3357.60009765625,
    "LEAN_HOGS_future": 105.94999694824219,
    "COPPER_future": 5.585999965667725,
    "High_Yield_Bond_ETF": 80.13999938964844,
    "LIVE_CATTLE_future": 223.64999389648438,
    "GOLD_near_month_future": 3414.0,
    "NATURAL_GAS_future": 3.5739998817443848,
    "PLATINUM_future": 1485.0999755859375,
    "SILVER_future": 38.744998931884766,
    "Long_Term_Treasury_ETF": 85.11000061035156,
    "CORN_future": 427.75,
    "SOYBEANS_future": 1041.25,
    "WHEAT_future": 542.25,
    "SP500_close": 6297.35986328125,
    "NASDAQ_close": 20885.650390625,
    "US_10Y_Treasury_Yield": 4.4629998207092285,
    "VIX_close": 16.469999313354492,
    "GOLD_basis_spot_vs_near": -56.39990234375,
    "China_10Y_Treasury_Yield": 1.6652
  }
}