{
  "latest_date": "2025-09-17",
  "latest_values": {
    "Shanghai_Composite_Index": 3860.50390625,
    "CSI_300_Index": 4522.0,
    "Shenzhen_Component_Index": 12924.1298828125,
    "ALUMINUM_future": 2649.75,
    "BTC_price": 117104.9375,
    "OIL_price": 64.41000366210938,
    "USD_CNY_exchange_rate": 7.124199867248535,
    "Commodity_Index_ETF": 22.780000686645508,
    "US_Dollar_Index": 96.71700286865234,
    "ETH_price": 4522.56005859375,
    "GOLD_spot_price": 3716.0,
    "LEAN_HOGS_future": 97.19999694824219,
    "COPPER_future": 4.667500019073486,
    "High_Yield_Bond_ETF": 81.12999725341797,
    "LIVE_CATTLE_future": 233.5749969482422,
    "GOLD_near_month_future": 3715.89990234375,
    "NATURAL_GAS_future": 3.1089999675750732,
    "PLATINUM_future": 1400.0,
    "SILVER_future": 42.30500030517578,
    "Long_Term_Treasury_ETF": 90.3499984741211,
    "CORN_future": 428.5,
    "SOYBEANS_future": 1045.0,
    "WHEAT_future": 532.75,
    "SP500_close": 6606.759765625,
    "NASDAQ_close": 22333.958984375,
    "US_10Y_Treasury_Yield": 4.026000022888184,
    "VIX_close": 16.360000610351562,
    "GOLD_basis_spot_vs_near": 0.10009765625,
    "China_10Y_Treasury_Yield": 1.8527
  }
}