{
  "latest_date": "2025-09-10",
  "latest_values": {
    "Shanghai_Composite_Index": 3807.2919921875,
    "CSI_300_Index": 4436.259765625,
    "Shenzhen_Component_Index": 12510.599609375,
    "ALUMINUM_future": 2546.0,
    "BTC_price": 112273.015625,
    "OIL_price": 63.06999969482422,
    "USD_CNY_exchange_rate": 7.129300117492676,
    "Commodity_Index_ETF": 22.239999771118164,
    "US_Dollar_Index": 97.71399688720703,
    "ETH_price": 4323.9072265625,
    "GOLD_spot_price": 3693.89990234375,
    "LEAN_HOGS_future": 96.1500015258789,
    "COPPER_future": 4.57450008392334,
    "High_Yield_Bond_ETF": 80.77999877929688,
    "LIVE_CATTLE_future": 230.02499389648438,
    "GOLD_near_month_future": 3693.800048828125,
    "NATURAL_GAS_future": 3.0969998836517334,
    "PLATINUM_future": 1402.800048828125,
    "SILVER_future": 41.709999084472656,
    "Long_Term_Treasury_ETF": 89.2300033569336,
    "CORN_future": 418.25,
    "SOYBEANS_future": 1027.0,
    "WHEAT_future": 520.25,
    "SP500_close": 6512.60986328125,
    "NASDAQ_close": 21879.490234375,
    "US_10Y_Treasury_Yield": 4.073999881744385,
    "VIX_close": 15.109999656677246,
    "GOLD_basis_spot_vs_near": 0.099853515625,
    "China_10Y_Treasury_Yield": 1.8992
  }
}