{
  "latest_date": "2025-09-30",
  "latest_values": {
    "Shanghai_Composite_Index": 3862.531982421875,
    "CSI_300_Index": 4620.0498046875,
    "Shenzhen_Component_Index": 13479.4296875,
    "ALUMINUM_future": 2599.25,
    "BTC_price": 114512.90625,
    "OIL_price": 63.04999923706055,
    "USD_CNY_exchange_rate": 7.133800029754639,
    "Commodity_Index_ETF": 22.6200008392334,
    "US_Dollar_Index": 97.96600341796875,
    "ETH_price": 4202.38134765625,
    "GOLD_spot_price": 3877.699951171875,
    "LEAN_HOGS_future": 101.0999984741211,
    "COPPER_future": 4.891499996185303,
    "High_Yield_Bond_ETF": 81.22000122070312,
    "LIVE_CATTLE_future": 231.3000030517578,
    "GOLD_near_month_future": 3877.699951171875,
    "NATURAL_GAS_future": 3.2720000743865967,
    "PLATINUM_future": 1629.5999755859375,
    "SILVER_future": 47.209999084472656,
    "Long_Term_Treasury_ETF": 89.62999725341797,
    "CORN_future": 420.5,
    "SOYBEANS_future": 1007.0,
    "WHEAT_future": 518.0,
    "SP500_close": 6661.2099609375,
    "NASDAQ_close": 22591.150390625,
    "US_10Y_Treasury_Yield": 4.140999794006348,
    "VIX_close": 16.1200008392334,
    "GOLD_basis_spot_vs_near": 0.0,
    "China_10Y_Treasury_Yield": 1.887
  }
}