{
  "latest_date": "2025-08-02",
  "latest_values": {
    "Shanghai_Composite_Index": 3559.951904296875,
    "CSI_300_Index": 4054.929931640625,
    "Shenzhen_Component_Index": 10991.3203125,
    "ALUMINUM_future": 2432.0,
    "BTC_price": 113806.1015625,
    "OIL_price": 67.33000183105469,
    "USD_CNY_exchange_rate": 7.200200080871582,
    "Commodity_Index_ETF": 22.09000015258789,
    "US_Dollar_Index": 98.69000244140625,
    "ETH_price": 3517.5,
    "GOLD_spot_price": 3347.699951171875,
    "LEAN_HOGS_future": 107.3499984741211,
    "COPPER_future": 4.412499904632568,
    "High_Yield_Bond_ETF": 79.9800033569336,
    "LIVE_CATTLE_future": 230.125,
    "GOLD_near_month_future": 3347.699951171875,
    "NATURAL_GAS_future": 3.0829999446868896,
    "PLATINUM_future": 1304.0,
    "SILVER_future": 36.7869987487793,
    "Long_Term_Treasury_ETF": 87.81999969482422,
    "CORN_future": 389.5,
    "SOYBEANS_future": 961.75,
    "WHEAT_future": 516.75,
    "SP500_close": 6238.009765625,
    "NASDAQ_close": 20650.130859375,
    "US_10Y_Treasury_Yield": 4.21999979019165,
    "VIX_close": 20.3799991607666,
    "GOLD_basis_spot_vs_near": 0.0,
    "China_10Y_Treasury_Yield": 1.7059
  }
}