{
  "latest_date": "2025-09-05",
  "latest_values": {
    "Shanghai_Composite_Index": 3812.514404296875,
    "CSI_300_Index": 4460.32470703125,
    "Shenzhen_Component_Index": 12590.5615234375,
    "ALUMINUM_future": 2527.5,
    "BTC_price": 111544.5859375,
    "OIL_price": 62.04999923706055,
    "USD_CNY_exchange_rate": 7.132500171661377,
    "Commodity_Index_ETF": 22.014999389648438,
    "US_Dollar_Index": 97.7699966430664,
    "ETH_price": 4333.9189453125,
    "GOLD_spot_price": 3647.300048828125,
    "LEAN_HOGS_future": 96.125,
    "COPPER_future": 4.544000148773193,
    "High_Yield_Bond_ETF": 80.86000061035156,
    "LIVE_CATTLE_future": 235.97500610351562,
    "GOLD_near_month_future": 3647.300048828125,
    "NATURAL_GAS_future": 3.0409998893737793,
    "PLATINUM_future": 1386.699951171875,
    "SILVER_future": 41.5099983215332,
    "Long_Term_Treasury_ETF": 88.55999755859375,
    "CORN_future": 418.0,
    "SOYBEANS_future": 1026.75,
    "WHEAT_future": 519.0,
    "SP500_close": 6481.5,
    "NASDAQ_close": 21700.388671875,
    "US_10Y_Treasury_Yield": 4.085999965667725,
    "VIX_close": 15.3100004196167,
    "GOLD_basis_spot_vs_near": 0.0,
    "China_10Y_Treasury_Yield": 1.826
  }
}