{
  "latest_date": "2025-09-09",
  "latest_values": {
    "Shanghai_Composite_Index": 3807.292236328125,
    "CSI_300_Index": 4436.25830078125,
    "Shenzhen_Component_Index": 12510.5966796875,
    "ALUMINUM_future": 2552.25,
    "BTC_price": 111040.734375,
    "OIL_price": 62.689998626708984,
    "USD_CNY_exchange_rate": 7.132500171661377,
    "Commodity_Index_ETF": 22.240100860595703,
    "US_Dollar_Index": 97.72799682617188,
    "ETH_price": 4284.66943359375,
    "GOLD_spot_price": 3682.60009765625,
    "LEAN_HOGS_future": 96.1500015258789,
    "COPPER_future": 4.573500156402588,
    "High_Yield_Bond_ETF": 80.75499725341797,
    "LIVE_CATTLE_future": 230.3249969482422,
    "GOLD_near_month_future": 3682.800048828125,
    "NATURAL_GAS_future": 3.0859999656677246,
    "PLATINUM_future": 1371.5,
    "SILVER_future": 41.29499816894531,
    "Long_Term_Treasury_ETF": 89.45500183105469,
    "CORN_future": 420.0,
    "SOYBEANS_future": 1031.25,
    "WHEAT_future": 521.0,
    "SP500_close": 6508.8701171875,
    "NASDAQ_close": 21838.869140625,
    "US_10Y_Treasury_Yield": 4.067999839782715,
    "VIX_close": 15.119999885559082,
    "GOLD_basis_spot_vs_near": -0.199951171875,
    "China_10Y_Treasury_Yield": 1.8641
  }
}