{
  "latest_date": "2025-08-18",
  "latest_values": {
    "Shanghai_Composite_Index": 3696.77099609375,
    "CSI_300_Index": 4202.35009765625,
    "Shenzhen_Component_Index": 11634.669921875,
    "ALUMINUM_future": 2529.25,
    "BTC_price": 115218.703125,
    "OIL_price": 62.68000030517578,
    "USD_CNY_exchange_rate": 7.179500102996826,
    "Commodity_Index_ETF": 21.770000457763672,
    "US_Dollar_Index": 97.98200225830078,
    "ETH_price": 4269.9931640625,
    "GOLD_spot_price": 3394.39990234375,
    "LEAN_HOGS_future": 90.125,
    "COPPER_future": 4.4664998054504395,
    "High_Yield_Bond_ETF": 80.45999908447266,
    "LIVE_CATTLE_future": 230.60000610351562,
    "GOLD_near_month_future": 3394.39990234375,
    "NATURAL_GAS_future": 2.818000078201294,
    "PLATINUM_future": 1337.699951171875,
    "SILVER_future": 38.154998779296875,
    "Long_Term_Treasury_ETF": 86.4000015258789,
    "CORN_future": 402.25,
    "SOYBEANS_future": 1035.25,
    "WHEAT_future": 522.5,
    "SP500_close": 6449.7998046875,
    "NASDAQ_close": 21622.98046875,
    "US_10Y_Treasury_Yield": 4.328000068664551,
    "VIX_close": 15.770000457763672,
    "GOLD_basis_spot_vs_near": 0.0,
    "China_10Y_Treasury_Yield": 1.7465
  }
}