{
  "latest_date": "2025-08-05",
  "latest_values": {
    "Shanghai_Composite_Index": 3583.30908203125,
    "CSI_300_Index": 4070.699951171875,
    "Shenzhen_Component_Index": 11041.5595703125,
    "ALUMINUM_future": 2427.0,
    "BTC_price": 114005.1328125,
    "OIL_price": 65.95999908447266,
    "USD_CNY_exchange_rate": 7.211599826812744,
    "Commodity_Index_ETF": 22.010000228881836,
    "US_Dollar_Index": 98.93499755859375,
    "ETH_price": 3618.37646484375,
    "GOLD_spot_price": 3428.39990234375,
    "LEAN_HOGS_future": 90.8499984741211,
    "COPPER_future": 4.44350004196167,
    "High_Yield_Bond_ETF": 80.25,
    "LIVE_CATTLE_future": 230.5749969482422,
    "GOLD_near_month_future": 3428.39990234375,
    "NATURAL_GAS_future": 2.9609999656677246,
    "PLATINUM_future": 1338.300048828125,
    "SILVER_future": 37.43000030517578,
    "Long_Term_Treasury_ETF": 88.05999755859375,
    "CORN_future": 404.0,
    "SOYBEANS_future": 995.0,
    "WHEAT_future": 513.75,
    "SP500_close": 6329.93994140625,
    "NASDAQ_close": 21053.580078125,
    "US_10Y_Treasury_Yield": 4.199999809265137,
    "VIX_close": 17.510000228881836,
    "GOLD_basis_spot_vs_near": 0.0,
    "China_10Y_Treasury_Yield": 1.7083
  }
}