{
  "latest_date": "2025-07-28",
  "latest_values": {
    "Shanghai_Composite_Index": 3597.93701171875,
    "CSI_300_Index": 4135.82421875,
    "Shenzhen_Component_Index": 11217.5810546875,
    "ALUMINUM_future": 2580.25,
    "BTC_price": 117513.0703125,
    "OIL_price": 66.58000183105469,
    "USD_CNY_exchange_rate": 7.153500080108643,
    "Commodity_Index_ETF": 22.295000076293945,
    "US_Dollar_Index": 98.64099884033203,
    "ETH_price": 3762.066162109375,
    "GOLD_spot_price": 3309.39990234375,
    "LEAN_HOGS_future": 108.625,
    "COPPER_future": 5.609499931335449,
    "High_Yield_Bond_ETF": 80.4800033569336,
    "LIVE_CATTLE_future": 228.0,
    "GOLD_near_month_future": 3365.800048828125,
    "NATURAL_GAS_future": 3.0139999389648438,
    "PLATINUM_future": 1421.5999755859375,
    "SILVER_future": 38.21500015258789,
    "Long_Term_Treasury_ETF": 85.93000030517578,
    "CORN_future": 413.5,
    "SOYBEANS_future": 1011.5,
    "WHEAT_future": 538.75,
    "SP500_close": 6378.25,
    "NASDAQ_close": 21142.115234375,
    "US_10Y_Treasury_Yield": 4.414000034332275,
    "VIX_close": 15.329999923706055,
    "GOLD_basis_spot_vs_near": -56.400146484375,
    "China_10Y_Treasury_Yield": 1.7146
  }
}