{
  "latest_date": "2025-08-28",
  "latest_values": {
    "Shanghai_Composite_Index": 3800.35009765625,
    "CSI_300_Index": 4386.1298828125,
    "Shenzhen_Component_Index": 12295.0703125,
    "ALUMINUM_future": 2532.75,
    "BTC_price": 113219.28125,
    "OIL_price": 63.63999938964844,
    "USD_CNY_exchange_rate": 7.1519999504089355,
    "Commodity_Index_ETF": 22.040000915527344,
    "US_Dollar_Index": 98.13300323486328,
    "ETH_price": 4604.0546875,
    "GOLD_spot_price": 3456.60009765625,
    "LEAN_HOGS_future": 93.875,
    "COPPER_future": 4.493500232696533,
    "High_Yield_Bond_ETF": 80.97000122070312,
    "LIVE_CATTLE_future": 239.5749969482422,
    "GOLD_near_month_future": 3456.60009765625,
    "NATURAL_GAS_future": 2.885999917984009,
    "PLATINUM_future": 1353.5,
    "SILVER_future": 38.9900016784668,
    "Long_Term_Treasury_ETF": 86.6500015258789,
    "CORN_future": 405.75,
    "SOYBEANS_future": 1045.75,
    "WHEAT_future": 523.0,
    "SP500_close": 6481.39990234375,
    "NASDAQ_close": 21590.140625,
    "US_10Y_Treasury_Yield": 4.23799991607666,
    "VIX_close": 14.40999984741211,
    "GOLD_basis_spot_vs_near": 0.0,
    "China_10Y_Treasury_Yield": 1.7988
  }
}