{
  "latest_date": "2025-07-07",
  "latest_values": {
    "Shanghai_Composite_Index": 3473.127197265625,
    "CSI_300_Index": 3965.174560546875,
    "Shenzhen_Component_Index": 10435.5068359375,
    "ALUMINUM_future": 2526.5,
    "BTC_price": 107923.0234375,
    "OIL_price": 68.0,
    "USD_CNY_exchange_rate": 7.173900127410889,
    "Commodity_Index_ETF": 22.260000228881836,
    "US_Dollar_Index": 97.45600128173828,
    "ETH_price": 2537.501220703125,
    "GOLD_spot_price": 3347.199951171875,
    "LEAN_HOGS_future": 107.2750015258789,
    "COPPER_future": 5.014999866485596,
    "High_Yield_Bond_ETF": 80.11000061035156,
    "LIVE_CATTLE_future": 215.9250030517578,
    "GOLD_near_month_future": 3347.39990234375,
    "NATURAL_GAS_future": 3.4089999198913574,
    "PLATINUM_future": 1383.5999755859375,
    "SILVER_future": 36.95000076293945,
    "Long_Term_Treasury_ETF": 86.13999938964844,
    "CORN_future": 421.0,
    "SOYBEANS_future": 1020.75,
    "WHEAT_future": 548.75,
    "SP500_close": 6229.97998046875,
    "NASDAQ_close": 20412.515625,
    "US_10Y_Treasury_Yield": 4.394999980926514,
    "VIX_close": 17.84000015258789,
    "GOLD_basis_spot_vs_near": -0.199951171875,
    "China_10Y_Treasury_Yield": 1.6406
  }
}