{
  "latest_date": "2025-06-30",
  "latest_values": {
    "Shanghai_Composite_Index": 3444.425537109375,
    "CSI_300_Index": 3936.0791015625,
    "Shenzhen_Component_Index": 10465.1201171875,
    "ALUMINUM_future": 2563.0,
    "BTC_price": 107591.4140625,
    "OIL_price": 65.0,
    "USD_CNY_exchange_rate": 7.167500019073486,
    "Commodity_Index_ETF": 21.780000686645508,
    "US_Dollar_Index": 96.95700073242188,
    "ETH_price": 2493.90234375,
    "GOLD_spot_price": 3305.60009765625,
    "LEAN_HOGS_future": 110.17500305175781,
    "COPPER_future": 5.088500022888184,
    "High_Yield_Bond_ETF": 80.6050033569336,
    "LIVE_CATTLE_future": 213.875,
    "GOLD_near_month_future": 3305.60009765625,
    "NATURAL_GAS_future": 3.427000045776367,
    "PLATINUM_future": 1348.4000244140625,
    "SILVER_future": 36.17499923706055,
    "Long_Term_Treasury_ETF": 88.2865982055664,
    "CORN_future": 426.0,
    "SOYBEANS_future": 1028.75,
    "WHEAT_future": 542.25,
    "SP500_close": 6186.1201171875,
    "NASDAQ_close": 20318.72265625,
    "US_10Y_Treasury_Yield": 4.23799991607666,
    "VIX_close": 17.06999969482422,
    "GOLD_basis_spot_vs_near": 0.0,
    "China_10Y_Treasury_Yield": 1.6469
  }
}