{
  "latest_date": "2025-07-31",
  "latest_values": {
    "Shanghai_Composite_Index": 3573.208251953125,
    "CSI_300_Index": 4075.59130859375,
    "Shenzhen_Component_Index": 11009.7685546875,
    "ALUMINUM_future": 2489.0,
    "BTC_price": 117605.4453125,
    "OIL_price": 69.19999694824219,
    "USD_CNY_exchange_rate": 7.176400184631348,
    "Commodity_Index_ETF": 22.44499969482422,
    "US_Dollar_Index": 99.97799682617188,
    "ETH_price": 3775.5869140625,
    "GOLD_spot_price": 3348.300048828125,
    "LEAN_HOGS_future": 106.9749984741211,
    "COPPER_future": 4.417500019073486,
    "High_Yield_Bond_ETF": 80.36499786376953,
    "LIVE_CATTLE_future": 228.3000030517578,
    "GOLD_near_month_future": 3348.199951171875,
    "NATURAL_GAS_future": 3.0950000286102295,
    "PLATINUM_future": 1301.199951171875,
    "SILVER_future": 36.779998779296875,
    "Long_Term_Treasury_ETF": 86.95500183105469,
    "CORN_future": 413.75,
    "SOYBEANS_future": 990.25,
    "WHEAT_future": 524.0,
    "SP500_close": 6363.0400390625,
    "NASDAQ_close": 21187.1015625,
    "US_10Y_Treasury_Yield": 4.355999946594238,
    "VIX_close": 16.209999084472656,
    "GOLD_basis_spot_vs_near": 0.10009765625,
    "China_10Y_Treasury_Yield": 1.7044
  }
}