{
  "latest_date": "2025-07-11",
  "latest_values": {
    "Shanghai_Composite_Index": 3509.681884765625,
    "CSI_300_Index": 4010.02001953125,
    "Shenzhen_Component_Index": 10631.1298828125,
    "ALUMINUM_future": 2547.5,
    "BTC_price": 117519.3671875,
    "OIL_price": 67.08999633789062,
    "USD_CNY_exchange_rate": 7.179999828338623,
    "Commodity_Index_ETF": 22.219999313354492,
    "US_Dollar_Index": 97.85800170898438,
    "ETH_price": 2982.223388671875,
    "GOLD_spot_price": 3343.800048828125,
    "LEAN_HOGS_future": 106.25,
    "COPPER_future": 5.548500061035156,
    "High_Yield_Bond_ETF": 80.12999725341797,
    "LIVE_CATTLE_future": 219.0749969482422,
    "GOLD_near_month_future": 3398.699951171875,
    "NATURAL_GAS_future": 3.367000102996826,
    "PLATINUM_future": 1411.800048828125,
    "SILVER_future": 37.94499969482422,
    "Long_Term_Treasury_ETF": 86.98999786376953,
    "CORN_future": 415.0,
    "SOYBEANS_future": 1014.0,
    "WHEAT_future": 553.5,
    "SP500_close": 6280.4599609375,
    "NASDAQ_close": 20630.66015625,
    "US_10Y_Treasury_Yield": 4.3460001945495605,
    "VIX_close": 15.779999732971191,
    "GOLD_basis_spot_vs_near": -54.89990234375,
    "China_10Y_Treasury_Yield": 1.6616
  }
}