{
  "latest_date": "2025-07-11",
  "latest_values": {
    "Shanghai_Composite_Index": 3510.17724609375,
    "CSI_300_Index": 4014.806884765625,
    "Shenzhen_Component_Index": 10696.09765625,
    "ALUMINUM_future": 2530.5,
    "BTC_price": 117715.609375,
    "OIL_price": 68.62000274658203,
    "USD_CNY_exchange_rate": 7.179999828338623,
    "Commodity_Index_ETF": 22.50670051574707,
    "US_Dollar_Index": 97.82599639892578,
    "ETH_price": 2994.06884765625,
    "GOLD_spot_price": 3370.89990234375,
    "LEAN_HOGS_future": 104.8499984741211,
    "COPPER_future": 5.607500076293945,
    "High_Yield_Bond_ETF": 79.98500061035156,
    "LIVE_CATTLE_future": 222.375,
    "GOLD_near_month_future": 3426.0,
    "NATURAL_GAS_future": 3.3289999961853027,
    "PLATINUM_future": 1474.4000244140625,
    "SILVER_future": 39.17499923706055,
    "Long_Term_Treasury_ETF": 85.76499938964844,
    "CORN_future": 412.25,
    "SOYBEANS_future": 1007.5,
    "WHEAT_future": 545.5,
    "SP500_close": 6257.97021484375,
    "NASDAQ_close": 20583.708984375,
    "US_10Y_Treasury_Yield": 4.425000190734863,
    "VIX_close": 16.0,
    "GOLD_basis_spot_vs_near": -55.10009765625,
    "China_10Y_Treasury_Yield": 1.6653
  }
}