{
  "latest_date": "2025-09-03",
  "latest_values": {
    "Shanghai_Composite_Index": 3813.556640625,
    "CSI_300_Index": 4459.82958984375,
    "Shenzhen_Component_Index": 12471.9951171875,
    "ALUMINUM_future": 2528.5,
    "BTC_price": 112110.390625,
    "OIL_price": 63.77000045776367,
    "USD_CNY_exchange_rate": 7.140999794006348,
    "Commodity_Index_ETF": 22.3700008392334,
    "US_Dollar_Index": 98.14299774169922,
    "ETH_price": 4467.86767578125,
    "GOLD_spot_price": 3619.699951171875,
    "LEAN_HOGS_future": 93.82499694824219,
    "COPPER_future": 4.617000102996826,
    "High_Yield_Bond_ETF": 80.61000061035156,
    "LIVE_CATTLE_future": 238.1999969482422,
    "GOLD_near_month_future": 3619.5,
    "NATURAL_GAS_future": 3.071000099182129,
    "PLATINUM_future": 1443.5,
    "SILVER_future": 41.810001373291016,
    "Long_Term_Treasury_ETF": 86.56999969482422,
    "CORN_future": 418.25,
    "SOYBEANS_future": 1031.75,
    "WHEAT_future": 522.25,
    "SP500_close": 6448.259765625,
    "NASDAQ_close": 21497.7265625,
    "US_10Y_Treasury_Yield": 4.210999965667725,
    "VIX_close": 16.350000381469727,
    "GOLD_basis_spot_vs_near": 0.199951171875,
    "China_10Y_Treasury_Yield": 1.7984
  }
}