{
  "latest_date": "2025-07-29",
  "latest_values": {
    "Shanghai_Composite_Index": 3597.93701171875,
    "CSI_300_Index": 4135.81982421875,
    "Shenzhen_Component_Index": 11217.580078125,
    "ALUMINUM_future": 2567.5,
    "BTC_price": 118979.671875,
    "OIL_price": 66.62000274658203,
    "USD_CNY_exchange_rate": 7.153500080108643,
    "Commodity_Index_ETF": 22.399999618530273,
    "US_Dollar_Index": 98.9020004272461,
    "ETH_price": 3872.906005859375,
    "GOLD_spot_price": 3316.5,
    "LEAN_HOGS_future": 108.3499984741211,
    "COPPER_future": 5.5945000648498535,
    "High_Yield_Bond_ETF": 80.44999694824219,
    "LIVE_CATTLE_future": 227.75,
    "GOLD_near_month_future": 3372.39990234375,
    "NATURAL_GAS_future": 3.052999973297119,
    "PLATINUM_future": 1407.800048828125,
    "SILVER_future": 38.20500183105469,
    "Long_Term_Treasury_ETF": 85.87000274658203,
    "CORN_future": 414.25,
    "SOYBEANS_future": 1011.25,
    "WHEAT_future": 534.0,
    "SP500_close": 6389.77001953125,
    "NASDAQ_close": 21178.580078125,
    "US_10Y_Treasury_Yield": 4.420000076293945,
    "VIX_close": 14.800000190734863,
    "GOLD_basis_spot_vs_near": -55.89990234375,
    "China_10Y_Treasury_Yield": 1.7146
  }
}