{
  "latest_date": "2025-07-23",
  "latest_values": {
    "Shanghai_Composite_Index": 3581.861083984375,
    "CSI_300_Index": 4118.9599609375,
    "Shenzhen_Component_Index": 11099.830078125,
    "ALUMINUM_future": 2654.0,
    "BTC_price": 118754.9609375,
    "OIL_price": 66.36000061035156,
    "USD_CNY_exchange_rate": 7.17549991607666,
    "Commodity_Index_ETF": 22.440000534057617,
    "US_Dollar_Index": 97.48200225830078,
    "ETH_price": 3724.658935546875,
    "GOLD_spot_price": 3437.5,
    "LEAN_HOGS_future": 107.625,
    "COPPER_future": 5.773499965667725,
    "High_Yield_Bond_ETF": 80.5,
    "LIVE_CATTLE_future": 224.89999389648438,
    "GOLD_near_month_future": 3496.800048828125,
    "NATURAL_GAS_future": 3.252000093460083,
    "PLATINUM_future": 1484.699951171875,
    "SILVER_future": 39.685001373291016,
    "Long_Term_Treasury_ETF": 86.5199966430664,
    "CORN_future": 418.5,
    "SOYBEANS_future": 1031.75,
    "WHEAT_future": 550.5,
    "SP500_close": 6309.6201171875,
    "NASDAQ_close": 20892.689453125,
    "US_10Y_Treasury_Yield": 4.335999965667725,
    "VIX_close": 16.5,
    "GOLD_basis_spot_vs_near": -59.300048828125,
    "China_10Y_Treasury_Yield": 1.6907
  }
}