{
  "latest_date": "2025-08-01",
  "latest_values": {
    "Shanghai_Composite_Index": 3559.951904296875,
    "CSI_300_Index": 4054.9287109375,
    "Shenzhen_Component_Index": 11009.76953125,
    "ALUMINUM_future": 2480.0,
    "BTC_price": 115435.640625,
    "OIL_price": 67.4800033569336,
    "USD_CNY_exchange_rate": 7.211100101470947,
    "Commodity_Index_ETF": 22.13559913635254,
    "US_Dollar_Index": 98.90499877929688,
    "ETH_price": 3613.86962890625,
    "GOLD_spot_price": 3402.0,
    "LEAN_HOGS_future": 89.3499984741211,
    "COPPER_future": 4.416999816894531,
    "High_Yield_Bond_ETF": 80.0199966430664,
    "LIVE_CATTLE_future": 223.9499969482422,
    "GOLD_near_month_future": 3401.89990234375,
    "NATURAL_GAS_future": 3.1040000915527344,
    "PLATINUM_future": 1323.0999755859375,
    "SILVER_future": 36.98500061035156,
    "Long_Term_Treasury_ETF": 87.72000122070312,
    "CORN_future": 411.0,
    "SOYBEANS_future": 991.5,
    "WHEAT_future": 537.75,
    "SP500_close": 6266.259765625,
    "NASDAQ_close": 20782.71875,
    "US_10Y_Treasury_Yield": 4.240000247955322,
    "VIX_close": 19.729999542236328,
    "GOLD_basis_spot_vs_near": 0.10009765625,
    "China_10Y_Treasury_Yield": 1.7059
  }
}