{
  "latest_date": "2025-07-23",
  "latest_values": {
    "Shanghai_Composite_Index": 3581.861083984375,
    "CSI_300_Index": 4118.9599609375,
    "Shenzhen_Component_Index": 11099.830078125,
    "ALUMINUM_future": 2633.5,
    "BTC_price": 118365.96875,
    "OIL_price": 65.23999786376953,
    "USD_CNY_exchange_rate": 7.17549991607666,
    "Commodity_Index_ETF": 22.440000534057617,
    "US_Dollar_Index": 97.39299774169922,
    "ETH_price": 3674.0390625,
    "GOLD_spot_price": 3434.300048828125,
    "LEAN_HOGS_future": 107.625,
    "COPPER_future": 5.747499942779541,
    "High_Yield_Bond_ETF": 80.5,
    "LIVE_CATTLE_future": 224.89999389648438,
    "GOLD_near_month_future": 3492.300048828125,
    "NATURAL_GAS_future": 3.2360000610351562,
    "PLATINUM_future": 1488.699951171875,
    "SILVER_future": 39.54499816894531,
    "Long_Term_Treasury_ETF": 86.5199966430664,
    "CORN_future": 417.5,
    "SOYBEANS_future": 1030.0,
    "WHEAT_future": 550.25,
    "SP500_close": 6309.6201171875,
    "NASDAQ_close": 20892.689453125,
    "US_10Y_Treasury_Yield": 4.335999965667725,
    "VIX_close": 16.309999465942383,
    "GOLD_basis_spot_vs_near": -58.0,
    "China_10Y_Treasury_Yield": 1.6907
  }
}