{
  "latest_date": "2025-08-22",
  "latest_values": {
    "Shanghai_Composite_Index": 3825.75927734375,
    "CSI_300_Index": 4377.99755859375,
    "Shenzhen_Component_Index": 11919.759765625,
    "ALUMINUM_future": 2513.5,
    "BTC_price": 116567.3359375,
    "OIL_price": 63.560001373291016,
    "USD_CNY_exchange_rate": 7.1757001876831055,
    "Commodity_Index_ETF": 22.107500076293945,
    "US_Dollar_Index": 97.73699951171875,
    "ETH_price": 4652.72705078125,
    "GOLD_spot_price": 3416.800048828125,
    "LEAN_HOGS_future": 91.32499694824219,
    "COPPER_future": 4.4695000648498535,
    "High_Yield_Bond_ETF": 80.74500274658203,
    "LIVE_CATTLE_future": 236.375,
    "GOLD_near_month_future": 3416.800048828125,
    "NATURAL_GAS_future": 2.7170000076293945,
    "PLATINUM_future": 1367.800048828125,
    "SILVER_future": 39.0099983215332,
    "Long_Term_Treasury_ETF": 87.08999633789062,
    "CORN_future": 411.0,
    "SOYBEANS_future": 1061.25,
    "WHEAT_future": 528.75,
    "SP500_close": 6472.52978515625,
    "NASDAQ_close": 21490.46875,
    "US_10Y_Treasury_Yield": 4.259999752044678,
    "VIX_close": 14.520000457763672,
    "GOLD_basis_spot_vs_near": 0.0,
    "China_10Y_Treasury_Yield": 1.7818
  }
}