{
  "latest_date": "2025-07-16",
  "latest_values": {
    "Shanghai_Composite_Index": 3503.77685546875,
    "CSI_300_Index": 4007.201904296875,
    "Shenzhen_Component_Index": 10720.806640625,
    "ALUMINUM_future": 2472.25,
    "BTC_price": 119310.5859375,
    "OIL_price": 66.66999816894531,
    "USD_CNY_exchange_rate": 7.166999816894531,
    "Commodity_Index_ETF": 22.315000534057617,
    "US_Dollar_Index": 98.30799865722656,
    "ETH_price": 3392.48388671875,
    "GOLD_spot_price": 3355.10009765625,
    "LEAN_HOGS_future": 104.55000305175781,
    "COPPER_future": 5.512499809265137,
    "High_Yield_Bond_ETF": 80.04000091552734,
    "LIVE_CATTLE_future": 223.875,
    "GOLD_near_month_future": 3410.89990234375,
    "NATURAL_GAS_future": 3.565000057220459,
    "PLATINUM_future": 1435.0,
    "SILVER_future": 38.099998474121094,
    "Long_Term_Treasury_ETF": 85.12999725341797,
    "CORN_future": 424.5,
    "SOYBEANS_future": 1019.75,
    "WHEAT_future": 542.25,
    "SP500_close": 6263.7001953125,
    "NASDAQ_close": 20730.490234375,
    "US_10Y_Treasury_Yield": 4.454999923706055,
    "VIX_close": 17.1200008392334,
    "GOLD_basis_spot_vs_near": -55.7998046875,
    "China_10Y_Treasury_Yield": 1.6617
  }
}