{
  "latest_date": "2025-08-06",
  "latest_values": {
    "Shanghai_Composite_Index": 3633.994873046875,
    "CSI_300_Index": 4113.4853515625,
    "Shenzhen_Component_Index": 11177.7822265625,
    "ALUMINUM_future": 2544.5,
    "BTC_price": 115082.0625,
    "OIL_price": 64.30999755859375,
    "USD_CNY_exchange_rate": 7.1834001541137695,
    "Commodity_Index_ETF": 21.770000457763672,
    "US_Dollar_Index": 98.19100189208984,
    "ETH_price": 3680.1396484375,
    "GOLD_spot_price": 3434.89990234375,
    "LEAN_HOGS_future": 91.92500305175781,
    "COPPER_future": 4.414000034332275,
    "High_Yield_Bond_ETF": 80.29000091552734,
    "LIVE_CATTLE_future": 229.4499969482422,
    "GOLD_near_month_future": 3435.0,
    "NATURAL_GAS_future": 3.0869998931884766,
    "PLATINUM_future": 1357.0999755859375,
    "SILVER_future": 38.005001068115234,
    "Long_Term_Treasury_ETF": 87.81999969482422,
    "CORN_future": 402.0,
    "SOYBEANS_future": 985.25,
    "WHEAT_future": 529.0,
    "SP500_close": 6345.06005859375,
    "NASDAQ_close": 21169.423828125,
    "US_10Y_Treasury_Yield": 4.220000267028809,
    "VIX_close": 16.770000457763672,
    "GOLD_basis_spot_vs_near": -0.10009765625,
    "China_10Y_Treasury_Yield": 1.6999
  }
}