{
  "latest_date": "2025-08-19",
  "latest_values": {
    "Shanghai_Composite_Index": 3727.287841796875,
    "CSI_300_Index": 4223.3740234375,
    "Shenzhen_Component_Index": 11821.6259765625,
    "ALUMINUM_future": 2476.75,
    "BTC_price": 112811.765625,
    "OIL_price": 62.47999954223633,
    "USD_CNY_exchange_rate": 7.181700229644775,
    "Commodity_Index_ETF": 21.635000228881836,
    "US_Dollar_Index": 98.26499938964844,
    "ETH_price": 4128.59619140625,
    "GOLD_spot_price": 3362.10009765625,
    "LEAN_HOGS_future": 90.0999984741211,
    "COPPER_future": 4.427499771118164,
    "High_Yield_Bond_ETF": 80.38929748535156,
    "LIVE_CATTLE_future": 231.3000030517578,
    "GOLD_near_month_future": 3362.300048828125,
    "NATURAL_GAS_future": 2.7679998874664307,
    "PLATINUM_future": 1309.9000244140625,
    "SILVER_future": 37.27000045776367,
    "Long_Term_Treasury_ETF": 86.66500091552734,
    "CORN_future": 403.0,
    "SOYBEANS_future": 1033.25,
    "WHEAT_future": 520.75,
    "SP500_close": 6403.10009765625,
    "NASDAQ_close": 21291.11328125,
    "US_10Y_Treasury_Yield": 4.300000190734863,
    "VIX_close": 15.789999961853027,
    "GOLD_basis_spot_vs_near": -0.199951171875,
    "China_10Y_Treasury_Yield": 1.7725
  }
}