{
  "latest_date": "2025-08-30",
  "latest_values": {
    "Shanghai_Composite_Index": 3857.927001953125,
    "CSI_300_Index": 4496.759765625,
    "Shenzhen_Component_Index": 12696.150390625,
    "ALUMINUM_future": 2535.25,
    "BTC_price": 108070.890625,
    "OIL_price": 64.01000213623047,
    "USD_CNY_exchange_rate": 7.129899978637695,
    "Commodity_Index_ETF": 22.209999084472656,
    "US_Dollar_Index": 97.8550033569336,
    "ETH_price": 4326.40673828125,
    "GOLD_spot_price": 3516.10009765625,
    "LEAN_HOGS_future": 95.0,
    "COPPER_future": 4.585000038146973,
    "High_Yield_Bond_ETF": 80.86000061035156,
    "LIVE_CATTLE_future": 239.8000030517578,
    "GOLD_near_month_future": 3516.5,
    "NATURAL_GAS_future": 3.0160000324249268,
    "PLATINUM_future": 1370.300048828125,
    "SILVER_future": 40.75,
    "Long_Term_Treasury_ETF": 86.5999984741211,
    "CORN_future": 420.0,
    "SOYBEANS_future": 1053.0,
    "WHEAT_future": 533.75,
    "SP500_close": 6460.259765625,
    "NASDAQ_close": 21455.55078125,
    "US_10Y_Treasury_Yield": 4.2270002365112305,
    "VIX_close": 15.359999656677246,
    "GOLD_basis_spot_vs_near": -0.39990234375,
    "China_10Y_Treasury_Yield": 1.8379
  }
}