{
  "latest_date": "2025-07-21",
  "latest_values": {
    "Shanghai_Composite_Index": 3534.48291015625,
    "CSI_300_Index": 4058.550048828125,
    "Shenzhen_Component_Index": 10913.83984375,
    "ALUMINUM_future": 2507.25,
    "BTC_price": 118694.21875,
    "OIL_price": 67.23999786376953,
    "USD_CNY_exchange_rate": 7.183199882507324,
    "Commodity_Index_ETF": 22.530000686645508,
    "US_Dollar_Index": 98.23899841308594,
    "ETH_price": 3772.802978515625,
    "GOLD_spot_price": 3373.699951171875,
    "LEAN_HOGS_future": 106.5,
    "COPPER_future": 5.635000228881836,
    "High_Yield_Bond_ETF": 80.25,
    "LIVE_CATTLE_future": 223.3000030517578,
    "GOLD_near_month_future": 3427.60009765625,
    "NATURAL_GAS_future": 3.371000051498413,
    "PLATINUM_future": 1466.5,
    "SILVER_future": 38.834999084472656,
    "Long_Term_Treasury_ETF": 85.23999786376953,
    "CORN_future": 424.75,
    "SOYBEANS_future": 1027.5,
    "WHEAT_future": 547.5,
    "SP500_close": 6296.7900390625,
    "NASDAQ_close": 20895.650390625,
    "US_10Y_Treasury_Yield": 4.432000160217285,
    "VIX_close": 16.889999389648438,
    "GOLD_basis_spot_vs_near": -53.900146484375,
    "China_10Y_Treasury_Yield": 1.6774
  }
}