{
  "latest_date": "2025-08-07",
  "latest_values": {
    "Shanghai_Composite_Index": 3639.66650390625,
    "CSI_300_Index": 4114.666015625,
    "Shenzhen_Component_Index": 11177.7802734375,
    "ALUMINUM_future": 2538.5,
    "BTC_price": 116702.171875,
    "OIL_price": 64.0199966430664,
    "USD_CNY_exchange_rate": 7.1834001541137695,
    "Commodity_Index_ETF": 21.86479949951172,
    "US_Dollar_Index": 98.27200317382812,
    "ETH_price": 3838.609375,
    "GOLD_spot_price": 3454.199951171875,
    "LEAN_HOGS_future": 90.44999694824219,
    "COPPER_future": 4.4085001945495605,
    "High_Yield_Bond_ETF": 80.22000122070312,
    "LIVE_CATTLE_future": 229.75,
    "GOLD_near_month_future": 3454.199951171875,
    "NATURAL_GAS_future": 3.0409998893737793,
    "PLATINUM_future": 1351.5999755859375,
    "SILVER_future": 38.33000183105469,
    "Long_Term_Treasury_ETF": 88.11499786376953,
    "CORN_future": 406.0,
    "SOYBEANS_future": 991.5,
    "WHEAT_future": 539.25,
    "SP500_close": 6334.56005859375,
    "NASDAQ_close": 21227.76953125,
    "US_10Y_Treasury_Yield": 4.2270002365112305,
    "VIX_close": 17.030000686645508,
    "GOLD_basis_spot_vs_near": 0.0,
    "China_10Y_Treasury_Yield": 1.6894
  }
}