{
  "latest_date": "2025-07-10",
  "latest_values": {
    "Shanghai_Composite_Index": 3493.049560546875,
    "CSI_300_Index": 3991.400634765625,
    "Shenzhen_Component_Index": 10581.7978515625,
    "ALUMINUM_future": 2543.25,
    "BTC_price": 111302.6015625,
    "OIL_price": 68.11000061035156,
    "USD_CNY_exchange_rate": 7.179500102996826,
    "Commodity_Index_ETF": 22.290000915527344,
    "US_Dollar_Index": 97.33899688720703,
    "ETH_price": 2770.61767578125,
    "GOLD_spot_price": 3326.699951171875,
    "LEAN_HOGS_future": 107.5250015258789,
    "COPPER_future": 5.554500102996826,
    "High_Yield_Bond_ETF": 80.20999908447266,
    "LIVE_CATTLE_future": 220.125,
    "GOLD_near_month_future": 3381.89990234375,
    "NATURAL_GAS_future": 3.2079999446868896,
    "PLATINUM_future": 1383.5999755859375,
    "SILVER_future": 36.60499954223633,
    "Long_Term_Treasury_ETF": 86.93000030517578,
    "CORN_future": 413.5,
    "SOYBEANS_future": 1005.25,
    "WHEAT_future": 543.75,
    "SP500_close": 6263.259765625,
    "NASDAQ_close": 20611.337890625,
    "US_10Y_Treasury_Yield": 4.3420000076293945,
    "VIX_close": 15.9399995803833,
    "GOLD_basis_spot_vs_near": -55.199951171875,
    "China_10Y_Treasury_Yield": 1.6446
  }
}