{
  "latest_date": "2025-07-10",
  "latest_values": {
    "Shanghai_Composite_Index": 3509.681884765625,
    "CSI_300_Index": 4010.0244140625,
    "Shenzhen_Component_Index": 10581.7998046875,
    "ALUMINUM_future": 2556.25,
    "BTC_price": 111288.015625,
    "OIL_price": 67.0199966430664,
    "USD_CNY_exchange_rate": 7.173799991607666,
    "Commodity_Index_ETF": 22.200000762939453,
    "US_Dollar_Index": 97.7969970703125,
    "ETH_price": 2774.703857421875,
    "GOLD_spot_price": 3323.199951171875,
    "LEAN_HOGS_future": 106.57499694824219,
    "COPPER_future": 5.583000183105469,
    "High_Yield_Bond_ETF": 80.1500015258789,
    "LIVE_CATTLE_future": 220.14999389648438,
    "GOLD_near_month_future": 3378.89990234375,
    "NATURAL_GAS_future": 3.2750000953674316,
    "PLATINUM_future": 1414.5,
    "SILVER_future": 36.96500015258789,
    "Long_Term_Treasury_ETF": 86.72000122070312,
    "CORN_future": 415.5,
    "SOYBEANS_future": 1008.0,
    "WHEAT_future": 548.25,
    "SP500_close": 6274.2099609375,
    "NASDAQ_close": 20570.66796875,
    "US_10Y_Treasury_Yield": 4.363999843597412,
    "VIX_close": 15.869999885559082,
    "GOLD_basis_spot_vs_near": -55.699951171875,
    "China_10Y_Treasury_Yield": 1.6616
  }
}