{
  "latest_date": "2025-09-29",
  "latest_values": {
    "Shanghai_Composite_Index": 3828.10595703125,
    "CSI_300_Index": 4550.0498046875,
    "Shenzhen_Component_Index": 13209.0,
    "ALUMINUM_future": 2599.25,
    "BTC_price": 111841.0859375,
    "OIL_price": 65.2300033569336,
    "USD_CNY_exchange_rate": 7.133800029754639,
    "Commodity_Index_ETF": 22.809999465942383,
    "US_Dollar_Index": 97.95800018310547,
    "ETH_price": 4119.2333984375,
    "GOLD_spot_price": 3823.60009765625,
    "LEAN_HOGS_future": 92.17500305175781,
    "COPPER_future": 4.809999942779541,
    "High_Yield_Bond_ETF": 81.08000183105469,
    "LIVE_CATTLE_future": 234.35000610351562,
    "GOLD_near_month_future": 3823.89990234375,
    "NATURAL_GAS_future": 3.1489999294281006,
    "PLATINUM_future": 1638.300048828125,
    "SILVER_future": 47.185001373291016,
    "Long_Term_Treasury_ETF": 88.9000015258789,
    "CORN_future": 421.5,
    "SOYBEANS_future": 1010.25,
    "WHEAT_future": 520.75,
    "SP500_close": 6643.7001953125,
    "NASDAQ_close": 22484.0703125,
    "US_10Y_Treasury_Yield": 4.186999797821045,
    "VIX_close": 15.289999961853027,
    "GOLD_basis_spot_vs_near": -0.2998046875,
    "China_10Y_Treasury_Yield": 1.8781
  }
}