{
  "latest_date": "2025-09-10",
  "latest_values": {
    "Shanghai_Composite_Index": 3807.2919921875,
    "CSI_300_Index": 4436.259765625,
    "Shenzhen_Component_Index": 12510.599609375,
    "ALUMINUM_future": 2549.5,
    "BTC_price": 111448.484375,
    "OIL_price": 63.2599983215332,
    "USD_CNY_exchange_rate": 7.129300117492676,
    "Commodity_Index_ETF": 22.239999771118164,
    "US_Dollar_Index": 97.72100067138672,
    "ETH_price": 4310.17822265625,
    "GOLD_spot_price": 3680.0,
    "LEAN_HOGS_future": 96.1500015258789,
    "COPPER_future": 4.588500022888184,
    "High_Yield_Bond_ETF": 80.77999877929688,
    "LIVE_CATTLE_future": 230.02499389648438,
    "GOLD_near_month_future": 3679.699951171875,
    "NATURAL_GAS_future": 3.0850000381469727,
    "PLATINUM_future": 1386.5999755859375,
    "SILVER_future": 41.54499816894531,
    "Long_Term_Treasury_ETF": 89.2300033569336,
    "CORN_future": 419.0,
    "SOYBEANS_future": 1028.25,
    "WHEAT_future": 520.0,
    "SP500_close": 6512.60986328125,
    "NASDAQ_close": 21879.490234375,
    "US_10Y_Treasury_Yield": 4.073999881744385,
    "VIX_close": 15.039999961853027,
    "GOLD_basis_spot_vs_near": 0.300048828125,
    "China_10Y_Treasury_Yield": 1.8641
  }
}