{
  "latest_date": "2025-07-02",
  "latest_values": {
    "Shanghai_Composite_Index": 3457.7470703125,
    "CSI_300_Index": 3942.760009765625,
    "Shenzhen_Component_Index": 10476.2900390625,
    "ALUMINUM_future": 2565.75,
    "BTC_price": 107665.5234375,
    "OIL_price": 66.12000274658203,
    "USD_CNY_exchange_rate": 7.163599967956543,
    "Commodity_Index_ETF": 21.93000030517578,
    "US_Dollar_Index": 97.00299835205078,
    "ETH_price": 2449.36328125,
    "GOLD_spot_price": 3353.699951171875,
    "LEAN_HOGS_future": 106.9749984741211,
    "COPPER_future": 5.1479997634887695,
    "High_Yield_Bond_ETF": 80.16999816894531,
    "LIVE_CATTLE_future": 210.75,
    "GOLD_near_month_future": 3409.39990234375,
    "NATURAL_GAS_future": 3.440000057220459,
    "PLATINUM_future": 1396.699951171875,
    "SILVER_future": 36.42499923706055,
    "Long_Term_Treasury_ETF": 88.13999938964844,
    "CORN_future": 419.0,
    "SOYBEANS_future": 1033.75,
    "WHEAT_future": 545.75,
    "SP500_close": 6198.009765625,
    "NASDAQ_close": 20202.890625,
    "US_10Y_Treasury_Yield": 4.296000003814697,
    "VIX_close": 17.350000381469727,
    "GOLD_basis_spot_vs_near": -55.699951171875,
    "China_10Y_Treasury_Yield": 1.6396
  }
}