{
  "latest_date": "2025-07-14",
  "latest_values": {
    "Shanghai_Composite_Index": 3510.177001953125,
    "CSI_300_Index": 4014.81005859375,
    "Shenzhen_Component_Index": 10696.099609375,
    "ALUMINUM_future": 2460.75,
    "BTC_price": 121924.4140625,
    "OIL_price": 69.25,
    "USD_CNY_exchange_rate": 7.174799919128418,
    "Commodity_Index_ETF": 22.510000228881836,
    "US_Dollar_Index": 97.88300323486328,
    "ETH_price": 3036.50732421875,
    "GOLD_spot_price": 3379.39990234375,
    "LEAN_HOGS_future": 104.67500305175781,
    "COPPER_future": 5.53849983215332,
    "High_Yield_Bond_ETF": 80.02999877929688,
    "LIVE_CATTLE_future": 222.1999969482422,
    "GOLD_near_month_future": 3435.60009765625,
    "NATURAL_GAS_future": 3.4719998836517334,
    "PLATINUM_future": 1456.300048828125,
    "SILVER_future": 39.470001220703125,
    "Long_Term_Treasury_ETF": 85.79000091552734,
    "CORN_future": 415.0,
    "SOYBEANS_future": 1011.75,
    "WHEAT_future": 550.25,
    "SP500_close": 6259.75,
    "NASDAQ_close": 20585.529296875,
    "US_10Y_Treasury_Yield": 4.422999858856201,
    "VIX_close": 17.34000015258789,
    "GOLD_basis_spot_vs_near": -56.2001953125,
    "China_10Y_Treasury_Yield": 1.6726
  }
}