{
  "latest_date": "2025-07-09",
  "latest_values": {
    "Shanghai_Composite_Index": 3497.47509765625,
    "CSI_300_Index": 3998.449951171875,
    "Shenzhen_Component_Index": 10588.3896484375,
    "ALUMINUM_future": 2540.0,
    "BTC_price": 108750.4921875,
    "OIL_price": 68.61000061035156,
    "USD_CNY_exchange_rate": 7.1743998527526855,
    "Commodity_Index_ETF": 22.329999923706055,
    "US_Dollar_Index": 97.56199645996094,
    "ETH_price": 2609.78515625,
    "GOLD_spot_price": 3296.199951171875,
    "LEAN_HOGS_future": 107.19999694824219,
    "COPPER_future": 5.502999782562256,
    "High_Yield_Bond_ETF": 79.98999786376953,
    "LIVE_CATTLE_future": 219.89999389648438,
    "GOLD_near_month_future": 3296.199951171875,
    "NATURAL_GAS_future": 3.2699999809265137,
    "PLATINUM_future": 1373.0,
    "SILVER_future": 36.78499984741211,
    "Long_Term_Treasury_ETF": 86.02999877929688,
    "CORN_future": 416.0,
    "SOYBEANS_future": 1020.5,
    "WHEAT_future": 550.0,
    "SP500_close": 6225.52001953125,
    "NASDAQ_close": 20418.4609375,
    "US_10Y_Treasury_Yield": 4.414999961853027,
    "VIX_close": 16.329999923706055,
    "GOLD_basis_spot_vs_near": 0.0,
    "China_10Y_Treasury_Yield": 1.6446
  }
}