{
  "latest_date": "2025-09-17",
  "latest_values": {
    "Shanghai_Composite_Index": 3876.3408203125,
    "CSI_300_Index": 4551.02294921875,
    "Shenzhen_Component_Index": 13215.45703125,
    "ALUMINUM_future": 2614.75,
    "BTC_price": 115854.953125,
    "OIL_price": 63.9900016784668,
    "USD_CNY_exchange_rate": 7.118500232696533,
    "Commodity_Index_ETF": 22.600000381469727,
    "US_Dollar_Index": 96.37000274658203,
    "ETH_price": 4490.3623046875,
    "GOLD_spot_price": 3722.300048828125,
    "LEAN_HOGS_future": 97.3499984741211,
    "COPPER_future": 4.64300012588501,
    "High_Yield_Bond_ETF": 81.19499969482422,
    "LIVE_CATTLE_future": 231.47500610351562,
    "GOLD_near_month_future": 3722.5,
    "NATURAL_GAS_future": 3.0980000495910645,
    "PLATINUM_future": 1379.800048828125,
    "SILVER_future": 42.29999923706055,
    "Long_Term_Treasury_ETF": 90.64009857177734,
    "CORN_future": 426.75,
    "SOYBEANS_future": 1043.75,
    "WHEAT_future": 528.75,
    "SP500_close": 6610.31982421875,
    "NASDAQ_close": 22256.37109375,
    "US_10Y_Treasury_Yield": 4.000999927520752,
    "VIX_close": 16.229999542236328,
    "GOLD_basis_spot_vs_near": -0.199951171875,
    "China_10Y_Treasury_Yield": 1.8349
  }
}