{
  "latest_date": "2025-07-07",
  "latest_values": {
    "Shanghai_Composite_Index": 3473.127197265625,
    "CSI_300_Index": 3965.174560546875,
    "Shenzhen_Component_Index": 10508.759765625,
    "ALUMINUM_future": 2519.75,
    "BTC_price": 108337.609375,
    "OIL_price": 67.63999938964844,
    "USD_CNY_exchange_rate": 7.164899826049805,
    "Commodity_Index_ETF": 22.15999984741211,
    "US_Dollar_Index": 97.31800079345703,
    "ETH_price": 2535.623291015625,
    "GOLD_spot_price": 3328.199951171875,
    "LEAN_HOGS_future": 106.6500015258789,
    "COPPER_future": 5.021500110626221,
    "High_Yield_Bond_ETF": 80.2249984741211,
    "LIVE_CATTLE_future": 215.5500030517578,
    "GOLD_near_month_future": 3386.89990234375,
    "NATURAL_GAS_future": 3.4040000438690186,
    "PLATINUM_future": 1375.0,
    "SILVER_future": 36.775001525878906,
    "Long_Term_Treasury_ETF": 86.24500274658203,
    "CORN_future": 425.25,
    "SOYBEANS_future": 1021.0,
    "WHEAT_future": 546.25,
    "SP500_close": 6242.60009765625,
    "NASDAQ_close": 20446.654296875,
    "US_10Y_Treasury_Yield": 4.379000186920166,
    "VIX_close": 17.639999389648438,
    "GOLD_basis_spot_vs_near": -58.699951171875,
    "China_10Y_Treasury_Yield": 1.6406
  }
}