{
  "latest_date": "2025-09-04",
  "latest_values": {
    "Shanghai_Composite_Index": 3813.556884765625,
    "CSI_300_Index": 4459.830078125,
    "Shenzhen_Component_Index": 12472.0,
    "ALUMINUM_future": 2511.5,
    "BTC_price": 110721.1640625,
    "OIL_price": 63.0,
    "USD_CNY_exchange_rate": 7.138999938964844,
    "Commodity_Index_ETF": 22.3700008392334,
    "US_Dollar_Index": 98.2239990234375,
    "ETH_price": 4412.24853515625,
    "GOLD_spot_price": 3600.199951171875,
    "LEAN_HOGS_future": 93.82499694824219,
    "COPPER_future": 4.557000160217285,
    "High_Yield_Bond_ETF": 80.61000061035156,
    "LIVE_CATTLE_future": 238.1999969482422,
    "GOLD_near_month_future": 3600.300048828125,
    "NATURAL_GAS_future": 3.0980000495910645,
    "PLATINUM_future": 1414.9000244140625,
    "SILVER_future": 41.584999084472656,
    "Long_Term_Treasury_ETF": 86.56999969482422,
    "CORN_future": 416.75,
    "SOYBEANS_future": 1026.5,
    "WHEAT_future": 515.75,
    "SP500_close": 6448.259765625,
    "NASDAQ_close": 21497.73046875,
    "US_10Y_Treasury_Yield": 4.210999965667725,
    "VIX_close": 16.25,
    "GOLD_basis_spot_vs_near": -0.10009765625,
    "China_10Y_Treasury_Yield": 1.806
  }
}