{
  "latest_date": "2025-07-01",
  "latest_values": {
    "Shanghai_Composite_Index": 3444.426025390625,
    "CSI_300_Index": 3936.080078125,
    "Shenzhen_Component_Index": 10465.1201171875,
    "ALUMINUM_future": 2575.0,
    "BTC_price": 106684.7890625,
    "OIL_price": 65.68000030517578,
    "USD_CNY_exchange_rate": 7.172100067138672,
    "Commodity_Index_ETF": 21.809999465942383,
    "US_Dollar_Index": 96.46199798583984,
    "ETH_price": 2452.744384765625,
    "GOLD_spot_price": 3362.60009765625,
    "LEAN_HOGS_future": 109.94999694824219,
    "COPPER_future": 5.151000022888184,
    "High_Yield_Bond_ETF": 80.6500015258789,
    "LIVE_CATTLE_future": 213.97500610351562,
    "GOLD_near_month_future": 3362.5,
    "NATURAL_GAS_future": 3.427999973297119,
    "PLATINUM_future": 1369.5999755859375,
    "SILVER_future": 36.685001373291016,
    "Long_Term_Treasury_ETF": 88.25,
    "CORN_future": 419.25,
    "SOYBEANS_future": 1018.75,
    "WHEAT_future": 544.5,
    "SP500_close": 6204.9501953125,
    "NASDAQ_close": 20369.73046875,
    "US_10Y_Treasury_Yield": 4.230000019073486,
    "VIX_close": 17.18000030517578,
    "GOLD_basis_spot_vs_near": 0.10009765625,
    "China_10Y_Treasury_Yield": 1.6433
  }
}