{
  "latest_date": "2025-08-25",
  "latest_values": {
    "Shanghai_Composite_Index": 3825.759033203125,
    "CSI_300_Index": 4378.0,
    "Shenzhen_Component_Index": 12166.0595703125,
    "ALUMINUM_future": 2505.25,
    "BTC_price": 111184.09375,
    "OIL_price": 63.79999923706055,
    "USD_CNY_exchange_rate": 7.179900169372559,
    "Commodity_Index_ETF": 22.079999923706055,
    "US_Dollar_Index": 97.91000366210938,
    "ETH_price": 4572.93896484375,
    "GOLD_spot_price": 3411.800048828125,
    "LEAN_HOGS_future": 91.2750015258789,
    "COPPER_future": 4.4770002365112305,
    "High_Yield_Bond_ETF": 80.8499984741211,
    "LIVE_CATTLE_future": 237.8249969482422,
    "GOLD_near_month_future": 3411.800048828125,
    "NATURAL_GAS_future": 2.6570000648498535,
    "PLATINUM_future": 1359.699951171875,
    "SILVER_future": 38.849998474121094,
    "Long_Term_Treasury_ETF": 87.05000305175781,
    "CORN_future": 415.0,
    "SOYBEANS_future": 1057.5,
    "WHEAT_future": 530.0,
    "SP500_close": 6466.91015625,
    "NASDAQ_close": 21496.5390625,
    "US_10Y_Treasury_Yield": 4.260000228881836,
    "VIX_close": 15.020000457763672,
    "GOLD_basis_spot_vs_near": 0.0,
    "China_10Y_Treasury_Yield": 1.7818
  }
}