{
  "latest_date": "2025-08-01",
  "latest_values": {
    "Shanghai_Composite_Index": 3573.2080078125,
    "CSI_300_Index": 4075.590087890625,
    "Shenzhen_Component_Index": 11009.76953125,
    "ALUMINUM_future": 2503.25,
    "BTC_price": 115823.3515625,
    "OIL_price": 69.44000244140625,
    "USD_CNY_exchange_rate": 7.176400184631348,
    "Commodity_Index_ETF": 22.450000762939453,
    "US_Dollar_Index": 100.0459976196289,
    "ETH_price": 3689.87158203125,
    "GOLD_spot_price": 3345.10009765625,
    "LEAN_HOGS_future": 106.9749984741211,
    "COPPER_future": 4.419000148773193,
    "High_Yield_Bond_ETF": 80.37999725341797,
    "LIVE_CATTLE_future": 228.3000030517578,
    "GOLD_near_month_future": 3345.10009765625,
    "NATURAL_GAS_future": 3.0989999771118164,
    "PLATINUM_future": 1299.9000244140625,
    "SILVER_future": 36.71500015258789,
    "Long_Term_Treasury_ETF": 86.91999816894531,
    "CORN_future": 414.25,
    "SOYBEANS_future": 991.0,
    "WHEAT_future": 524.5,
    "SP500_close": 6339.39013671875,
    "NASDAQ_close": 21122.44921875,
    "US_10Y_Treasury_Yield": 4.360000133514404,
    "VIX_close": 16.719999313354492,
    "GOLD_basis_spot_vs_near": 0.0,
    "China_10Y_Treasury_Yield": 1.7044
  }
}