{
  "latest_date": "2025-08-01",
  "latest_values": {
    "Shanghai_Composite_Index": 3573.2080078125,
    "CSI_300_Index": 4075.590087890625,
    "Shenzhen_Component_Index": 11009.76953125,
    "ALUMINUM_future": 2478.25,
    "BTC_price": 115925.546875,
    "OIL_price": 69.12999725341797,
    "USD_CNY_exchange_rate": 7.176400184631348,
    "Commodity_Index_ETF": 22.450000762939453,
    "US_Dollar_Index": 100.10299682617188,
    "ETH_price": 3719.8115234375,
    "GOLD_spot_price": 3337.699951171875,
    "LEAN_HOGS_future": 106.9749984741211,
    "COPPER_future": 4.414999961853027,
    "High_Yield_Bond_ETF": 80.37999725341797,
    "LIVE_CATTLE_future": 228.3000030517578,
    "GOLD_near_month_future": 3337.5,
    "NATURAL_GAS_future": 3.0959999561309814,
    "PLATINUM_future": 1296.300048828125,
    "SILVER_future": 36.64500045776367,
    "Long_Term_Treasury_ETF": 86.91999816894531,
    "CORN_future": 413.5,
    "SOYBEANS_future": 989.5,
    "WHEAT_future": 524.0,
    "SP500_close": 6339.39013671875,
    "NASDAQ_close": 21122.44921875,
    "US_10Y_Treasury_Yield": 4.360000133514404,
    "VIX_close": 16.719999313354492,
    "GOLD_basis_spot_vs_near": 0.199951171875,
    "China_10Y_Treasury_Yield": 1.7044
  }
}