{
  "latest_date": "2025-09-29",
  "latest_values": {
    "Shanghai_Composite_Index": 3862.53173828125,
    "CSI_300_Index": 4620.052734375,
    "Shenzhen_Component_Index": 13479.427734375,
    "ALUMINUM_future": 2613.25,
    "BTC_price": 114385.9765625,
    "OIL_price": 63.220001220703125,
    "USD_CNY_exchange_rate": 7.118899822235107,
    "Commodity_Index_ETF": 22.6200008392334,
    "US_Dollar_Index": 97.9540023803711,
    "ETH_price": 4195.02978515625,
    "GOLD_spot_price": 3858.39990234375,
    "LEAN_HOGS_future": 90.32499694824219,
    "COPPER_future": 4.910999774932861,
    "High_Yield_Bond_ETF": 81.22000122070312,
    "LIVE_CATTLE_future": 231.3000030517578,
    "GOLD_near_month_future": 3858.10009765625,
    "NATURAL_GAS_future": 3.2699999809265137,
    "PLATINUM_future": 1639.5,
    "SILVER_future": 47.064998626708984,
    "Long_Term_Treasury_ETF": 89.62999725341797,
    "CORN_future": 421.5,
    "SOYBEANS_future": 1009.25,
    "WHEAT_future": 518.75,
    "SP500_close": 6661.2099609375,
    "NASDAQ_close": 22591.154296875,
    "US_10Y_Treasury_Yield": 4.140999794006348,
    "VIX_close": 16.1299991607666,
    "GOLD_basis_spot_vs_near": 0.2998046875,
    "China_10Y_Treasury_Yield": 1.887
  }
}