{
  "latest_date": "2025-09-22",
  "latest_values": {
    "Shanghai_Composite_Index": 3828.576416015625,
    "CSI_300_Index": 4522.60791015625,
    "Shenzhen_Component_Index": 13157.9736328125,
    "ALUMINUM_future": 2580.0,
    "BTC_price": 112212.2578125,
    "OIL_price": 62.34000015258789,
    "USD_CNY_exchange_rate": 7.1128997802734375,
    "Commodity_Index_ETF": 22.260000228881836,
    "US_Dollar_Index": 97.33300018310547,
    "ETH_price": 4155.40283203125,
    "GOLD_spot_price": 3780.199951171875,
    "LEAN_HOGS_future": 98.80000305175781,
    "COPPER_future": 4.646999835968018,
    "High_Yield_Bond_ETF": 81.31999969482422,
    "LIVE_CATTLE_future": 237.22500610351562,
    "GOLD_near_month_future": 3780.300048828125,
    "NATURAL_GAS_future": 2.809000015258789,
    "PLATINUM_future": 1426.800048828125,
    "SILVER_future": 44.32500076293945,
    "Long_Term_Treasury_ETF": 88.69999694824219,
    "CORN_future": 421.75,
    "SOYBEANS_future": 1011.25,
    "WHEAT_future": 510.0,
    "SP500_close": 6693.75,
    "NASDAQ_close": 22788.9765625,
    "US_10Y_Treasury_Yield": 4.14300012588501,
    "VIX_close": 16.110000610351562,
    "GOLD_basis_spot_vs_near": -0.10009765625,
    "China_10Y_Treasury_Yield": 1.8647
  }
}