{
  "latest_date": "2025-09-23",
  "latest_values": {
    "Shanghai_Composite_Index": 3828.575927734375,
    "CSI_300_Index": 4522.60986328125,
    "Shenzhen_Component_Index": 13157.9697265625,
    "ALUMINUM_future": 2530.25,
    "BTC_price": 112892.0625,
    "OIL_price": 63.41999816894531,
    "USD_CNY_exchange_rate": 7.1128997802734375,
    "Commodity_Index_ETF": 22.39349937438965,
    "US_Dollar_Index": 97.32099914550781,
    "ETH_price": 4192.57080078125,
    "GOLD_spot_price": 3811.199951171875,
    "LEAN_HOGS_future": 99.7750015258789,
    "COPPER_future": 4.638000011444092,
    "High_Yield_Bond_ETF": 81.31999969482422,
    "LIVE_CATTLE_future": 241.6750030517578,
    "GOLD_near_month_future": 3810.89990234375,
    "NATURAL_GAS_future": 2.822000026702881,
    "PLATINUM_future": 1490.800048828125,
    "SILVER_future": 44.59000015258789,
    "Long_Term_Treasury_ETF": 88.80999755859375,
    "CORN_future": 423.25,
    "SOYBEANS_future": 1010.75,
    "WHEAT_future": 517.25,
    "SP500_close": 6692.669921875,
    "NASDAQ_close": 22723.888671875,
    "US_10Y_Treasury_Yield": 4.140999794006348,
    "VIX_close": 16.170000076293945,
    "GOLD_basis_spot_vs_near": 0.300048828125,
    "China_10Y_Treasury_Yield": 1.877
  }
}