{
  "latest_date": "2025-09-09",
  "latest_values": {
    "Shanghai_Composite_Index": 3826.841064453125,
    "CSI_300_Index": 4467.56982421875,
    "Shenzhen_Component_Index": 12666.83984375,
    "ALUMINUM_future": 2545.25,
    "BTC_price": 112923.6953125,
    "OIL_price": 63.0099983215332,
    "USD_CNY_exchange_rate": 7.132500171661377,
    "Commodity_Index_ETF": 22.18000030517578,
    "US_Dollar_Index": 97.36900329589844,
    "ETH_price": 4356.95556640625,
    "GOLD_spot_price": 3687.0,
    "LEAN_HOGS_future": 95.25,
    "COPPER_future": 4.5625,
    "High_Yield_Bond_ETF": 80.87000274658203,
    "LIVE_CATTLE_future": 235.75,
    "GOLD_near_month_future": 3687.199951171875,
    "NATURAL_GAS_future": 3.140000104904175,
    "PLATINUM_future": 1394.699951171875,
    "SILVER_future": 41.814998626708984,
    "Long_Term_Treasury_ETF": 89.73999786376953,
    "CORN_future": 420.75,
    "SOYBEANS_future": 1033.0,
    "WHEAT_future": 523.25,
    "SP500_close": 6495.14990234375,
    "NASDAQ_close": 21798.69921875,
    "US_10Y_Treasury_Yield": 4.046000003814697,
    "VIX_close": 15.220000267028809,
    "GOLD_basis_spot_vs_near": -0.199951171875,
    "China_10Y_Treasury_Yield": 1.8514
  }
}