{
  "latest_date": "2025-09-02",
  "latest_values": {
    "Shanghai_Composite_Index": 3875.531005859375,
    "CSI_300_Index": 4523.7099609375,
    "Shenzhen_Component_Index": 12828.9501953125,
    "ALUMINUM_future": 2543.75,
    "BTC_price": 110378.1640625,
    "OIL_price": 64.6500015258789,
    "USD_CNY_exchange_rate": 7.13040018081665,
    "Commodity_Index_ETF": 22.209999084472656,
    "US_Dollar_Index": 97.77100372314453,
    "ETH_price": 4381.3173828125,
    "GOLD_spot_price": 3542.0,
    "LEAN_HOGS_future": 95.0250015258789,
    "COPPER_future": 4.603000164031982,
    "High_Yield_Bond_ETF": 80.86000061035156,
    "LIVE_CATTLE_future": 241.89999389648438,
    "GOLD_near_month_future": 3542.10009765625,
    "NATURAL_GAS_future": 3.0339999198913574,
    "PLATINUM_future": 1404.0,
    "SILVER_future": 41.4900016784668,
    "Long_Term_Treasury_ETF": 86.5999984741211,
    "CORN_future": 420.25,
    "SOYBEANS_future": 1054.5,
    "WHEAT_future": 534.25,
    "SP500_close": 6460.259765625,
    "NASDAQ_close": 21455.55078125,
    "US_10Y_Treasury_Yield": 4.2270002365112305,
    "VIX_close": 16.1200008392334,
    "GOLD_basis_spot_vs_near": -0.10009765625,
    "China_10Y_Treasury_Yield": 1.8257
  }
}