{
  "latest_date": "2025-07-25",
  "latest_values": {
    "Shanghai_Composite_Index": 3605.72705078125,
    "CSI_300_Index": 4149.0400390625,
    "Shenzhen_Component_Index": 11193.0595703125,
    "ALUMINUM_future": 2610.25,
    "BTC_price": 115702.4140625,
    "OIL_price": 66.33000183105469,
    "USD_CNY_exchange_rate": 7.1595001220703125,
    "Commodity_Index_ETF": 22.399999618530273,
    "US_Dollar_Index": 97.60099792480469,
    "ETH_price": 3599.441650390625,
    "GOLD_spot_price": 3363.39990234375,
    "LEAN_HOGS_future": 108.19999694824219,
    "COPPER_future": 5.79449987411499,
    "High_Yield_Bond_ETF": 80.44000244140625,
    "LIVE_CATTLE_future": 225.875,
    "GOLD_near_month_future": 3420.89990234375,
    "NATURAL_GAS_future": 3.0969998836517334,
    "PLATINUM_future": 1438.699951171875,
    "SILVER_future": 39.29999923706055,
    "Long_Term_Treasury_ETF": 85.88999938964844,
    "CORN_future": 420.25,
    "SOYBEANS_future": 1023.75,
    "WHEAT_future": 540.25,
    "SP500_close": 6363.35009765625,
    "NASDAQ_close": 21057.9609375,
    "US_10Y_Treasury_Yield": 4.4079999923706055,
    "VIX_close": 15.390000343322754,
    "GOLD_basis_spot_vs_near": -57.5,
    "China_10Y_Treasury_Yield": 1.7376
  }
}