{
  "latest_date": "2025-08-22",
  "latest_values": {
    "Shanghai_Composite_Index": 3825.75927734375,
    "CSI_300_Index": 4377.99755859375,
    "Shenzhen_Component_Index": 11919.759765625,
    "ALUMINUM_future": 2527.25,
    "BTC_price": 116411.1875,
    "OIL_price": 63.790000915527344,
    "USD_CNY_exchange_rate": 7.1757001876831055,
    "Commodity_Index_ETF": 22.05500030517578,
    "US_Dollar_Index": 97.7750015258789,
    "ETH_price": 4643.37890625,
    "GOLD_spot_price": 3420.0,
    "LEAN_HOGS_future": 91.30000305175781,
    "COPPER_future": 4.475500106811523,
    "High_Yield_Bond_ETF": 80.75,
    "LIVE_CATTLE_future": 235.9250030517578,
    "GOLD_near_month_future": 3420.0,
    "NATURAL_GAS_future": 2.76200008392334,
    "PLATINUM_future": 1372.4000244140625,
    "SILVER_future": 38.95500183105469,
    "Long_Term_Treasury_ETF": 87.1449966430664,
    "CORN_future": 411.25,
    "SOYBEANS_future": 1057.5,
    "WHEAT_future": 528.25,
    "SP500_close": 6474.669921875,
    "NASDAQ_close": 21539.806640625,
    "US_10Y_Treasury_Yield": 4.265000343322754,
    "VIX_close": 14.569999694824219,
    "GOLD_basis_spot_vs_near": 0.0,
    "China_10Y_Treasury_Yield": 1.7818
  }
}