{
  "latest_date": "2025-07-31",
  "latest_values": {
    "Shanghai_Composite_Index": 3615.717041015625,
    "CSI_300_Index": 4151.240234375,
    "Shenzhen_Component_Index": 11203.0302734375,
    "ALUMINUM_future": 2529.75,
    "BTC_price": 118357.5546875,
    "OIL_price": 69.97000122070312,
    "USD_CNY_exchange_rate": 7.176400184631348,
    "Commodity_Index_ETF": 22.639999389648438,
    "US_Dollar_Index": 99.6719970703125,
    "ETH_price": 3859.23828125,
    "GOLD_spot_price": 3350.89990234375,
    "LEAN_HOGS_future": 106.8499984741211,
    "COPPER_future": 4.434999942779541,
    "High_Yield_Bond_ETF": 80.33000183105469,
    "LIVE_CATTLE_future": 232.9499969482422,
    "GOLD_near_month_future": 3350.800048828125,
    "NATURAL_GAS_future": 3.01200008392334,
    "PLATINUM_future": 1340.9000244140625,
    "SILVER_future": 37.23500061035156,
    "Long_Term_Treasury_ETF": 86.87000274658203,
    "CORN_future": 412.75,
    "SOYBEANS_future": 996.75,
    "WHEAT_future": 524.25,
    "SP500_close": 6362.89990234375,
    "NASDAQ_close": 21129.669921875,
    "US_10Y_Treasury_Yield": 4.375999927520752,
    "VIX_close": 15.479999542236328,
    "GOLD_basis_spot_vs_near": 0.099853515625,
    "China_10Y_Treasury_Yield": 1.718
  }
}