{
  "latest_date": "2025-07-02",
  "latest_values": {
    "Shanghai_Composite_Index": 3454.79248046875,
    "CSI_300_Index": 3943.684814453125,
    "Shenzhen_Component_Index": 10412.6279296875,
    "ALUMINUM_future": 2579.5,
    "BTC_price": 109593.3046875,
    "OIL_price": 66.87000274658203,
    "USD_CNY_exchange_rate": 7.163599967956543,
    "Commodity_Index_ETF": 22.209800720214844,
    "US_Dollar_Index": 96.85800170898438,
    "ETH_price": 2566.52392578125,
    "GOLD_spot_price": 3358.89990234375,
    "LEAN_HOGS_future": 107.5250015258789,
    "COPPER_future": 5.19350004196167,
    "High_Yield_Bond_ETF": 80.2300033569336,
    "LIVE_CATTLE_future": 211.4250030517578,
    "GOLD_near_month_future": 3358.89990234375,
    "NATURAL_GAS_future": 3.503000020980835,
    "PLATINUM_future": 1432.800048828125,
    "SILVER_future": 36.3849983215332,
    "Long_Term_Treasury_ETF": 87.21499633789062,
    "CORN_future": 427.25,
    "SOYBEANS_future": 1043.0,
    "WHEAT_future": 559.75,
    "SP500_close": 6216.83984375,
    "NASDAQ_close": 20371.162109375,
    "US_10Y_Treasury_Yield": 4.308000087738037,
    "VIX_close": 16.719999313354492,
    "GOLD_basis_spot_vs_near": 0.0,
    "China_10Y_Treasury_Yield": 1.6396
  }
}