{
  "latest_date": "2025-08-29",
  "latest_values": {
    "Shanghai_Composite_Index": 3857.927490234375,
    "CSI_300_Index": 4496.75927734375,
    "Shenzhen_Component_Index": 12571.3701171875,
    "ALUMINUM_future": 2516.25,
    "BTC_price": 108255.25,
    "OIL_price": 64.33000183105469,
    "USD_CNY_exchange_rate": 7.1529998779296875,
    "Commodity_Index_ETF": 22.21109962463379,
    "US_Dollar_Index": 97.7509994506836,
    "ETH_price": 4312.70703125,
    "GOLD_spot_price": 3513.10009765625,
    "LEAN_HOGS_future": 94.625,
    "COPPER_future": 4.5,
    "High_Yield_Bond_ETF": 80.95500183105469,
    "LIVE_CATTLE_future": 239.10000610351562,
    "GOLD_near_month_future": 3513.10009765625,
    "NATURAL_GAS_future": 2.950000047683716,
    "PLATINUM_future": 1362.199951171875,
    "SILVER_future": 40.35499954223633,
    "Long_Term_Treasury_ETF": 86.58999633789062,
    "CORN_future": 417.0,
    "SOYBEANS_future": 1047.0,
    "WHEAT_future": 531.25,
    "SP500_close": 6453.85986328125,
    "NASDAQ_close": 21446.25,
    "US_10Y_Treasury_Yield": 4.227999687194824,
    "VIX_close": 15.550000190734863,
    "GOLD_basis_spot_vs_near": 0.0,
    "China_10Y_Treasury_Yield": 1.8379
  }
}