{
  "latest_date": "2025-09-17",
  "latest_values": {
    "Shanghai_Composite_Index": 3860.50390625,
    "CSI_300_Index": 4522.0,
    "Shenzhen_Component_Index": 12924.1298828125,
    "ALUMINUM_future": 2627.75,
    "BTC_price": 116393.796875,
    "OIL_price": 64.2300033569336,
    "USD_CNY_exchange_rate": 7.124199867248535,
    "Commodity_Index_ETF": 22.780000686645508,
    "US_Dollar_Index": 96.81999969482422,
    "ETH_price": 4503.27099609375,
    "GOLD_spot_price": 3706.89990234375,
    "LEAN_HOGS_future": 97.19999694824219,
    "COPPER_future": 4.618500232696533,
    "High_Yield_Bond_ETF": 81.12999725341797,
    "LIVE_CATTLE_future": 233.5749969482422,
    "GOLD_near_month_future": 3706.800048828125,
    "NATURAL_GAS_future": 3.134000062942505,
    "PLATINUM_future": 1369.0999755859375,
    "SILVER_future": 42.05500030517578,
    "Long_Term_Treasury_ETF": 90.3499984741211,
    "CORN_future": 430.0,
    "SOYBEANS_future": 1050.25,
    "WHEAT_future": 534.5,
    "SP500_close": 6606.759765625,
    "NASDAQ_close": 22333.958984375,
    "US_10Y_Treasury_Yield": 4.026000022888184,
    "VIX_close": 16.520000457763672,
    "GOLD_basis_spot_vs_near": 0.099853515625,
    "China_10Y_Treasury_Yield": 1.8349
  }
}