{
  "latest_date": "2025-09-10",
  "latest_values": {
    "Shanghai_Composite_Index": 3812.22119140625,
    "CSI_300_Index": 4445.36474609375,
    "Shenzhen_Component_Index": 12510.599609375,
    "ALUMINUM_future": 2550.5,
    "BTC_price": 113937.171875,
    "OIL_price": 63.310001373291016,
    "USD_CNY_exchange_rate": 7.129300117492676,
    "Commodity_Index_ETF": 22.30500030517578,
    "US_Dollar_Index": 97.64199829101562,
    "ETH_price": 4408.01513671875,
    "GOLD_spot_price": 3686.0,
    "LEAN_HOGS_future": 97.19999694824219,
    "COPPER_future": 4.610000133514404,
    "High_Yield_Bond_ETF": 80.86499786376953,
    "LIVE_CATTLE_future": 230.1750030517578,
    "GOLD_near_month_future": 3686.199951171875,
    "NATURAL_GAS_future": 3.0280001163482666,
    "PLATINUM_future": 1392.5,
    "SILVER_future": 41.650001525878906,
    "Long_Term_Treasury_ETF": 89.3499984741211,
    "CORN_future": 417.5,
    "SOYBEANS_future": 1027.25,
    "WHEAT_future": 517.25,
    "SP500_close": 6542.27978515625,
    "NASDAQ_close": 21974.884765625,
    "US_10Y_Treasury_Yield": 4.052999973297119,
    "VIX_close": 14.779999732971191,
    "GOLD_basis_spot_vs_near": -0.199951171875,
    "China_10Y_Treasury_Yield": 1.8992
  }
}