{
  "latest_date": "2025-09-09",
  "latest_values": {
    "Shanghai_Composite_Index": 3826.841064453125,
    "CSI_300_Index": 4467.56982421875,
    "Shenzhen_Component_Index": 12666.83984375,
    "ALUMINUM_future": 2553.5,
    "BTC_price": 113018.8671875,
    "OIL_price": 62.84000015258789,
    "USD_CNY_exchange_rate": 7.132500171661377,
    "Commodity_Index_ETF": 22.18000030517578,
    "US_Dollar_Index": 97.4739990234375,
    "ETH_price": 4358.3076171875,
    "GOLD_spot_price": 3682.0,
    "LEAN_HOGS_future": 95.25,
    "COPPER_future": 4.568999767303467,
    "High_Yield_Bond_ETF": 80.87000274658203,
    "LIVE_CATTLE_future": 235.75,
    "GOLD_near_month_future": 3682.0,
    "NATURAL_GAS_future": 3.140000104904175,
    "PLATINUM_future": 1394.9000244140625,
    "SILVER_future": 41.900001525878906,
    "Long_Term_Treasury_ETF": 89.73999786376953,
    "CORN_future": 420.5,
    "SOYBEANS_future": 1032.75,
    "WHEAT_future": 522.0,
    "SP500_close": 6495.14990234375,
    "NASDAQ_close": 21798.69921875,
    "US_10Y_Treasury_Yield": 4.046000003814697,
    "VIX_close": 15.15999984741211,
    "GOLD_basis_spot_vs_near": 0.0,
    "China_10Y_Treasury_Yield": 1.8514
  }
}