{
  "latest_date": "2025-07-02",
  "latest_values": {
    "Shanghai_Composite_Index": 3457.7470703125,
    "CSI_300_Index": 3942.760009765625,
    "Shenzhen_Component_Index": 10476.2900390625,
    "ALUMINUM_future": 2564.5,
    "BTC_price": 107446.234375,
    "OIL_price": 65.70999908447266,
    "USD_CNY_exchange_rate": 7.163599967956543,
    "Commodity_Index_ETF": 21.93000030517578,
    "US_Dollar_Index": 96.87999725341797,
    "ETH_price": 2452.121826171875,
    "GOLD_spot_price": 3345.89990234375,
    "LEAN_HOGS_future": 106.9749984741211,
    "COPPER_future": 5.108500003814697,
    "High_Yield_Bond_ETF": 80.16999816894531,
    "LIVE_CATTLE_future": 210.75,
    "GOLD_near_month_future": 3402.199951171875,
    "NATURAL_GAS_future": 3.3910000324249268,
    "PLATINUM_future": 1369.5,
    "SILVER_future": 36.27000045776367,
    "Long_Term_Treasury_ETF": 88.13999938964844,
    "CORN_future": 418.5,
    "SOYBEANS_future": 1029.25,
    "WHEAT_future": 547.5,
    "SP500_close": 6198.009765625,
    "NASDAQ_close": 20202.890625,
    "US_10Y_Treasury_Yield": 4.250999927520752,
    "VIX_close": 16.829999923706055,
    "GOLD_basis_spot_vs_near": -56.300048828125,
    "China_10Y_Treasury_Yield": 1.6433
  }
}