{
  "latest_date": "2025-07-10",
  "latest_values": {
    "Shanghai_Composite_Index": 3493.050048828125,
    "CSI_300_Index": 3991.39990234375,
    "Shenzhen_Component_Index": 10581.7998046875,
    "ALUMINUM_future": 2547.5,
    "BTC_price": 110938.3515625,
    "OIL_price": 67.3499984741211,
    "USD_CNY_exchange_rate": 7.173799991607666,
    "Commodity_Index_ETF": 22.290000915527344,
    "US_Dollar_Index": 97.56999969482422,
    "ETH_price": 2785.634765625,
    "GOLD_spot_price": 3335.89990234375,
    "LEAN_HOGS_future": 107.5250015258789,
    "COPPER_future": 5.630499839782715,
    "High_Yield_Bond_ETF": 80.20999908447266,
    "LIVE_CATTLE_future": 220.125,
    "GOLD_near_month_future": 3390.89990234375,
    "NATURAL_GAS_future": 3.265000104904175,
    "PLATINUM_future": 1439.4000244140625,
    "SILVER_future": 37.29499816894531,
    "Long_Term_Treasury_ETF": 86.93000030517578,
    "CORN_future": 413.75,
    "SOYBEANS_future": 1005.5,
    "WHEAT_future": 552.5,
    "SP500_close": 6263.259765625,
    "NASDAQ_close": 20611.33984375,
    "US_10Y_Treasury_Yield": 4.3520002365112305,
    "VIX_close": 15.949999809265137,
    "GOLD_basis_spot_vs_near": -55.0,
    "China_10Y_Treasury_Yield": 1.6616
  }
}