{
  "latest_date": "2025-07-10",
  "latest_values": {
    "Shanghai_Composite_Index": 3509.681884765625,
    "CSI_300_Index": 4010.0244140625,
    "Shenzhen_Component_Index": 10581.7998046875,
    "ALUMINUM_future": 2551.25,
    "BTC_price": 111464.3046875,
    "OIL_price": 66.69999694824219,
    "USD_CNY_exchange_rate": 7.173799991607666,
    "Commodity_Index_ETF": 22.170000076293945,
    "US_Dollar_Index": 97.71800231933594,
    "ETH_price": 2773.123046875,
    "GOLD_spot_price": 3329.300048828125,
    "LEAN_HOGS_future": 105.94999694824219,
    "COPPER_future": 5.5995001792907715,
    "High_Yield_Bond_ETF": 80.15499877929688,
    "LIVE_CATTLE_future": 219.60000610351562,
    "GOLD_near_month_future": 3385.199951171875,
    "NATURAL_GAS_future": 3.309000015258789,
    "PLATINUM_future": 1419.4000244140625,
    "SILVER_future": 37.28499984741211,
    "Long_Term_Treasury_ETF": 86.65499877929688,
    "CORN_future": 414.25,
    "SOYBEANS_future": 1008.25,
    "WHEAT_future": 550.5,
    "SP500_close": 6277.580078125,
    "NASDAQ_close": 20599.970703125,
    "US_10Y_Treasury_Yield": 4.369999885559082,
    "VIX_close": 15.850000381469727,
    "GOLD_basis_spot_vs_near": -55.89990234375,
    "China_10Y_Treasury_Yield": 1.6616
  }
}