{
  "latest_date": "2025-09-17",
  "latest_values": {
    "Shanghai_Composite_Index": 3860.50390625,
    "CSI_300_Index": 4522.0,
    "Shenzhen_Component_Index": 12924.1298828125,
    "ALUMINUM_future": 2633.25,
    "BTC_price": 116270.5,
    "OIL_price": 64.20999908447266,
    "USD_CNY_exchange_rate": 7.124199867248535,
    "Commodity_Index_ETF": 22.780000686645508,
    "US_Dollar_Index": 96.76300048828125,
    "ETH_price": 4505.49072265625,
    "GOLD_spot_price": 3712.10009765625,
    "LEAN_HOGS_future": 97.19999694824219,
    "COPPER_future": 4.625999927520752,
    "High_Yield_Bond_ETF": 81.12999725341797,
    "LIVE_CATTLE_future": 233.5749969482422,
    "GOLD_near_month_future": 3711.89990234375,
    "NATURAL_GAS_future": 3.1589999198913574,
    "PLATINUM_future": 1370.4000244140625,
    "SILVER_future": 42.1150016784668,
    "Long_Term_Treasury_ETF": 90.3499984741211,
    "CORN_future": 430.0,
    "SOYBEANS_future": 1051.0,
    "WHEAT_future": 534.25,
    "SP500_close": 6606.759765625,
    "NASDAQ_close": 22333.958984375,
    "US_10Y_Treasury_Yield": 4.02400016784668,
    "VIX_close": 16.399999618530273,
    "GOLD_basis_spot_vs_near": 0.2001953125,
    "China_10Y_Treasury_Yield": 1.8349
  }
}