{
  "latest_date": "2025-07-24",
  "latest_values": {
    "Shanghai_Composite_Index": 3582.298095703125,
    "CSI_300_Index": 4119.77001953125,
    "Shenzhen_Component_Index": 11059.0400390625,
    "ALUMINUM_future": 2610.0,
    "BTC_price": 117789.1328125,
    "OIL_price": 65.5999984741211,
    "USD_CNY_exchange_rate": 7.174300193786621,
    "Commodity_Index_ETF": 22.3799991607666,
    "US_Dollar_Index": 97.16799926757812,
    "ETH_price": 3592.596435546875,
    "GOLD_spot_price": 3386.60009765625,
    "LEAN_HOGS_future": 108.375,
    "COPPER_future": 5.865499973297119,
    "High_Yield_Bond_ETF": 80.54000091552734,
    "LIVE_CATTLE_future": 227.35000610351562,
    "GOLD_near_month_future": 3444.39990234375,
    "NATURAL_GAS_future": 3.072999954223633,
    "PLATINUM_future": 1444.699951171875,
    "SILVER_future": 39.26499938964844,
    "Long_Term_Treasury_ETF": 86.04000091552734,
    "CORN_future": 418.5,
    "SOYBEANS_future": 1022.5,
    "WHEAT_future": 543.75,
    "SP500_close": 6358.91015625,
    "NASDAQ_close": 21020.01953125,
    "US_10Y_Treasury_Yield": 4.388000011444092,
    "VIX_close": 15.369999885559082,
    "GOLD_basis_spot_vs_near": -57.7998046875,
    "China_10Y_Treasury_Yield": 1.7041
  }
}