{
  "latest_date": "2025-08-05",
  "latest_values": {
    "Shanghai_Composite_Index": 3617.59765625,
    "CSI_300_Index": 4103.4501953125,
    "Shenzhen_Component_Index": 11106.95703125,
    "ALUMINUM_future": 2481.25,
    "BTC_price": 113162.703125,
    "OIL_price": 65.33000183105469,
    "USD_CNY_exchange_rate": 7.211599826812744,
    "Commodity_Index_ETF": 21.860200881958008,
    "US_Dollar_Index": 98.70099639892578,
    "ETH_price": 3582.283935546875,
    "GOLD_spot_price": 3436.10009765625,
    "LEAN_HOGS_future": 92.7750015258789,
    "COPPER_future": 4.387499809265137,
    "High_Yield_Bond_ETF": 80.18000030517578,
    "LIVE_CATTLE_future": 227.5500030517578,
    "GOLD_near_month_future": 3436.199951171875,
    "NATURAL_GAS_future": 3.0329999923706055,
    "PLATINUM_future": 1333.5,
    "SILVER_future": 37.81999969482422,
    "Long_Term_Treasury_ETF": 88.18000030517578,
    "CORN_future": 402.0,
    "SOYBEANS_future": 992.75,
    "WHEAT_future": 507.75,
    "SP500_close": 6310.41015625,
    "NASDAQ_close": 20959.537109375,
    "US_10Y_Treasury_Yield": 4.197999954223633,
    "VIX_close": 17.809999465942383,
    "GOLD_basis_spot_vs_near": -0.099853515625,
    "China_10Y_Treasury_Yield": 1.7061
  }
}