{
  "latest_date": "2025-09-10",
  "latest_values": {
    "Shanghai_Composite_Index": 3812.22119140625,
    "CSI_300_Index": 4445.36474609375,
    "Shenzhen_Component_Index": 12557.6796875,
    "ALUMINUM_future": 2552.25,
    "BTC_price": 113890.1328125,
    "OIL_price": 63.959999084472656,
    "USD_CNY_exchange_rate": 7.129300117492676,
    "Commodity_Index_ETF": 22.399999618530273,
    "US_Dollar_Index": 97.79100036621094,
    "ETH_price": 4384.3427734375,
    "GOLD_spot_price": 3683.0,
    "LEAN_HOGS_future": 97.19999694824219,
    "COPPER_future": 4.613500118255615,
    "High_Yield_Bond_ETF": 80.92500305175781,
    "LIVE_CATTLE_future": 232.125,
    "GOLD_near_month_future": 3682.89990234375,
    "NATURAL_GAS_future": 3.0420000553131104,
    "PLATINUM_future": 1394.699951171875,
    "SILVER_future": 41.61000061035156,
    "Long_Term_Treasury_ETF": 89.87539672851562,
    "CORN_future": 417.0,
    "SOYBEANS_future": 1025.0,
    "WHEAT_future": 515.5,
    "SP500_close": 6542.06005859375,
    "NASDAQ_close": 21946.578125,
    "US_10Y_Treasury_Yield": 4.046999931335449,
    "VIX_close": 14.989999771118164,
    "GOLD_basis_spot_vs_near": 0.10009765625,
    "China_10Y_Treasury_Yield": 1.8992
  }
}