{
  "latest_date": "2025-07-08",
  "latest_values": {
    "Shanghai_Composite_Index": 3473.126953125,
    "CSI_300_Index": 3965.179931640625,
    "Shenzhen_Component_Index": 10435.509765625,
    "ALUMINUM_future": 2525.0,
    "BTC_price": 108887.859375,
    "OIL_price": 67.72000122070312,
    "USD_CNY_exchange_rate": 7.164899826049805,
    "Commodity_Index_ETF": 22.239999771118164,
    "US_Dollar_Index": 97.63899993896484,
    "ETH_price": 2585.374755859375,
    "GOLD_spot_price": 3324.699951171875,
    "LEAN_HOGS_future": 106.92500305175781,
    "COPPER_future": 5.000500202178955,
    "High_Yield_Bond_ETF": 80.04010009765625,
    "LIVE_CATTLE_future": 217.35000610351562,
    "GOLD_near_month_future": 3324.699951171875,
    "NATURAL_GAS_future": 3.36899995803833,
    "PLATINUM_future": 1369.4000244140625,
    "SILVER_future": 36.689998626708984,
    "Long_Term_Treasury_ETF": 85.69999694824219,
    "CORN_future": 415.25,
    "SOYBEANS_future": 1017.5,
    "WHEAT_future": 545.5,
    "SP500_close": 6221.81982421875,
    "NASDAQ_close": 20430.35546875,
    "US_10Y_Treasury_Yield": 4.425000190734863,
    "VIX_close": 16.940000534057617,
    "GOLD_basis_spot_vs_near": 0.0,
    "China_10Y_Treasury_Yield": 1.6444
  }
}