{
  "latest_date": "2025-07-24",
  "latest_values": {
    "Shanghai_Composite_Index": 3582.298095703125,
    "CSI_300_Index": 4119.7685546875,
    "Shenzhen_Component_Index": 11059.037109375,
    "ALUMINUM_future": 2611.5,
    "BTC_price": 118822.5703125,
    "OIL_price": 65.5199966430664,
    "USD_CNY_exchange_rate": 7.15939998626709,
    "Commodity_Index_ETF": 22.3799991607666,
    "US_Dollar_Index": 97.2229995727539,
    "ETH_price": 3621.71875,
    "GOLD_spot_price": 3398.39990234375,
    "LEAN_HOGS_future": 108.375,
    "COPPER_future": 5.8394999504089355,
    "High_Yield_Bond_ETF": 80.54000091552734,
    "LIVE_CATTLE_future": 227.35000610351562,
    "GOLD_near_month_future": 3455.800048828125,
    "NATURAL_GAS_future": 3.0940001010894775,
    "PLATINUM_future": 1453.4000244140625,
    "SILVER_future": 39.564998626708984,
    "Long_Term_Treasury_ETF": 86.04000091552734,
    "CORN_future": 418.5,
    "SOYBEANS_future": 1025.25,
    "WHEAT_future": 542.25,
    "SP500_close": 6358.91015625,
    "NASDAQ_close": 21020.017578125,
    "US_10Y_Treasury_Yield": 4.388000011444092,
    "VIX_close": 15.369999885559082,
    "GOLD_basis_spot_vs_near": -57.400146484375,
    "China_10Y_Treasury_Yield": 1.7041
  }
}