{
  "latest_date": "2025-07-02",
  "latest_values": {
    "Shanghai_Composite_Index": 3457.7470703125,
    "CSI_300_Index": 3942.760009765625,
    "Shenzhen_Component_Index": 10476.2900390625,
    "ALUMINUM_future": 2558.5,
    "BTC_price": 107505.0,
    "OIL_price": 66.30999755859375,
    "USD_CNY_exchange_rate": 7.163599967956543,
    "Commodity_Index_ETF": 21.93000030517578,
    "US_Dollar_Index": 97.08599853515625,
    "ETH_price": 2447.14990234375,
    "GOLD_spot_price": 3351.10009765625,
    "LEAN_HOGS_future": 106.9749984741211,
    "COPPER_future": 5.124000072479248,
    "High_Yield_Bond_ETF": 80.16999816894531,
    "LIVE_CATTLE_future": 210.75,
    "GOLD_near_month_future": 3406.0,
    "NATURAL_GAS_future": 3.4059998989105225,
    "PLATINUM_future": 1398.5,
    "SILVER_future": 36.435001373291016,
    "Long_Term_Treasury_ETF": 88.13999938964844,
    "CORN_future": 418.5,
    "SOYBEANS_future": 1031.75,
    "WHEAT_future": 546.75,
    "SP500_close": 6198.009765625,
    "NASDAQ_close": 20202.890625,
    "US_10Y_Treasury_Yield": 4.250999927520752,
    "VIX_close": 16.940000534057617,
    "GOLD_basis_spot_vs_near": -54.89990234375,
    "China_10Y_Treasury_Yield": 1.6396
  }
}