{
  "latest_date": "2025-09-08",
  "latest_values": {
    "Shanghai_Composite_Index": 3812.513916015625,
    "CSI_300_Index": 4460.330078125,
    "Shenzhen_Component_Index": 12590.5595703125,
    "ALUMINUM_future": 2495.25,
    "BTC_price": 111327.3125,
    "OIL_price": 62.810001373291016,
    "USD_CNY_exchange_rate": 7.14139986038208,
    "Commodity_Index_ETF": 22.030000686645508,
    "US_Dollar_Index": 97.65399932861328,
    "ETH_price": 4293.755859375,
    "GOLD_spot_price": 3649.300048828125,
    "LEAN_HOGS_future": 96.125,
    "COPPER_future": 4.561999797821045,
    "High_Yield_Bond_ETF": 80.87000274658203,
    "LIVE_CATTLE_future": 235.97500610351562,
    "GOLD_near_month_future": 3649.199951171875,
    "NATURAL_GAS_future": 3.134999990463257,
    "PLATINUM_future": 1412.5999755859375,
    "SILVER_future": 41.654998779296875,
    "Long_Term_Treasury_ETF": 88.55999755859375,
    "CORN_future": 415.75,
    "SOYBEANS_future": 1025.5,
    "WHEAT_future": 517.5,
    "SP500_close": 6481.5,
    "NASDAQ_close": 21700.390625,
    "US_10Y_Treasury_Yield": 4.085999965667725,
    "VIX_close": 15.539999961853027,
    "GOLD_basis_spot_vs_near": 0.10009765625,
    "China_10Y_Treasury_Yield": 1.826
  }
}