{
  "latest_date": "2025-08-11",
  "latest_values": {
    "Shanghai_Composite_Index": 3635.1279296875,
    "CSI_300_Index": 4104.97021484375,
    "ALUMINUM_future": 2590.5,
    "BTC_price": 121764.578125,
    "OIL_price": 63.529998779296875,
    "USD_CNY_exchange_rate": 7.181000232696533,
    "Commodity_Index_ETF": 21.84000015258789,
    "US_Dollar_Index": 98.03900146484375,
    "ETH_price": 4336.0234375,
    "GOLD_spot_price": 3438.60009765625,
    "LEAN_HOGS_future": 90.55000305175781,
    "COPPER_future": 4.4730000495910645,
    "High_Yield_Bond_ETF": 80.22000122070312,
    "GOLD_near_month_future": 3438.800048828125,
    "NATURAL_GAS_future": 2.9149999618530273,
    "PLATINUM_future": 1333.0999755859375,
    "SILVER_future": 38.20500183105469,
    "Long_Term_Treasury_ETF": 87.29000091552734,
    "CORN_future": 407.25,
    "SOYBEANS_future": 1008.25,
    "WHEAT_future": 539.5,
    "SP500_close": 6389.4501953125,
    "NASDAQ_close": 21450.01953125,
    "VIX_close": 15.149999618530273,
    "GOLD_basis_spot_vs_near": -0.199951171875,
    "China_10Y_Treasury_Yield": 1.6891
  }
}