{
  "latest_date": "2025-07-09",
  "latest_values": {
    "Shanghai_Composite_Index": 3497.47509765625,
    "CSI_300_Index": 3998.449951171875,
    "Shenzhen_Component_Index": 10588.3896484375,
    "ALUMINUM_future": 2529.0,
    "BTC_price": 109180.3515625,
    "OIL_price": 67.91000366210938,
    "USD_CNY_exchange_rate": 7.1743998527526855,
    "Commodity_Index_ETF": 22.209999084472656,
    "US_Dollar_Index": 97.6050033569336,
    "ETH_price": 2652.45654296875,
    "GOLD_spot_price": 3312.10009765625,
    "LEAN_HOGS_future": 106.9000015258789,
    "COPPER_future": 5.547999858856201,
    "High_Yield_Bond_ETF": 80.13500213623047,
    "LIVE_CATTLE_future": 220.14999389648438,
    "GOLD_near_month_future": 3368.39990234375,
    "NATURAL_GAS_future": 3.2009999752044678,
    "PLATINUM_future": 1379.800048828125,
    "SILVER_future": 36.665000915527344,
    "Long_Term_Treasury_ETF": 86.31500244140625,
    "CORN_future": 414.0,
    "SOYBEANS_future": 1011.5,
    "WHEAT_future": 544.25,
    "SP500_close": 6264.33984375,
    "NASDAQ_close": 20627.75390625,
    "US_10Y_Treasury_Yield": 4.383000373840332,
    "VIX_close": 15.970000267028809,
    "GOLD_basis_spot_vs_near": -56.2998046875,
    "China_10Y_Treasury_Yield": 1.6446
  }
}