{
  "latest_date": "2025-08-01",
  "latest_values": {
    "Shanghai_Composite_Index": 3559.951904296875,
    "CSI_300_Index": 4054.9287109375,
    "Shenzhen_Component_Index": 10991.3212890625,
    "ALUMINUM_future": 2481.5,
    "BTC_price": 113649.8828125,
    "OIL_price": 67.29000091552734,
    "USD_CNY_exchange_rate": 7.211599826812744,
    "Commodity_Index_ETF": 22.084999084472656,
    "US_Dollar_Index": 99.11699676513672,
    "ETH_price": 3545.19921875,
    "GOLD_spot_price": 3400.5,
    "LEAN_HOGS_future": 90.125,
    "COPPER_future": 4.426499843597412,
    "High_Yield_Bond_ETF": 79.93499755859375,
    "LIVE_CATTLE_future": 223.52499389648438,
    "GOLD_near_month_future": 3400.699951171875,
    "NATURAL_GAS_future": 3.0850000381469727,
    "PLATINUM_future": 1322.5999755859375,
    "SILVER_future": 36.900001525878906,
    "Long_Term_Treasury_ETF": 87.87930297851562,
    "CORN_future": 411.0,
    "SOYBEANS_future": 988.0,
    "WHEAT_future": 537.0,
    "SP500_close": 6236.58984375,
    "NASDAQ_close": 20654.228515625,
    "US_10Y_Treasury_Yield": 4.216000080108643,
    "VIX_close": 20.770000457763672,
    "GOLD_basis_spot_vs_near": -0.199951171875,
    "China_10Y_Treasury_Yield": 1.7059
  }
}