{
  "latest_date": "2025-07-01",
  "latest_values": {
    "Shanghai_Composite_Index": 3457.747314453125,
    "CSI_300_Index": 3942.761962890625,
    "Shenzhen_Component_Index": 10476.2939453125,
    "ALUMINUM_future": 2570.25,
    "BTC_price": 105585.3515625,
    "OIL_price": 65.52999877929688,
    "USD_CNY_exchange_rate": 7.1641998291015625,
    "Commodity_Index_ETF": 21.905000686645508,
    "US_Dollar_Index": 96.84400177001953,
    "ETH_price": 2412.276611328125,
    "GOLD_spot_price": 3350.5,
    "LEAN_HOGS_future": 106.9749984741211,
    "COPPER_future": 5.0960001945495605,
    "High_Yield_Bond_ETF": 80.19999694824219,
    "LIVE_CATTLE_future": 210.75,
    "GOLD_near_month_future": 3405.5,
    "NATURAL_GAS_future": 3.4100000858306885,
    "PLATINUM_future": 1362.800048828125,
    "SILVER_future": 36.349998474121094,
    "Long_Term_Treasury_ETF": 88.05000305175781,
    "CORN_future": 421.75,
    "SOYBEANS_future": 1027.5,
    "WHEAT_future": 549.75,
    "SP500_close": 6198.39013671875,
    "NASDAQ_close": 20201.015625,
    "US_10Y_Treasury_Yield": 4.255000114440918,
    "VIX_close": 16.530000686645508,
    "GOLD_basis_spot_vs_near": -55.0,
    "China_10Y_Treasury_Yield": 1.6433
  }
}