{
  "latest_date": "2025-09-01",
  "latest_values": {
    "Shanghai_Composite_Index": 3875.530517578125,
    "CSI_300_Index": 4523.7109375,
    "Shenzhen_Component_Index": 12828.9521484375,
    "ALUMINUM_future": 2531.5,
    "BTC_price": 108628.578125,
    "OIL_price": 64.56999969482422,
    "USD_CNY_exchange_rate": 7.13040018081665,
    "Commodity_Index_ETF": 22.209999084472656,
    "US_Dollar_Index": 97.77100372314453,
    "ETH_price": 4296.6376953125,
    "GOLD_spot_price": 3546.699951171875,
    "LEAN_HOGS_future": 95.0250015258789,
    "COPPER_future": 4.576000213623047,
    "High_Yield_Bond_ETF": 80.86000061035156,
    "LIVE_CATTLE_future": 241.89999389648438,
    "GOLD_near_month_future": 3546.699951171875,
    "NATURAL_GAS_future": 2.9730000495910645,
    "PLATINUM_future": 1428.800048828125,
    "SILVER_future": 41.599998474121094,
    "Long_Term_Treasury_ETF": 86.5999984741211,
    "CORN_future": 398.0,
    "SOYBEANS_future": 1036.75,
    "WHEAT_future": 518.0,
    "SP500_close": 6460.259765625,
    "NASDAQ_close": 21455.55078125,
    "US_10Y_Treasury_Yield": 4.2270002365112305,
    "VIX_close": 16.1200008392334,
    "GOLD_basis_spot_vs_near": 0.0,
    "China_10Y_Treasury_Yield": 1.8257
  }
}