{
  "latest_date": "2025-09-20",
  "latest_values": {
    "Shanghai_Composite_Index": 3820.08935546875,
    "CSI_300_Index": 4501.91943359375,
    "Shenzhen_Component_Index": 13070.86328125,
    "ALUMINUM_future": 2619.75,
    "BTC_price": 115712.796875,
    "OIL_price": 62.720001220703125,
    "USD_CNY_exchange_rate": 7.11460018157959,
    "Commodity_Index_ETF": 22.260000228881836,
    "US_Dollar_Index": 97.64700317382812,
    "ETH_price": 4471.35546875,
    "GOLD_spot_price": 3719.39990234375,
    "LEAN_HOGS_future": 97.9749984741211,
    "COPPER_future": 4.630499839782715,
    "High_Yield_Bond_ETF": 81.26000213623047,
    "LIVE_CATTLE_future": 233.4499969482422,
    "GOLD_near_month_future": 3719.60009765625,
    "NATURAL_GAS_future": 2.9179999828338623,
    "PLATINUM_future": 1419.0,
    "SILVER_future": 43.3650016784668,
    "Long_Term_Treasury_ETF": 89.0199966430664,
    "CORN_future": 424.25,
    "SOYBEANS_future": 1026.0,
    "WHEAT_future": 522.25,
    "SP500_close": 6664.35986328125,
    "NASDAQ_close": 22631.4765625,
    "US_10Y_Treasury_Yield": 4.138999938964844,
    "VIX_close": 15.449999809265137,
    "GOLD_basis_spot_vs_near": -0.2001953125,
    "China_10Y_Treasury_Yield": 1.8789
  }
}