{
  "latest_date": "2025-08-19",
  "latest_values": {
    "Shanghai_Composite_Index": 3728.027099609375,
    "CSI_300_Index": 4239.41015625,
    "Shenzhen_Component_Index": 11835.5703125,
    "ALUMINUM_future": 2483.0,
    "BTC_price": 115013.9375,
    "OIL_price": 62.880001068115234,
    "USD_CNY_exchange_rate": 7.181700229644775,
    "Commodity_Index_ETF": 21.790000915527344,
    "US_Dollar_Index": 97.9990005493164,
    "ETH_price": 4236.96435546875,
    "GOLD_spot_price": 3384.10009765625,
    "LEAN_HOGS_future": 90.30000305175781,
    "COPPER_future": 4.480500221252441,
    "High_Yield_Bond_ETF": 80.4000015258789,
    "LIVE_CATTLE_future": 230.97500610351562,
    "GOLD_near_month_future": 3384.300048828125,
    "NATURAL_GAS_future": 2.881999969482422,
    "PLATINUM_future": 1346.800048828125,
    "SILVER_future": 38.04499816894531,
    "Long_Term_Treasury_ETF": 86.1500015258789,
    "CORN_future": 404.0,
    "SOYBEANS_future": 1045.0,
    "WHEAT_future": 521.5,
    "SP500_close": 6449.14990234375,
    "NASDAQ_close": 21629.76953125,
    "US_10Y_Treasury_Yield": 4.341000080108643,
    "VIX_close": 15.180000305175781,
    "GOLD_basis_spot_vs_near": -0.199951171875,
    "China_10Y_Treasury_Yield": 1.7872
  }
}