{
  "latest_date": "2025-07-01",
  "latest_values": {
    "Shanghai_Composite_Index": 3457.747314453125,
    "CSI_300_Index": 3942.761962890625,
    "Shenzhen_Component_Index": 10476.2939453125,
    "ALUMINUM_future": 2570.25,
    "BTC_price": 105573.734375,
    "OIL_price": 65.4800033569336,
    "USD_CNY_exchange_rate": 7.163599967956543,
    "Commodity_Index_ETF": 21.93000030517578,
    "US_Dollar_Index": 96.6520004272461,
    "ETH_price": 2400.771484375,
    "GOLD_spot_price": 3352.800048828125,
    "LEAN_HOGS_future": 109.0250015258789,
    "COPPER_future": 5.103499889373779,
    "High_Yield_Bond_ETF": 80.16999816894531,
    "LIVE_CATTLE_future": 210.75,
    "GOLD_near_month_future": 3352.89990234375,
    "NATURAL_GAS_future": 3.4140000343322754,
    "PLATINUM_future": 1348.0,
    "SILVER_future": 36.27000045776367,
    "Long_Term_Treasury_ETF": 88.13999938964844,
    "CORN_future": 421.75,
    "SOYBEANS_future": 1027.5,
    "WHEAT_future": 549.75,
    "SP500_close": 6198.009765625,
    "NASDAQ_close": 20202.888671875,
    "US_10Y_Treasury_Yield": 4.250999927520752,
    "VIX_close": 16.829999923706055,
    "GOLD_basis_spot_vs_near": -0.099853515625,
    "China_10Y_Treasury_Yield": 1.6433
  }
}