{
  "latest_date": "2025-07-08",
  "latest_values": {
    "Shanghai_Composite_Index": 3497.475341796875,
    "CSI_300_Index": 3998.45263671875,
    "Shenzhen_Component_Index": 10588.39453125,
    "ALUMINUM_future": 2540.0,
    "BTC_price": 108997.9375,
    "OIL_price": 68.55999755859375,
    "USD_CNY_exchange_rate": 7.173299789428711,
    "Commodity_Index_ETF": 22.364999771118164,
    "US_Dollar_Index": 97.52400207519531,
    "ETH_price": 2618.126708984375,
    "GOLD_spot_price": 3315.10009765625,
    "LEAN_HOGS_future": 106.92500305175781,
    "COPPER_future": 5.4745001792907715,
    "High_Yield_Bond_ETF": 79.9800033569336,
    "LIVE_CATTLE_future": 219.89999389648438,
    "GOLD_near_month_future": 3315.0,
    "NATURAL_GAS_future": 3.3389999866485596,
    "PLATINUM_future": 1385.5,
    "SILVER_future": 36.834999084472656,
    "Long_Term_Treasury_ETF": 85.66000366210938,
    "CORN_future": 414.5,
    "SOYBEANS_future": 1017.5,
    "WHEAT_future": 547.5,
    "SP500_close": 6232.5,
    "NASDAQ_close": 20455.77734375,
    "US_10Y_Treasury_Yield": 4.422999858856201,
    "VIX_close": 16.75,
    "GOLD_basis_spot_vs_near": 0.10009765625,
    "China_10Y_Treasury_Yield": 1.6444
  }
}