{
  "latest_date": "2025-07-29",
  "latest_values": {
    "Shanghai_Composite_Index": 3609.711181640625,
    "CSI_300_Index": 4152.02490234375,
    "Shenzhen_Component_Index": 11217.580078125,
    "ALUMINUM_future": 2606.25,
    "BTC_price": 117383.2734375,
    "OIL_price": 67.72000122070312,
    "USD_CNY_exchange_rate": 7.153500080108643,
    "Commodity_Index_ETF": 22.459999084472656,
    "US_Dollar_Index": 99.0530014038086,
    "ETH_price": 3764.884033203125,
    "GOLD_spot_price": 3318.199951171875,
    "LEAN_HOGS_future": 107.32499694824219,
    "COPPER_future": 5.631499767303467,
    "High_Yield_Bond_ETF": 80.4800033569336,
    "LIVE_CATTLE_future": 228.52499389648438,
    "GOLD_near_month_future": 3375.199951171875,
    "NATURAL_GAS_future": 3.0829999446868896,
    "PLATINUM_future": 1420.800048828125,
    "SILVER_future": 38.30500030517578,
    "Long_Term_Treasury_ETF": 86.79000091552734,
    "CORN_future": 410.5,
    "SOYBEANS_future": 1011.25,
    "WHEAT_future": 529.25,
    "SP500_close": 6377.2900390625,
    "NASDAQ_close": 21137.796875,
    "US_10Y_Treasury_Yield": 4.363999843597412,
    "VIX_close": 15.180000305175781,
    "GOLD_basis_spot_vs_near": -57.0,
    "China_10Y_Treasury_Yield": 1.7466
  }
}