{
  "latest_date": "2025-08-29",
  "latest_values": {
    "Shanghai_Composite_Index": 3843.597412109375,
    "CSI_300_Index": 4463.7822265625,
    "Shenzhen_Component_Index": 12571.37109375,
    "ALUMINUM_future": 2531.5,
    "BTC_price": 112394.34375,
    "OIL_price": 64.19000244140625,
    "USD_CNY_exchange_rate": 7.1529998779296875,
    "Commodity_Index_ETF": 22.18000030517578,
    "US_Dollar_Index": 97.88099670410156,
    "ETH_price": 4507.1591796875,
    "GOLD_spot_price": 3476.199951171875,
    "LEAN_HOGS_future": 94.2750015258789,
    "COPPER_future": 4.54449987411499,
    "High_Yield_Bond_ETF": 81.01000213623047,
    "LIVE_CATTLE_future": 237.0749969482422,
    "GOLD_near_month_future": 3476.10009765625,
    "NATURAL_GAS_future": 2.9820001125335693,
    "PLATINUM_future": 1362.5,
    "SILVER_future": 39.650001525878906,
    "Long_Term_Treasury_ETF": 87.22000122070312,
    "CORN_future": 411.75,
    "SOYBEANS_future": 1050.5,
    "WHEAT_future": 530.5,
    "SP500_close": 6501.85986328125,
    "NASDAQ_close": 21705.158203125,
    "US_10Y_Treasury_Yield": 4.206999778747559,
    "VIX_close": 14.430000305175781,
    "GOLD_basis_spot_vs_near": 0.099853515625,
    "China_10Y_Treasury_Yield": 1.8478
  }
}