{
  "latest_date": "2025-09-09",
  "latest_values": {
    "Shanghai_Composite_Index": 3826.8408203125,
    "CSI_300_Index": 4467.5732421875,
    "Shenzhen_Component_Index": 12666.841796875,
    "ALUMINUM_future": 2495.25,
    "BTC_price": 111984.3984375,
    "OIL_price": 62.4900016784668,
    "USD_CNY_exchange_rate": 7.128699779510498,
    "Commodity_Index_ETF": 22.18000030517578,
    "US_Dollar_Index": 97.40599822998047,
    "ETH_price": 4303.86962890625,
    "GOLD_spot_price": 3675.199951171875,
    "LEAN_HOGS_future": 95.25,
    "COPPER_future": 4.5625,
    "High_Yield_Bond_ETF": 80.87000274658203,
    "LIVE_CATTLE_future": 235.75,
    "GOLD_near_month_future": 3675.199951171875,
    "NATURAL_GAS_future": 3.0929999351501465,
    "PLATINUM_future": 1392.4000244140625,
    "SILVER_future": 41.875,
    "Long_Term_Treasury_ETF": 89.73999786376953,
    "CORN_future": 421.25,
    "SOYBEANS_future": 1034.75,
    "WHEAT_future": 523.5,
    "SP500_close": 6495.14990234375,
    "NASDAQ_close": 21798.69921875,
    "US_10Y_Treasury_Yield": 4.046000003814697,
    "VIX_close": 15.109999656677246,
    "GOLD_basis_spot_vs_near": 0.0,
    "China_10Y_Treasury_Yield": 1.8514
  }
}