{
  "latest_date": "2025-07-15",
  "latest_values": {
    "Shanghai_Composite_Index": 3504.998779296875,
    "CSI_300_Index": 4019.064453125,
    "Shenzhen_Component_Index": 10744.5615234375,
    "ALUMINUM_future": 2495.75,
    "BTC_price": 117251.640625,
    "OIL_price": 66.3499984741211,
    "USD_CNY_exchange_rate": 7.168099880218506,
    "Commodity_Index_ETF": 22.270000457763672,
    "US_Dollar_Index": 98.68199920654297,
    "ETH_price": 3050.9033203125,
    "GOLD_spot_price": 3336.89990234375,
    "LEAN_HOGS_future": 103.7750015258789,
    "COPPER_future": 5.577000141143799,
    "High_Yield_Bond_ETF": 79.86000061035156,
    "LIVE_CATTLE_future": 222.5749969482422,
    "GOLD_near_month_future": 3391.10009765625,
    "NATURAL_GAS_future": 3.48799991607666,
    "PLATINUM_future": 1412.0999755859375,
    "SILVER_future": 38.04499816894531,
    "Long_Term_Treasury_ETF": 84.9749984741211,
    "CORN_future": 420.75,
    "SOYBEANS_future": 1003.75,
    "WHEAT_future": 536.75,
    "SP500_close": 6255.509765625,
    "NASDAQ_close": 20748.501953125,
    "US_10Y_Treasury_Yield": 4.4830002784729,
    "VIX_close": 16.8700008392334,
    "GOLD_basis_spot_vs_near": -54.2001953125,
    "China_10Y_Treasury_Yield": 1.6557
  }
}