{
  "latest_date": "2025-07-17",
  "latest_values": {
    "Shanghai_Composite_Index": 3503.777099609375,
    "CSI_300_Index": 4007.199951171875,
    "Shenzhen_Component_Index": 10720.8095703125,
    "ALUMINUM_future": 2471.0,
    "BTC_price": 118328.359375,
    "OIL_price": 66.7300033569336,
    "USD_CNY_exchange_rate": 7.172900199890137,
    "Commodity_Index_ETF": 22.309999465942383,
    "US_Dollar_Index": 98.46199798583984,
    "ETH_price": 3350.857177734375,
    "GOLD_spot_price": 3346.5,
    "LEAN_HOGS_future": 104.55000305175781,
    "COPPER_future": 5.511000156402588,
    "High_Yield_Bond_ETF": 80.05999755859375,
    "LIVE_CATTLE_future": 223.875,
    "GOLD_near_month_future": 3401.89990234375,
    "NATURAL_GAS_future": 3.563999891281128,
    "PLATINUM_future": 1442.0,
    "SILVER_future": 38.1150016784668,
    "Long_Term_Treasury_ETF": 85.12999725341797,
    "CORN_future": 424.75,
    "SOYBEANS_future": 1017.0,
    "WHEAT_future": 542.0,
    "SP500_close": 6263.7001953125,
    "NASDAQ_close": 20730.490234375,
    "US_10Y_Treasury_Yield": 4.454999923706055,
    "VIX_close": 17.15999984741211,
    "GOLD_basis_spot_vs_near": -55.39990234375,
    "China_10Y_Treasury_Yield": 1.6617
  }
}