{
  "latest_date": "2025-07-22",
  "latest_values": {
    "Shanghai_Composite_Index": 3559.791015625,
    "CSI_300_Index": 4085.610107421875,
    "Shenzhen_Component_Index": 11007.490234375,
    "ALUMINUM_future": 2634.75,
    "BTC_price": 118973.9296875,
    "OIL_price": 66.69000244140625,
    "USD_CNY_exchange_rate": 7.177700042724609,
    "Commodity_Index_ETF": 22.479999542236328,
    "US_Dollar_Index": 97.83499908447266,
    "ETH_price": 3694.18017578125,
    "GOLD_spot_price": 3396.89990234375,
    "LEAN_HOGS_future": 107.30000305175781,
    "COPPER_future": 5.6579999923706055,
    "High_Yield_Bond_ETF": 80.36000061035156,
    "LIVE_CATTLE_future": 225.1750030517578,
    "GOLD_near_month_future": 3453.199951171875,
    "NATURAL_GAS_future": 3.263000011444092,
    "PLATINUM_future": 1478.5,
    "SILVER_future": 39.1150016784668,
    "Long_Term_Treasury_ETF": 86.0,
    "CORN_future": 418.25,
    "SOYBEANS_future": 1022.0,
    "WHEAT_future": 540.5,
    "SP500_close": 6305.60009765625,
    "NASDAQ_close": 20974.1796875,
    "US_10Y_Treasury_Yield": 4.372000217437744,
    "VIX_close": 16.969999313354492,
    "GOLD_basis_spot_vs_near": -56.300048828125,
    "China_10Y_Treasury_Yield": 1.6907
  }
}