{
  "latest_date": "2025-08-19",
  "latest_values": {
    "Shanghai_Composite_Index": 3727.287841796875,
    "CSI_300_Index": 4223.3740234375,
    "Shenzhen_Component_Index": 11835.5703125,
    "ALUMINUM_future": 2511.75,
    "BTC_price": 113850.6640625,
    "OIL_price": 62.54999923706055,
    "USD_CNY_exchange_rate": 7.181700229644775,
    "Commodity_Index_ETF": 21.639299392700195,
    "US_Dollar_Index": 98.18399810791016,
    "ETH_price": 4199.1201171875,
    "GOLD_spot_price": 3366.10009765625,
    "LEAN_HOGS_future": 90.05000305175781,
    "COPPER_future": 4.431000232696533,
    "High_Yield_Bond_ETF": 80.40499877929688,
    "LIVE_CATTLE_future": 231.4250030517578,
    "GOLD_near_month_future": 3366.199951171875,
    "NATURAL_GAS_future": 2.73799991607666,
    "PLATINUM_future": 1324.699951171875,
    "SILVER_future": 37.46500015258789,
    "Long_Term_Treasury_ETF": 86.58499908447266,
    "CORN_future": 402.75,
    "SOYBEANS_future": 1032.75,
    "WHEAT_future": 521.75,
    "SP500_close": 6422.990234375,
    "NASDAQ_close": 21404.7734375,
    "US_10Y_Treasury_Yield": 4.309999942779541,
    "VIX_close": 15.3100004196167,
    "GOLD_basis_spot_vs_near": -0.099853515625,
    "China_10Y_Treasury_Yield": 1.7725
  }
}