{
  "latest_date": "2025-08-25",
  "latest_values": {
    "Shanghai_Composite_Index": 3883.561767578125,
    "CSI_300_Index": 4469.2216796875,
    "Shenzhen_Component_Index": 12441.0673828125,
    "ALUMINUM_future": 2563.75,
    "BTC_price": 112268.09375,
    "OIL_price": 65.05999755859375,
    "USD_CNY_exchange_rate": 7.1504998207092285,
    "Commodity_Index_ETF": 22.234600067138672,
    "US_Dollar_Index": 98.18699645996094,
    "ETH_price": 4576.5068359375,
    "GOLD_spot_price": 3418.199951171875,
    "LEAN_HOGS_future": 91.5,
    "COPPER_future": 4.480000019073486,
    "High_Yield_Bond_ETF": 80.7699966430664,
    "LIVE_CATTLE_future": 236.89999389648438,
    "GOLD_near_month_future": 3418.0,
    "NATURAL_GAS_future": 2.678999900817871,
    "PLATINUM_future": 1340.0,
    "SILVER_future": 38.724998474121094,
    "Long_Term_Treasury_ETF": 86.94000244140625,
    "CORN_future": 413.0,
    "SOYBEANS_future": 1047.25,
    "WHEAT_future": 530.5,
    "SP500_close": 6460.7001953125,
    "NASDAQ_close": 21535.2109375,
    "US_10Y_Treasury_Yield": 4.2829999923706055,
    "VIX_close": 14.279999732971191,
    "GOLD_basis_spot_vs_near": 0.199951171875,
    "China_10Y_Treasury_Yield": 1.7643
  }
}