{
  "latest_date": "2025-07-11",
  "latest_values": {
    "Shanghai_Composite_Index": 3509.681884765625,
    "CSI_300_Index": 4010.02001953125,
    "Shenzhen_Component_Index": 10631.1298828125,
    "ALUMINUM_future": 2528.5,
    "BTC_price": 117741.7890625,
    "OIL_price": 67.23999786376953,
    "USD_CNY_exchange_rate": 7.179999828338623,
    "Commodity_Index_ETF": 22.219999313354492,
    "US_Dollar_Index": 97.80599975585938,
    "ETH_price": 2991.67724609375,
    "GOLD_spot_price": 3368.699951171875,
    "LEAN_HOGS_future": 106.25,
    "COPPER_future": 5.522500038146973,
    "High_Yield_Bond_ETF": 80.12999725341797,
    "LIVE_CATTLE_future": 219.0749969482422,
    "GOLD_near_month_future": 3424.39990234375,
    "NATURAL_GAS_future": 3.328000068664551,
    "PLATINUM_future": 1455.0,
    "SILVER_future": 38.529998779296875,
    "Long_Term_Treasury_ETF": 86.98999786376953,
    "CORN_future": 414.25,
    "SOYBEANS_future": 1010.5,
    "WHEAT_future": 551.5,
    "SP500_close": 6280.4599609375,
    "NASDAQ_close": 20630.66015625,
    "US_10Y_Treasury_Yield": 4.383999824523926,
    "VIX_close": 16.790000915527344,
    "GOLD_basis_spot_vs_near": -55.699951171875,
    "China_10Y_Treasury_Yield": 1.6653
  }
}