{
  "latest_date": "2025-08-08",
  "latest_values": {
    "Shanghai_Composite_Index": 3635.128173828125,
    "CSI_300_Index": 4104.966796875,
    "Shenzhen_Component_Index": 11157.9404296875,
    "ALUMINUM_future": 2587.25,
    "BTC_price": 116430.546875,
    "OIL_price": 63.599998474121094,
    "USD_CNY_exchange_rate": 7.182799816131592,
    "Commodity_Index_ETF": 21.885000228881836,
    "US_Dollar_Index": 98.21700286865234,
    "ETH_price": 3967.751953125,
    "GOLD_spot_price": 3491.300048828125,
    "LEAN_HOGS_future": 90.9749984741211,
    "COPPER_future": 4.4730000495910645,
    "High_Yield_Bond_ETF": 80.19000244140625,
    "LIVE_CATTLE_future": 228.6999969482422,
    "GOLD_near_month_future": 3491.199951171875,
    "NATURAL_GAS_future": 3.0179998874664307,
    "PLATINUM_future": 1346.0999755859375,
    "SILVER_future": 38.55500030517578,
    "Long_Term_Treasury_ETF": 87.25350189208984,
    "CORN_future": 409.5,
    "SOYBEANS_future": 993.75,
    "WHEAT_future": 539.5,
    "SP500_close": 6380.89013671875,
    "NASDAQ_close": 21404.908203125,
    "US_10Y_Treasury_Yield": 4.2829999923706055,
    "VIX_close": 15.869999885559082,
    "GOLD_basis_spot_vs_near": 0.10009765625,
    "China_10Y_Treasury_Yield": 1.6891
  }
}