{
  "latest_date": "2025-07-28",
  "latest_values": {
    "Shanghai_Composite_Index": 3593.655029296875,
    "CSI_300_Index": 4127.16015625,
    "Shenzhen_Component_Index": 11168.1396484375,
    "ALUMINUM_future": 2590.75,
    "BTC_price": 118983.59375,
    "OIL_price": 65.75,
    "USD_CNY_exchange_rate": 7.153500080108643,
    "Commodity_Index_ETF": 22.170000076293945,
    "US_Dollar_Index": 98.09100341796875,
    "ETH_price": 3887.6796875,
    "GOLD_spot_price": 3335.300048828125,
    "LEAN_HOGS_future": 108.57499694824219,
    "COPPER_future": 5.7835001945495605,
    "High_Yield_Bond_ETF": 80.48999786376953,
    "LIVE_CATTLE_future": 226.5500030517578,
    "GOLD_near_month_future": 3392.39990234375,
    "NATURAL_GAS_future": 3.078000068664551,
    "PLATINUM_future": 1438.4000244140625,
    "SILVER_future": 38.334999084472656,
    "Long_Term_Treasury_ETF": 86.43000030517578,
    "CORN_future": 415.5,
    "SOYBEANS_future": 1013.25,
    "WHEAT_future": 533.25,
    "SP500_close": 6388.64013671875,
    "NASDAQ_close": 21108.3203125,
    "US_10Y_Treasury_Yield": 4.386000156402588,
    "VIX_close": 15.149999618530273,
    "GOLD_basis_spot_vs_near": -57.099853515625,
    "China_10Y_Treasury_Yield": 1.7324
  }
}