{
  "latest_date": "2025-09-15",
  "latest_values": {
    "Shanghai_Composite_Index": 3870.597900390625,
    "CSI_300_Index": 4522.0,
    "Shenzhen_Component_Index": 12924.1298828125,
    "ALUMINUM_future": 2657.0,
    "BTC_price": 114834.515625,
    "OIL_price": 63.349998474121094,
    "USD_CNY_exchange_rate": 7.1184000968933105,
    "Commodity_Index_ETF": 22.524999618530273,
    "US_Dollar_Index": 97.44400024414062,
    "ETH_price": 4514.16748046875,
    "GOLD_spot_price": 3698.0,
    "LEAN_HOGS_future": 97.9000015258789,
    "COPPER_future": 4.698500156402588,
    "High_Yield_Bond_ETF": 81.08999633789062,
    "LIVE_CATTLE_future": 232.9250030517578,
    "GOLD_near_month_future": 3698.10009765625,
    "NATURAL_GAS_future": 2.9709999561309814,
    "PLATINUM_future": 1407.4000244140625,
    "SILVER_future": 42.709999084472656,
    "Long_Term_Treasury_ETF": 90.19000244140625,
    "CORN_future": 427.25,
    "SOYBEANS_future": 1048.25,
    "WHEAT_future": 526.75,
    "SP500_close": 6610.41015625,
    "NASDAQ_close": 22277.787109375,
    "US_10Y_Treasury_Yield": 4.045000076293945,
    "VIX_close": 15.180000305175781,
    "GOLD_basis_spot_vs_near": -0.10009765625,
    "China_10Y_Treasury_Yield": 1.8724
  }
}