{
  "latest_date": "2025-09-29",
  "latest_values": {
    "Shanghai_Composite_Index": 3828.10595703125,
    "CSI_300_Index": 4550.0498046875,
    "Shenzhen_Component_Index": 13209.0,
    "ALUMINUM_future": 2614.5,
    "BTC_price": 111857.3203125,
    "OIL_price": 65.26000213623047,
    "USD_CNY_exchange_rate": 7.133800029754639,
    "Commodity_Index_ETF": 22.809999465942383,
    "US_Dollar_Index": 97.95500183105469,
    "ETH_price": 4104.7919921875,
    "GOLD_spot_price": 3842.699951171875,
    "LEAN_HOGS_future": 101.5,
    "COPPER_future": 4.810999870300293,
    "High_Yield_Bond_ETF": 81.08000183105469,
    "LIVE_CATTLE_future": 236.5,
    "GOLD_near_month_future": 3842.89990234375,
    "NATURAL_GAS_future": 3.1730000972747803,
    "PLATINUM_future": 1646.0999755859375,
    "SILVER_future": 47.255001068115234,
    "Long_Term_Treasury_ETF": 88.9000015258789,
    "CORN_future": 421.5,
    "SOYBEANS_future": 1010.25,
    "WHEAT_future": 521.0,
    "SP500_close": 6643.7001953125,
    "NASDAQ_close": 22484.0703125,
    "US_10Y_Treasury_Yield": 4.186999797821045,
    "VIX_close": 15.289999961853027,
    "GOLD_basis_spot_vs_near": -0.199951171875,
    "China_10Y_Treasury_Yield": 1.8781
  }
}