{
  "latest_date": "2025-08-15",
  "latest_values": {
    "Shanghai_Composite_Index": 3696.7705078125,
    "CSI_300_Index": 4202.353515625,
    "Shenzhen_Component_Index": 11634.66796875,
    "ALUMINUM_future": 2534.25,
    "BTC_price": 117582.65625,
    "OIL_price": 63.11000061035156,
    "USD_CNY_exchange_rate": 7.174300193786621,
    "Commodity_Index_ETF": 21.742000579833984,
    "US_Dollar_Index": 97.83499908447266,
    "ETH_price": 4446.36962890625,
    "GOLD_spot_price": 3382.199951171875,
    "LEAN_HOGS_future": 90.42500305175781,
    "COPPER_future": 4.493000030517578,
    "High_Yield_Bond_ETF": 80.42610168457031,
    "LIVE_CATTLE_future": 230.60000610351562,
    "GOLD_near_month_future": 3382.199951171875,
    "NATURAL_GAS_future": 2.927999973297119,
    "PLATINUM_future": 1345.300048828125,
    "SILVER_future": 37.974998474121094,
    "Long_Term_Treasury_ETF": 86.33409881591797,
    "CORN_future": 404.5,
    "SOYBEANS_future": 1042.5,
    "WHEAT_future": 526.75,
    "SP500_close": 6460.47021484375,
    "NASDAQ_close": 21641.42578125,
    "US_10Y_Treasury_Yield": 4.331999778747559,
    "VIX_close": 14.84000015258789,
    "GOLD_basis_spot_vs_near": 0.0,
    "China_10Y_Treasury_Yield": 1.7465
  }
}