{
  "latest_date": "2025-08-12",
  "latest_values": {
    "Shanghai_Composite_Index": 3647.547119140625,
    "CSI_300_Index": 4122.509765625,
    "Shenzhen_Component_Index": 11291.4296875,
    "ALUMINUM_future": 2551.5,
    "BTC_price": 119032.734375,
    "OIL_price": 63.61000061035156,
    "USD_CNY_exchange_rate": 7.181000232696533,
    "Commodity_Index_ETF": 21.8700008392334,
    "US_Dollar_Index": 98.37999725341797,
    "ETH_price": 4403.70556640625,
    "GOLD_spot_price": 3396.60009765625,
    "LEAN_HOGS_future": 91.625,
    "COPPER_future": 4.497499942779541,
    "High_Yield_Bond_ETF": 80.22000122070312,
    "LIVE_CATTLE_future": 226.375,
    "GOLD_near_month_future": 3395.60009765625,
    "NATURAL_GAS_future": 2.872999906539917,
    "PLATINUM_future": 1343.5999755859375,
    "SILVER_future": 37.81999969482422,
    "Long_Term_Treasury_ETF": 87.38999938964844,
    "CORN_future": 404.5,
    "SOYBEANS_future": 998.25,
    "WHEAT_future": 529.25,
    "SP500_close": 6373.4501953125,
    "NASDAQ_close": 21385.400390625,
    "US_10Y_Treasury_Yield": 4.2669997215271,
    "VIX_close": 15.3100004196167,
    "GOLD_basis_spot_vs_near": 1.0,
    "China_10Y_Treasury_Yield": 1.7271
  }
}