{
  "latest_date": "2025-08-07",
  "latest_values": {
    "Shanghai_Composite_Index": 3639.66650390625,
    "CSI_300_Index": 4114.666015625,
    "Shenzhen_Component_Index": 11177.7802734375,
    "ALUMINUM_future": 2539.25,
    "BTC_price": 116316.765625,
    "OIL_price": 64.1500015258789,
    "USD_CNY_exchange_rate": 7.1834001541137695,
    "Commodity_Index_ETF": 21.854999542236328,
    "US_Dollar_Index": 98.39800262451172,
    "ETH_price": 3823.522216796875,
    "GOLD_spot_price": 3451.199951171875,
    "LEAN_HOGS_future": 90.4749984741211,
    "COPPER_future": 4.412499904632568,
    "High_Yield_Bond_ETF": 80.25499725341797,
    "GOLD_near_month_future": 3451.300048828125,
    "NATURAL_GAS_future": 3.1089999675750732,
    "PLATINUM_future": 1352.699951171875,
    "SILVER_future": 38.31999969482422,
    "Long_Term_Treasury_ETF": 88.16999816894531,
    "CORN_future": 404.5,
    "SOYBEANS_future": 989.5,
    "WHEAT_future": 537.5,
    "SP500_close": 6344.4599609375,
    "NASDAQ_close": 21271.91796875,
    "US_10Y_Treasury_Yield": 4.2230000495910645,
    "VIX_close": 16.81999969482422,
    "GOLD_basis_spot_vs_near": -0.10009765625,
    "China_10Y_Treasury_Yield": 1.6894
  }
}