{
  "latest_date": "2025-09-29",
  "latest_values": {
    "Shanghai_Composite_Index": 3828.10595703125,
    "CSI_300_Index": 4550.0498046875,
    "Shenzhen_Component_Index": 13209.0,
    "ALUMINUM_future": 2612.75,
    "BTC_price": 112145.9921875,
    "OIL_price": 64.91000366210938,
    "USD_CNY_exchange_rate": 7.133800029754639,
    "Commodity_Index_ETF": 22.809999465942383,
    "US_Dollar_Index": 97.93699645996094,
    "ETH_price": 4126.62890625,
    "GOLD_spot_price": 3849.10009765625,
    "LEAN_HOGS_future": 91.05000305175781,
    "COPPER_future": 4.811500072479248,
    "High_Yield_Bond_ETF": 81.08000183105469,
    "LIVE_CATTLE_future": 236.5,
    "GOLD_near_month_future": 3849.0,
    "NATURAL_GAS_future": 3.187999963760376,
    "PLATINUM_future": 1633.5999755859375,
    "SILVER_future": 47.17499923706055,
    "Long_Term_Treasury_ETF": 88.9000015258789,
    "CORN_future": 420.25,
    "SOYBEANS_future": 1011.0,
    "WHEAT_future": 519.5,
    "SP500_close": 6643.7001953125,
    "NASDAQ_close": 22484.0703125,
    "US_10Y_Treasury_Yield": 4.186999797821045,
    "VIX_close": 15.760000228881836,
    "GOLD_basis_spot_vs_near": 0.10009765625,
    "China_10Y_Treasury_Yield": 1.8781
  }
}