{
  "latest_date": "2025-08-12",
  "latest_values": {
    "Shanghai_Composite_Index": 3665.917724609375,
    "CSI_300_Index": 4143.8251953125,
    "Shenzhen_Component_Index": 11351.6328125,
    "ALUMINUM_future": 2564.75,
    "BTC_price": 119926.34375,
    "OIL_price": 63.119998931884766,
    "USD_CNY_exchange_rate": 7.187699794769287,
    "Commodity_Index_ETF": 21.780000686645508,
    "US_Dollar_Index": 98.0530014038086,
    "ETH_price": 4588.68798828125,
    "GOLD_spot_price": 3401.199951171875,
    "LEAN_HOGS_future": 91.5,
    "COPPER_future": 4.505000114440918,
    "High_Yield_Bond_ETF": 80.4000015258789,
    "LIVE_CATTLE_future": 229.25,
    "GOLD_near_month_future": 3401.10009765625,
    "NATURAL_GAS_future": 2.7890000343322754,
    "PLATINUM_future": 1350.9000244140625,
    "SILVER_future": 37.94499969482422,
    "Long_Term_Treasury_ETF": 86.94999694824219,
    "CORN_future": 394.5,
    "SOYBEANS_future": 1032.25,
    "WHEAT_future": 525.5,
    "SP500_close": 6445.759765625,
    "NASDAQ_close": 21681.904296875,
    "US_10Y_Treasury_Yield": 4.293000221252441,
    "VIX_close": 14.729999542236328,
    "GOLD_basis_spot_vs_near": 0.099853515625,
    "China_10Y_Treasury_Yield": 1.7271
  }
}