{
  "latest_date": "2025-07-09",
  "latest_values": {
    "Shanghai_Composite_Index": 3497.47509765625,
    "CSI_300_Index": 3998.449951171875,
    "Shenzhen_Component_Index": 10588.3896484375,
    "ALUMINUM_future": 2540.0,
    "BTC_price": 109089.3359375,
    "OIL_price": 68.52999877929688,
    "USD_CNY_exchange_rate": 7.1743998527526855,
    "Commodity_Index_ETF": 22.329999923706055,
    "US_Dollar_Index": 97.74199676513672,
    "ETH_price": 2631.42822265625,
    "GOLD_spot_price": 3293.800048828125,
    "LEAN_HOGS_future": 106.92500305175781,
    "COPPER_future": 5.563000202178955,
    "High_Yield_Bond_ETF": 79.98999786376953,
    "LIVE_CATTLE_future": 219.89999389648438,
    "GOLD_near_month_future": 3293.800048828125,
    "NATURAL_GAS_future": 3.311000108718872,
    "PLATINUM_future": 1380.5,
    "SILVER_future": 36.70500183105469,
    "Long_Term_Treasury_ETF": 86.02999877929688,
    "CORN_future": 412.5,
    "SOYBEANS_future": 1014.25,
    "WHEAT_future": 546.5,
    "SP500_close": 6225.52001953125,
    "NASDAQ_close": 20418.4609375,
    "US_10Y_Treasury_Yield": 4.414999961853027,
    "VIX_close": 16.260000228881836,
    "GOLD_basis_spot_vs_near": 0.0,
    "China_10Y_Treasury_Yield": 1.6446
  }
}