{
  "latest_date": "2025-07-17",
  "latest_values": {
    "Shanghai_Composite_Index": 3516.825439453125,
    "CSI_300_Index": 4034.490966796875,
    "Shenzhen_Component_Index": 10720.8095703125,
    "ALUMINUM_future": 2476.5,
    "BTC_price": 118783.171875,
    "OIL_price": 66.9000015258789,
    "USD_CNY_exchange_rate": 7.172900199890137,
    "Commodity_Index_ETF": 22.389999389648438,
    "US_Dollar_Index": 98.69400024414062,
    "ETH_price": 3422.89111328125,
    "GOLD_spot_price": 3340.10009765625,
    "LEAN_HOGS_future": 105.2249984741211,
    "COPPER_future": 5.489999771118164,
    "High_Yield_Bond_ETF": 80.15499877929688,
    "LIVE_CATTLE_future": 222.5749969482422,
    "GOLD_near_month_future": 3395.699951171875,
    "NATURAL_GAS_future": 3.566999912261963,
    "PLATINUM_future": 1456.9000244140625,
    "SILVER_future": 38.185001373291016,
    "Long_Term_Treasury_ETF": 85.4000015258789,
    "CORN_future": 422.25,
    "SOYBEANS_future": 1024.5,
    "WHEAT_future": 535.75,
    "SP500_close": 6285.06982421875,
    "NASDAQ_close": 20873.041015625,
    "US_10Y_Treasury_Yield": 4.434999942779541,
    "VIX_close": 16.90999984741211,
    "GOLD_basis_spot_vs_near": -55.599853515625,
    "China_10Y_Treasury_Yield": 1.663
  }
}