{
  "latest_date": "2025-09-30",
  "latest_values": {
    "Shanghai_Composite_Index": 3862.531982421875,
    "CSI_300_Index": 4620.0498046875,
    "Shenzhen_Component_Index": 13479.4296875,
    "ALUMINUM_future": 2619.75,
    "BTC_price": 113250.3046875,
    "OIL_price": 62.56999969482422,
    "USD_CNY_exchange_rate": 7.118500232696533,
    "Commodity_Index_ETF": 22.519899368286133,
    "US_Dollar_Index": 97.76200103759766,
    "ETH_price": 4146.63720703125,
    "GOLD_spot_price": 3872.39990234375,
    "LEAN_HOGS_future": 90.0250015258789,
    "COPPER_future": 4.857999801635742,
    "High_Yield_Bond_ETF": 81.1449966430664,
    "LIVE_CATTLE_future": 232.125,
    "GOLD_near_month_future": 3872.39990234375,
    "NATURAL_GAS_future": 3.315000057220459,
    "PLATINUM_future": 1604.800048828125,
    "SILVER_future": 46.68000030517578,
    "Long_Term_Treasury_ETF": 89.81999969482422,
    "CORN_future": 418.75,
    "SOYBEANS_future": 1005.75,
    "WHEAT_future": 516.25,
    "SP500_close": 6658.16015625,
    "NASDAQ_close": 22553.849609375,
    "US_10Y_Treasury_Yield": 4.113999843597412,
    "VIX_close": 16.309999465942383,
    "GOLD_basis_spot_vs_near": 0.0,
    "China_10Y_Treasury_Yield": 1.8605
  }
}