{
  "latest_date": "2025-08-18",
  "latest_values": {
    "Shanghai_Composite_Index": 3696.77099609375,
    "CSI_300_Index": 4202.35009765625,
    "Shenzhen_Component_Index": 11634.669921875,
    "ALUMINUM_future": 2549.0,
    "BTC_price": 115161.3359375,
    "OIL_price": 63.33000183105469,
    "USD_CNY_exchange_rate": 7.179500102996826,
    "Commodity_Index_ETF": 21.770000457763672,
    "US_Dollar_Index": 97.99500274658203,
    "ETH_price": 4296.39990234375,
    "GOLD_spot_price": 3395.60009765625,
    "LEAN_HOGS_future": 90.125,
    "COPPER_future": 4.4770002365112305,
    "High_Yield_Bond_ETF": 80.45999908447266,
    "LIVE_CATTLE_future": 230.60000610351562,
    "GOLD_near_month_future": 3395.5,
    "NATURAL_GAS_future": 2.819000005722046,
    "PLATINUM_future": 1343.5999755859375,
    "SILVER_future": 38.22999954223633,
    "Long_Term_Treasury_ETF": 86.4000015258789,
    "CORN_future": 404.25,
    "SOYBEANS_future": 1038.0,
    "WHEAT_future": 524.5,
    "SP500_close": 6449.7998046875,
    "NASDAQ_close": 21622.98046875,
    "US_10Y_Treasury_Yield": 4.328000068664551,
    "VIX_close": 15.760000228881836,
    "GOLD_basis_spot_vs_near": 0.10009765625,
    "China_10Y_Treasury_Yield": 1.7465
  }
}