{
  "latest_date": "2025-07-24",
  "latest_values": {
    "Shanghai_Composite_Index": 3605.726806640625,
    "CSI_300_Index": 4149.03662109375,
    "Shenzhen_Component_Index": 11193.0595703125,
    "ALUMINUM_future": 2636.5,
    "BTC_price": 119292.9375,
    "OIL_price": 66.11000061035156,
    "USD_CNY_exchange_rate": 7.174300193786621,
    "Commodity_Index_ETF": 22.395000457763672,
    "US_Dollar_Index": 97.37899780273438,
    "ETH_price": 3754.481689453125,
    "GOLD_spot_price": 3375.0,
    "LEAN_HOGS_future": 108.19999694824219,
    "COPPER_future": 5.833499908447266,
    "High_Yield_Bond_ETF": 80.48500061035156,
    "LIVE_CATTLE_future": 225.875,
    "GOLD_near_month_future": 3432.39990234375,
    "NATURAL_GAS_future": 3.1019999980926514,
    "PLATINUM_future": 1447.0,
    "SILVER_future": 39.314998626708984,
    "Long_Term_Treasury_ETF": 85.95999908447266,
    "CORN_future": 421.0,
    "SOYBEANS_future": 1025.0,
    "WHEAT_future": 541.75,
    "SP500_close": 6372.93017578125,
    "NASDAQ_close": 21093.509765625,
    "US_10Y_Treasury_Yield": 4.406000137329102,
    "VIX_close": 15.109999656677246,
    "GOLD_basis_spot_vs_near": -57.39990234375,
    "China_10Y_Treasury_Yield": 1.7376
  }
}