{
  "latest_date": "2025-08-18",
  "latest_values": {
    "Shanghai_Composite_Index": 3728.02734375,
    "CSI_300_Index": 4239.41259765625,
    "Shenzhen_Component_Index": 11835.572265625,
    "ALUMINUM_future": 2507.5,
    "BTC_price": 116376.1640625,
    "OIL_price": 63.349998474121094,
    "USD_CNY_exchange_rate": 7.184100151062012,
    "Commodity_Index_ETF": 21.795000076293945,
    "US_Dollar_Index": 98.12100219726562,
    "ETH_price": 4352.22021484375,
    "GOLD_spot_price": 3378.0,
    "LEAN_HOGS_future": 90.30000305175781,
    "COPPER_future": 4.477499961853027,
    "High_Yield_Bond_ETF": 80.38999938964844,
    "LIVE_CATTLE_future": 230.97500610351562,
    "GOLD_near_month_future": 3378.0,
    "NATURAL_GAS_future": 2.8929998874664307,
    "PLATINUM_future": 1341.4000244140625,
    "SILVER_future": 38.084999084472656,
    "Long_Term_Treasury_ETF": 86.1500015258789,
    "CORN_future": 406.5,
    "SOYBEANS_future": 1040.5,
    "WHEAT_future": 524.5,
    "SP500_close": 6449.14990234375,
    "NASDAQ_close": 21629.7734375,
    "US_10Y_Treasury_Yield": 4.341000080108643,
    "VIX_close": 15.029999732971191,
    "GOLD_basis_spot_vs_near": 0.0,
    "China_10Y_Treasury_Yield": 1.7872
  }
}