{
  "latest_date": "2025-09-11",
  "latest_values": {
    "Shanghai_Composite_Index": 3812.220947265625,
    "CSI_300_Index": 4445.3701171875,
    "Shenzhen_Component_Index": 12557.6796875,
    "ALUMINUM_future": 2594.75,
    "BTC_price": 113745.140625,
    "OIL_price": 62.459999084472656,
    "USD_CNY_exchange_rate": 7.1209001541137695,
    "Commodity_Index_ETF": 22.149999618530273,
    "US_Dollar_Index": 97.7300033569336,
    "ETH_price": 4407.3515625,
    "GOLD_spot_price": 3659.0,
    "LEAN_HOGS_future": 96.69999694824219,
    "COPPER_future": 4.611999988555908,
    "High_Yield_Bond_ETF": 80.94969940185547,
    "LIVE_CATTLE_future": 231.27499389648438,
    "GOLD_near_month_future": 3658.800048828125,
    "NATURAL_GAS_future": 3.00600004196167,
    "PLATINUM_future": 1393.199951171875,
    "SILVER_future": 41.53499984741211,
    "Long_Term_Treasury_ETF": 89.92900085449219,
    "CORN_future": 417.0,
    "SOYBEANS_future": 1031.75,
    "WHEAT_future": 512.25,
    "SP500_close": 6552.240234375,
    "NASDAQ_close": 21970.138671875,
    "US_10Y_Treasury_Yield": 4.033999919891357,
    "VIX_close": 14.829999923706055,
    "GOLD_basis_spot_vs_near": 0.199951171875,
    "China_10Y_Treasury_Yield": 1.8743
  }
}