{
  "latest_date": "2025-07-02",
  "latest_values": {
    "Shanghai_Composite_Index": 3457.7470703125,
    "CSI_300_Index": 3942.760009765625,
    "Shenzhen_Component_Index": 10476.2900390625,
    "ALUMINUM_future": 2557.75,
    "BTC_price": 107695.171875,
    "OIL_price": 65.9800033569336,
    "USD_CNY_exchange_rate": 7.163599967956543,
    "Commodity_Index_ETF": 21.93000030517578,
    "US_Dollar_Index": 96.94400024414062,
    "ETH_price": 2445.864990234375,
    "GOLD_spot_price": 3351.0,
    "LEAN_HOGS_future": 106.9749984741211,
    "COPPER_future": 5.125999927520752,
    "High_Yield_Bond_ETF": 80.16999816894531,
    "LIVE_CATTLE_future": 210.75,
    "GOLD_near_month_future": 3406.300048828125,
    "NATURAL_GAS_future": 3.38100004196167,
    "PLATINUM_future": 1397.9000244140625,
    "SILVER_future": 36.415000915527344,
    "Long_Term_Treasury_ETF": 88.13999938964844,
    "CORN_future": 420.5,
    "SOYBEANS_future": 1032.25,
    "WHEAT_future": 549.75,
    "SP500_close": 6198.009765625,
    "NASDAQ_close": 20202.890625,
    "US_10Y_Treasury_Yield": 4.250999927520752,
    "VIX_close": 16.809999465942383,
    "GOLD_basis_spot_vs_near": -55.300048828125,
    "China_10Y_Treasury_Yield": 1.6396
  }
}