{
  "latest_date": "2025-09-11",
  "latest_values": {
    "Shanghai_Composite_Index": 3812.220947265625,
    "CSI_300_Index": 4445.3701171875,
    "Shenzhen_Component_Index": 12557.6796875,
    "ALUMINUM_future": 2566.5,
    "BTC_price": 114051.6953125,
    "OIL_price": 63.27000045776367,
    "USD_CNY_exchange_rate": 7.1209001541137695,
    "Commodity_Index_ETF": 22.389999389648438,
    "US_Dollar_Index": 97.9209976196289,
    "ETH_price": 4432.4814453125,
    "GOLD_spot_price": 3666.0,
    "LEAN_HOGS_future": 96.69999694824219,
    "COPPER_future": 4.609499931335449,
    "High_Yield_Bond_ETF": 80.83999633789062,
    "LIVE_CATTLE_future": 231.27499389648438,
    "GOLD_near_month_future": 3666.39990234375,
    "NATURAL_GAS_future": 3.0399999618530273,
    "PLATINUM_future": 1388.199951171875,
    "SILVER_future": 41.51499938964844,
    "Long_Term_Treasury_ETF": 89.73999786376953,
    "CORN_future": 418.5,
    "SOYBEANS_future": 1030.0,
    "WHEAT_future": 515.5,
    "SP500_close": 6532.0400390625,
    "NASDAQ_close": 21886.060546875,
    "US_10Y_Treasury_Yield": 4.0320000648498535,
    "VIX_close": 15.220000267028809,
    "GOLD_basis_spot_vs_near": -0.39990234375,
    "China_10Y_Treasury_Yield": 1.8992
  }
}