{
  "latest_date": "2025-09-02",
  "latest_values": {
    "Shanghai_Composite_Index": 3858.13330078125,
    "CSI_300_Index": 4490.45263671875,
    "Shenzhen_Component_Index": 12828.9501953125,
    "ALUMINUM_future": 2540.5,
    "BTC_price": 110962.6484375,
    "OIL_price": 65.41000366210938,
    "USD_CNY_exchange_rate": 7.13040018081665,
    "Commodity_Index_ETF": 22.510000228881836,
    "US_Dollar_Index": 98.24099731445312,
    "ETH_price": 4302.720703125,
    "GOLD_spot_price": 3583.39990234375,
    "LEAN_HOGS_future": 95.3499984741211,
    "COPPER_future": 4.614999771118164,
    "High_Yield_Bond_ETF": 80.2750015258789,
    "LIVE_CATTLE_future": 240.60000610351562,
    "GOLD_near_month_future": 3583.10009765625,
    "NATURAL_GAS_future": 2.9630000591278076,
    "PLATINUM_future": 1412.0999755859375,
    "SILVER_future": 41.61000061035156,
    "Long_Term_Treasury_ETF": 85.54000091552734,
    "CORN_future": 417.75,
    "SOYBEANS_future": 1038.75,
    "WHEAT_future": 524.25,
    "SP500_close": 6362.66015625,
    "NASDAQ_close": 21056.892578125,
    "US_10Y_Treasury_Yield": 4.279000282287598,
    "VIX_close": 19.290000915527344,
    "GOLD_basis_spot_vs_near": 0.2998046875,
    "China_10Y_Treasury_Yield": 1.8167
  }
}