{
  "latest_date": "2025-09-01",
  "latest_values": {
    "Shanghai_Composite_Index": 3857.927001953125,
    "CSI_300_Index": 4496.759765625,
    "Shenzhen_Component_Index": 12696.150390625,
    "ALUMINUM_future": 2542.75,
    "BTC_price": 108135.71875,
    "OIL_price": 63.75,
    "USD_CNY_exchange_rate": 7.1529998779296875,
    "Commodity_Index_ETF": 22.209999084472656,
    "US_Dollar_Index": 97.85199737548828,
    "ETH_price": 4408.94189453125,
    "GOLD_spot_price": 3506.800048828125,
    "LEAN_HOGS_future": 95.0,
    "COPPER_future": 4.58050012588501,
    "High_Yield_Bond_ETF": 80.86000061035156,
    "LIVE_CATTLE_future": 239.8000030517578,
    "GOLD_near_month_future": 3506.800048828125,
    "NATURAL_GAS_future": 3.013000011444092,
    "PLATINUM_future": 1372.199951171875,
    "SILVER_future": 40.68000030517578,
    "Long_Term_Treasury_ETF": 86.5999984741211,
    "CORN_future": 420.25,
    "SOYBEANS_future": 1054.5,
    "WHEAT_future": 534.25,
    "SP500_close": 6460.259765625,
    "NASDAQ_close": 21455.55078125,
    "US_10Y_Treasury_Yield": 4.2270002365112305,
    "VIX_close": 15.359999656677246,
    "GOLD_basis_spot_vs_near": 0.0,
    "China_10Y_Treasury_Yield": 1.8379
  }
}