{
  "latest_date": "2025-07-03",
  "latest_values": {
    "Shanghai_Composite_Index": 3454.7919921875,
    "CSI_300_Index": 3943.68994140625,
    "Shenzhen_Component_Index": 10412.6298828125,
    "ALUMINUM_future": 2566.5,
    "BTC_price": 109938.203125,
    "OIL_price": 66.9000015258789,
    "USD_CNY_exchange_rate": 7.1645002365112305,
    "Commodity_Index_ETF": 22.290000915527344,
    "US_Dollar_Index": 96.8270034790039,
    "ETH_price": 2598.994384765625,
    "GOLD_spot_price": 3355.800048828125,
    "LEAN_HOGS_future": 109.6500015258789,
    "COPPER_future": 5.164000034332275,
    "High_Yield_Bond_ETF": 80.31999969482422,
    "LIVE_CATTLE_future": 212.4499969482422,
    "GOLD_near_month_future": 3355.699951171875,
    "NATURAL_GAS_future": 3.5269999504089355,
    "PLATINUM_future": 1383.5999755859375,
    "SILVER_future": 37.03499984741211,
    "Long_Term_Treasury_ETF": 87.58000183105469,
    "CORN_future": 439.25,
    "SOYBEANS_future": 1052.0,
    "WHEAT_future": 564.75,
    "SP500_close": 6227.419921875,
    "NASDAQ_close": 20393.130859375,
    "US_10Y_Treasury_Yield": 4.293000221252441,
    "VIX_close": 16.700000762939453,
    "GOLD_basis_spot_vs_near": 0.10009765625,
    "China_10Y_Treasury_Yield": 1.6407
  }
}