{
  "latest_date": "2025-08-14",
  "latest_values": {
    "Shanghai_Composite_Index": 3683.465087890625,
    "CSI_300_Index": 4176.580078125,
    "Shenzhen_Component_Index": 11551.3701171875,
    "ALUMINUM_future": 2547.25,
    "BTC_price": 121666.1015625,
    "OIL_price": 62.83000183105469,
    "USD_CNY_exchange_rate": 7.178500175476074,
    "Commodity_Index_ETF": 21.75,
    "US_Dollar_Index": 97.87799835205078,
    "ETH_price": 4739.98388671875,
    "GOLD_spot_price": 3393.89990234375,
    "LEAN_HOGS_future": 90.7249984741211,
    "COPPER_future": 4.4745001792907715,
    "High_Yield_Bond_ETF": 80.61000061035156,
    "LIVE_CATTLE_future": 229.47500610351562,
    "GOLD_near_month_future": 3393.89990234375,
    "NATURAL_GAS_future": 2.7980000972747803,
    "PLATINUM_future": 1347.199951171875,
    "SILVER_future": 38.33000183105469,
    "Long_Term_Treasury_ETF": 87.66999816894531,
    "CORN_future": 395.5,
    "SOYBEANS_future": 1043.25,
    "WHEAT_future": 525.5,
    "SP500_close": 6466.580078125,
    "NASDAQ_close": 21713.140625,
    "US_10Y_Treasury_Yield": 4.23799991607666,
    "VIX_close": 14.670000076293945,
    "GOLD_basis_spot_vs_near": 0.0,
    "China_10Y_Treasury_Yield": 1.7262
  }
}