{
  "latest_date": "2025-08-16",
  "latest_values": {
    "Shanghai_Composite_Index": 3696.77099609375,
    "CSI_300_Index": 4202.35009765625,
    "Shenzhen_Component_Index": 11634.669921875,
    "ALUMINUM_future": 2548.25,
    "BTC_price": 117806.953125,
    "OIL_price": 63.13999938964844,
    "USD_CNY_exchange_rate": 7.18120002746582,
    "Commodity_Index_ETF": 21.770000457763672,
    "US_Dollar_Index": 97.83899688720703,
    "ETH_price": 4472.53369140625,
    "GOLD_spot_price": 3381.699951171875,
    "LEAN_HOGS_future": 90.125,
    "COPPER_future": 4.488999843597412,
    "High_Yield_Bond_ETF": 80.45999908447266,
    "LIVE_CATTLE_future": 230.60000610351562,
    "GOLD_near_month_future": 3381.5,
    "NATURAL_GAS_future": 2.9230000972747803,
    "PLATINUM_future": 1345.199951171875,
    "SILVER_future": 38.02000045776367,
    "Long_Term_Treasury_ETF": 86.4000015258789,
    "CORN_future": 405.75,
    "SOYBEANS_future": 1042.75,
    "WHEAT_future": 527.25,
    "SP500_close": 6449.7998046875,
    "NASDAQ_close": 21622.98046875,
    "US_10Y_Treasury_Yield": 4.328000068664551,
    "VIX_close": 15.09000015258789,
    "GOLD_basis_spot_vs_near": 0.199951171875,
    "China_10Y_Treasury_Yield": 1.7465
  }
}