{
  "latest_date": "2025-07-10",
  "latest_values": {
    "Shanghai_Composite_Index": 3509.681884765625,
    "CSI_300_Index": 4010.0244140625,
    "Shenzhen_Component_Index": 10631.1259765625,
    "ALUMINUM_future": 2550.0,
    "BTC_price": 112974.8515625,
    "OIL_price": 66.77999877929688,
    "USD_CNY_exchange_rate": 7.174300193786621,
    "Commodity_Index_ETF": 22.174999237060547,
    "US_Dollar_Index": 97.72899627685547,
    "ETH_price": 2808.49072265625,
    "GOLD_spot_price": 3323.800048828125,
    "LEAN_HOGS_future": 106.25,
    "COPPER_future": 5.588500022888184,
    "High_Yield_Bond_ETF": 80.16500091552734,
    "LIVE_CATTLE_future": 218.72500610351562,
    "GOLD_near_month_future": 3378.699951171875,
    "NATURAL_GAS_future": 3.318000078201294,
    "PLATINUM_future": 1410.699951171875,
    "SILVER_future": 37.2400016784668,
    "Long_Term_Treasury_ETF": 86.7522964477539,
    "CORN_future": 416.25,
    "SOYBEANS_future": 1010.75,
    "WHEAT_future": 554.0,
    "SP500_close": 6279.39013671875,
    "NASDAQ_close": 20605.73828125,
    "US_10Y_Treasury_Yield": 4.368000030517578,
    "VIX_close": 15.800000190734863,
    "GOLD_basis_spot_vs_near": -54.89990234375,
    "China_10Y_Treasury_Yield": 1.6616
  }
}