{
  "latest_date": "2025-08-06",
  "latest_values": {
    "Shanghai_Composite_Index": 3617.597900390625,
    "CSI_300_Index": 4103.4501953125,
    "Shenzhen_Component_Index": 11106.9599609375,
    "ALUMINUM_future": 2518.5,
    "BTC_price": 114322.640625,
    "OIL_price": 66.2300033569336,
    "USD_CNY_exchange_rate": 7.177999973297119,
    "Commodity_Index_ETF": 21.81999969482422,
    "US_Dollar_Index": 98.5719985961914,
    "ETH_price": 3621.831298828125,
    "GOLD_spot_price": 3420.5,
    "LEAN_HOGS_future": 92.7750015258789,
    "COPPER_future": 4.421000003814697,
    "High_Yield_Bond_ETF": 80.20999908447266,
    "LIVE_CATTLE_future": 227.60000610351562,
    "GOLD_near_month_future": 3420.60009765625,
    "NATURAL_GAS_future": 2.999000072479248,
    "PLATINUM_future": 1335.9000244140625,
    "SILVER_future": 37.849998474121094,
    "Long_Term_Treasury_ETF": 88.33000183105469,
    "CORN_future": 400.75,
    "SOYBEANS_future": 994.5,
    "WHEAT_future": 527.5,
    "SP500_close": 6299.18994140625,
    "NASDAQ_close": 20916.55078125,
    "US_10Y_Treasury_Yield": 4.196000099182129,
    "VIX_close": 17.670000076293945,
    "GOLD_basis_spot_vs_near": -0.10009765625,
    "China_10Y_Treasury_Yield": 1.6999
  }
}