{
  "latest_date": "2025-10-03",
  "latest_values": {
    "Shanghai_Composite_Index": 3882.777099609375,
    "CSI_300_Index": 4640.68994140625,
    "Shenzhen_Component_Index": 13526.509765625,
    "ALUMINUM_future": 2640.75,
    "BTC_price": 120467.2265625,
    "OIL_price": 60.90999984741211,
    "USD_CNY_exchange_rate": 7.11899995803833,
    "Commodity_Index_ETF": 22.34000015258789,
    "US_Dollar_Index": 97.7760009765625,
    "ETH_price": 4478.86376953125,
    "GOLD_spot_price": 3888.0,
    "LEAN_HOGS_future": 88.57499694824219,
    "COPPER_future": 5.011499881744385,
    "High_Yield_Bond_ETF": 80.93000030517578,
    "LIVE_CATTLE_future": 236.125,
    "GOLD_near_month_future": 3887.89990234375,
    "NATURAL_GAS_future": 3.4110000133514404,
    "PLATINUM_future": 1547.699951171875,
    "SILVER_future": 47.32500076293945,
    "Long_Term_Treasury_ETF": 89.55000305175781,
    "CORN_future": 420.75,
    "SOYBEANS_future": 1021.0,
    "WHEAT_future": 513.75,
    "SP500_close": 6715.35009765625,
    "NASDAQ_close": 22844.05078125,
    "US_10Y_Treasury_Yield": 4.0879998207092285,
    "VIX_close": 16.219999313354492,
    "GOLD_basis_spot_vs_near": 0.10009765625,
    "China_10Y_Treasury_Yield": 1.8605
  }
}