{
  "latest_date": "2025-08-12",
  "latest_values": {
    "Shanghai_Composite_Index": 3665.917724609375,
    "CSI_300_Index": 4143.8251953125,
    "Shenzhen_Component_Index": 11351.6328125,
    "ALUMINUM_future": 2564.75,
    "BTC_price": 119594.078125,
    "OIL_price": 63.150001525878906,
    "USD_CNY_exchange_rate": 7.177999973297119,
    "Commodity_Index_ETF": 21.774999618530273,
    "US_Dollar_Index": 98.06500244140625,
    "ETH_price": 4507.35107421875,
    "GOLD_spot_price": 3398.60009765625,
    "LEAN_HOGS_future": 91.5,
    "COPPER_future": 4.513999938964844,
    "High_Yield_Bond_ETF": 80.38500213623047,
    "LIVE_CATTLE_future": 229.25,
    "GOLD_near_month_future": 3398.60009765625,
    "NATURAL_GAS_future": 2.7880001068115234,
    "PLATINUM_future": 1350.4000244140625,
    "SILVER_future": 37.91999816894531,
    "Long_Term_Treasury_ETF": 86.93099975585938,
    "CORN_future": 394.5,
    "SOYBEANS_future": 1032.25,
    "WHEAT_future": 525.5,
    "SP500_close": 6445.759765625,
    "NASDAQ_close": 21681.904296875,
    "US_10Y_Treasury_Yield": 4.293000221252441,
    "VIX_close": 14.819999694824219,
    "GOLD_basis_spot_vs_near": 0.0,
    "China_10Y_Treasury_Yield": 1.7271
  }
}