{
  "latest_date": "2025-07-24",
  "latest_values": {
    "Shanghai_Composite_Index": 3582.298095703125,
    "CSI_300_Index": 4119.77001953125,
    "Shenzhen_Component_Index": 11059.0400390625,
    "ALUMINUM_future": 2614.0,
    "BTC_price": 117435.21875,
    "OIL_price": 65.9000015258789,
    "USD_CNY_exchange_rate": 7.174300193786621,
    "Commodity_Index_ETF": 22.3799991607666,
    "US_Dollar_Index": 97.28500366210938,
    "ETH_price": 3523.214111328125,
    "GOLD_spot_price": 3381.199951171875,
    "LEAN_HOGS_future": 108.375,
    "COPPER_future": 5.93149995803833,
    "High_Yield_Bond_ETF": 80.54000091552734,
    "LIVE_CATTLE_future": 227.35000610351562,
    "GOLD_near_month_future": 3437.699951171875,
    "NATURAL_GAS_future": 3.0940001010894775,
    "PLATINUM_future": 1443.300048828125,
    "SILVER_future": 39.38999938964844,
    "Long_Term_Treasury_ETF": 86.04000091552734,
    "CORN_future": 419.25,
    "SOYBEANS_future": 1025.25,
    "WHEAT_future": 544.0,
    "SP500_close": 6358.91015625,
    "NASDAQ_close": 21020.01953125,
    "US_10Y_Treasury_Yield": 4.388000011444092,
    "VIX_close": 15.369999885559082,
    "GOLD_basis_spot_vs_near": -56.5,
    "China_10Y_Treasury_Yield": 1.7041
  }
}