{
  "latest_date": "2025-07-18",
  "latest_values": {
    "Shanghai_Composite_Index": 3516.824951171875,
    "CSI_300_Index": 4034.489990234375,
    "Shenzhen_Component_Index": 10873.6201171875,
    "ALUMINUM_future": 2491.5,
    "BTC_price": 120574.1171875,
    "OIL_price": 67.7300033569336,
    "USD_CNY_exchange_rate": 7.178500175476074,
    "Commodity_Index_ETF": 22.489999771118164,
    "US_Dollar_Index": 98.53600311279297,
    "ETH_price": 3662.4150390625,
    "GOLD_spot_price": 3339.5,
    "LEAN_HOGS_future": 105.94999694824219,
    "COPPER_future": 5.5229997634887695,
    "High_Yield_Bond_ETF": 80.13999938964844,
    "LIVE_CATTLE_future": 223.64999389648438,
    "GOLD_near_month_future": 3397.0,
    "NATURAL_GAS_future": 3.5460000038146973,
    "PLATINUM_future": 1481.0999755859375,
    "SILVER_future": 38.435001373291016,
    "Long_Term_Treasury_ETF": 85.11000061035156,
    "CORN_future": 425.75,
    "SOYBEANS_future": 1034.25,
    "WHEAT_future": 537.0,
    "SP500_close": 6297.35986328125,
    "NASDAQ_close": 20885.650390625,
    "US_10Y_Treasury_Yield": 4.4629998207092285,
    "VIX_close": 16.520000457763672,
    "GOLD_basis_spot_vs_near": -57.5,
    "China_10Y_Treasury_Yield": 1.663
  }
}