{
  "latest_date": "2025-07-30",
  "latest_values": {
    "Shanghai_Composite_Index": 3609.7109375,
    "CSI_300_Index": 4152.02001953125,
    "Shenzhen_Component_Index": 11289.41015625,
    "ALUMINUM_future": 2507.0,
    "BTC_price": 118338.6171875,
    "OIL_price": 68.87000274658203,
    "USD_CNY_exchange_rate": 7.177800178527832,
    "Commodity_Index_ETF": 22.690000534057617,
    "US_Dollar_Index": 98.80000305175781,
    "ETH_price": 3816.36962890625,
    "GOLD_spot_price": 3386.300048828125,
    "LEAN_HOGS_future": 107.0999984741211,
    "COPPER_future": 5.632999897003174,
    "High_Yield_Bond_ETF": 80.5,
    "LIVE_CATTLE_future": 229.5,
    "GOLD_near_month_future": 3386.199951171875,
    "NATURAL_GAS_future": 3.1630001068115234,
    "PLATINUM_future": 1411.199951171875,
    "SILVER_future": 38.189998626708984,
    "Long_Term_Treasury_ETF": 87.31999969482422,
    "CORN_future": 411.75,
    "SOYBEANS_future": 1010.75,
    "WHEAT_future": 528.25,
    "SP500_close": 6370.85986328125,
    "NASDAQ_close": 21098.2890625,
    "US_10Y_Treasury_Yield": 4.329999923706055,
    "VIX_close": 15.90999984741211,
    "GOLD_basis_spot_vs_near": 0.10009765625,
    "China_10Y_Treasury_Yield": 1.7466
  }
}