{
  "latest_date": "2025-07-31",
  "latest_values": {
    "Shanghai_Composite_Index": 3573.208251953125,
    "CSI_300_Index": 4075.59130859375,
    "Shenzhen_Component_Index": 11009.7685546875,
    "ALUMINUM_future": 2489.0,
    "BTC_price": 116335.9453125,
    "OIL_price": 69.36000061035156,
    "USD_CNY_exchange_rate": 7.200200080871582,
    "Commodity_Index_ETF": 22.450000762939453,
    "US_Dollar_Index": 100.03700256347656,
    "ETH_price": 3721.674560546875,
    "GOLD_spot_price": 3342.300048828125,
    "LEAN_HOGS_future": 106.9749984741211,
    "COPPER_future": 4.430500030517578,
    "High_Yield_Bond_ETF": 80.37999725341797,
    "LIVE_CATTLE_future": 228.3000030517578,
    "GOLD_near_month_future": 3342.300048828125,
    "NATURAL_GAS_future": 3.0999999046325684,
    "PLATINUM_future": 1296.0999755859375,
    "SILVER_future": 36.790000915527344,
    "Long_Term_Treasury_ETF": 86.91999816894531,
    "CORN_future": 413.75,
    "SOYBEANS_future": 990.25,
    "WHEAT_future": 524.0,
    "SP500_close": 6339.39013671875,
    "NASDAQ_close": 21122.44921875,
    "US_10Y_Treasury_Yield": 4.359999656677246,
    "VIX_close": 16.719999313354492,
    "GOLD_basis_spot_vs_near": 0.0,
    "China_10Y_Treasury_Yield": 1.7044
  }
}