{
  "latest_date": "2025-09-04",
  "latest_values": {
    "Shanghai_Composite_Index": 3813.556884765625,
    "CSI_300_Index": 4459.830078125,
    "Shenzhen_Component_Index": 12472.0,
    "ALUMINUM_future": 2509.0,
    "BTC_price": 110493.2890625,
    "OIL_price": 63.22999954223633,
    "USD_CNY_exchange_rate": 7.138999938964844,
    "Commodity_Index_ETF": 22.3700008392334,
    "US_Dollar_Index": 98.23600006103516,
    "ETH_price": 4373.48193359375,
    "GOLD_spot_price": 3595.89990234375,
    "LEAN_HOGS_future": 93.82499694824219,
    "COPPER_future": 4.577499866485596,
    "High_Yield_Bond_ETF": 80.61000061035156,
    "LIVE_CATTLE_future": 238.1999969482422,
    "GOLD_near_month_future": 3595.800048828125,
    "NATURAL_GAS_future": 3.0929999351501465,
    "PLATINUM_future": 1428.0999755859375,
    "SILVER_future": 41.45500183105469,
    "Long_Term_Treasury_ETF": 86.56999969482422,
    "CORN_future": 417.5,
    "SOYBEANS_future": 1030.25,
    "WHEAT_future": 520.5,
    "SP500_close": 6448.259765625,
    "NASDAQ_close": 21497.73046875,
    "US_10Y_Treasury_Yield": 4.210999965667725,
    "VIX_close": 16.350000381469727,
    "GOLD_basis_spot_vs_near": 0.099853515625,
    "China_10Y_Treasury_Yield": 1.7984
  }
}