{
  "latest_date": "2025-08-18",
  "latest_values": {
    "Shanghai_Composite_Index": 3696.77099609375,
    "CSI_300_Index": 4202.35009765625,
    "Shenzhen_Component_Index": 11634.669921875,
    "ALUMINUM_future": 2519.25,
    "BTC_price": 115611.5234375,
    "OIL_price": 62.72999954223633,
    "USD_CNY_exchange_rate": 7.179500102996826,
    "Commodity_Index_ETF": 21.770000457763672,
    "US_Dollar_Index": 98.06700134277344,
    "ETH_price": 4335.08203125,
    "GOLD_spot_price": 3389.5,
    "LEAN_HOGS_future": 90.125,
    "COPPER_future": 4.459499835968018,
    "High_Yield_Bond_ETF": 80.45999908447266,
    "LIVE_CATTLE_future": 230.60000610351562,
    "GOLD_near_month_future": 3389.300048828125,
    "NATURAL_GAS_future": 2.864000082015991,
    "PLATINUM_future": 1347.9000244140625,
    "SILVER_future": 38.255001068115234,
    "Long_Term_Treasury_ETF": 86.4000015258789,
    "CORN_future": 403.0,
    "SOYBEANS_future": 1038.5,
    "WHEAT_future": 525.75,
    "SP500_close": 6449.7998046875,
    "NASDAQ_close": 21622.98046875,
    "US_10Y_Treasury_Yield": 4.303999900817871,
    "VIX_close": 15.479999542236328,
    "GOLD_basis_spot_vs_near": 0.199951171875,
    "China_10Y_Treasury_Yield": 1.7872
  }
}