{
  "latest_date": "2025-08-20",
  "latest_values": {
    "Shanghai_Composite_Index": 3766.21044921875,
    "CSI_300_Index": 4271.39599609375,
    "Shenzhen_Component_Index": 11821.6298828125,
    "ALUMINUM_future": 2489.75,
    "BTC_price": 113461.890625,
    "OIL_price": 62.83000183105469,
    "USD_CNY_exchange_rate": 7.184599876403809,
    "Commodity_Index_ETF": 21.8700008392334,
    "US_Dollar_Index": 98.26399993896484,
    "ETH_price": 4278.28076171875,
    "GOLD_spot_price": 3383.300048828125,
    "LEAN_HOGS_future": 90.44999694824219,
    "COPPER_future": 4.438499927520752,
    "High_Yield_Bond_ETF": 80.37999725341797,
    "LIVE_CATTLE_future": 235.125,
    "GOLD_near_month_future": 3383.39990234375,
    "NATURAL_GAS_future": 2.756999969482422,
    "PLATINUM_future": 1339.800048828125,
    "SILVER_future": 37.7400016784668,
    "Long_Term_Treasury_ETF": 86.8550033569336,
    "CORN_future": 404.0,
    "SOYBEANS_future": 1036.75,
    "WHEAT_future": 526.0,
    "SP500_close": 6372.52978515625,
    "NASDAQ_close": 21064.984375,
    "US_10Y_Treasury_Yield": 4.286999702453613,
    "VIX_close": 16.479999542236328,
    "GOLD_basis_spot_vs_near": -0.099853515625,
    "China_10Y_Treasury_Yield": 1.782
  }
}