{
  "latest_date": "2025-09-16",
  "latest_values": {
    "Shanghai_Composite_Index": 3861.864990234375,
    "CSI_300_Index": 4523.3369140625,
    "Shenzhen_Component_Index": 13063.9736328125,
    "ALUMINUM_future": 2655.25,
    "BTC_price": 116968.5625,
    "OIL_price": 64.5,
    "USD_CNY_exchange_rate": 7.114200115203857,
    "Commodity_Index_ETF": 22.780000686645508,
    "US_Dollar_Index": 96.65599822998047,
    "ETH_price": 4512.90771484375,
    "GOLD_spot_price": 3727.199951171875,
    "LEAN_HOGS_future": 97.19999694824219,
    "COPPER_future": 4.694499969482422,
    "High_Yield_Bond_ETF": 81.12999725341797,
    "LIVE_CATTLE_future": 233.5749969482422,
    "GOLD_near_month_future": 3727.300048828125,
    "NATURAL_GAS_future": 3.119999885559082,
    "PLATINUM_future": 1405.9000244140625,
    "SILVER_future": 42.88999938964844,
    "Long_Term_Treasury_ETF": 90.3499984741211,
    "CORN_future": 429.0,
    "SOYBEANS_future": 1049.0,
    "WHEAT_future": 533.5,
    "SP500_close": 6606.759765625,
    "NASDAQ_close": 22333.958984375,
    "US_10Y_Treasury_Yield": 4.026000022888184,
    "VIX_close": 16.360000610351562,
    "GOLD_basis_spot_vs_near": -0.10009765625,
    "China_10Y_Treasury_Yield": 1.8527
  }
}