{
  "latest_date": "2025-08-06",
  "latest_values": {
    "Shanghai_Composite_Index": 3617.597900390625,
    "CSI_300_Index": 4103.4501953125,
    "Shenzhen_Component_Index": 11106.9599609375,
    "ALUMINUM_future": 2491.0,
    "BTC_price": 114100.65625,
    "OIL_price": 66.22000122070312,
    "USD_CNY_exchange_rate": 7.177999973297119,
    "Commodity_Index_ETF": 21.81999969482422,
    "US_Dollar_Index": 98.7249984741211,
    "ETH_price": 3624.403076171875,
    "GOLD_spot_price": 3412.800048828125,
    "LEAN_HOGS_future": 92.7750015258789,
    "COPPER_future": 4.4054999351501465,
    "High_Yield_Bond_ETF": 80.20999908447266,
    "LIVE_CATTLE_future": 227.60000610351562,
    "GOLD_near_month_future": 3412.800048828125,
    "NATURAL_GAS_future": 2.9630000591278076,
    "PLATINUM_future": 1332.800048828125,
    "SILVER_future": 37.70500183105469,
    "Long_Term_Treasury_ETF": 88.33000183105469,
    "CORN_future": 400.25,
    "SOYBEANS_future": 991.25,
    "WHEAT_future": 527.25,
    "SP500_close": 6299.18994140625,
    "NASDAQ_close": 20916.55078125,
    "US_10Y_Treasury_Yield": 4.196000099182129,
    "VIX_close": 17.610000610351562,
    "GOLD_basis_spot_vs_near": 0.0,
    "China_10Y_Treasury_Yield": 1.6999
  }
}