{
  "latest_date": "2025-08-27",
  "latest_values": {
    "Shanghai_Composite_Index": 3868.382080078125,
    "CSI_300_Index": 4452.58984375,
    "Shenzhen_Component_Index": 12473.169921875,
    "ALUMINUM_future": 2588.5,
    "BTC_price": 111078.453125,
    "OIL_price": 63.310001373291016,
    "USD_CNY_exchange_rate": 7.151000022888184,
    "Commodity_Index_ETF": 22.020000457763672,
    "US_Dollar_Index": 98.33300018310547,
    "ETH_price": 4556.86376953125,
    "GOLD_spot_price": 3433.300048828125,
    "LEAN_HOGS_future": 93.4000015258789,
    "COPPER_future": 4.458000183105469,
    "High_Yield_Bond_ETF": 80.87000274658203,
    "LIVE_CATTLE_future": 238.125,
    "GOLD_near_month_future": 3433.39990234375,
    "NATURAL_GAS_future": 2.7149999141693115,
    "PLATINUM_future": 1351.300048828125,
    "SILVER_future": 38.59000015258789,
    "Long_Term_Treasury_ETF": 86.75,
    "CORN_future": 408.75,
    "SOYBEANS_future": 1049.0,
    "WHEAT_future": 531.0,
    "SP500_close": 6465.93994140625,
    "NASDAQ_close": 21544.26953125,
    "US_10Y_Treasury_Yield": 4.257999897003174,
    "VIX_close": 14.619999885559082,
    "GOLD_basis_spot_vs_near": -0.099853515625,
    "China_10Y_Treasury_Yield": 1.7598
  }
}