{
  "latest_date": "2025-07-17",
  "latest_values": {
    "Shanghai_Composite_Index": 3503.777099609375,
    "CSI_300_Index": 4007.199951171875,
    "Shenzhen_Component_Index": 10720.8095703125,
    "ALUMINUM_future": 2468.25,
    "BTC_price": 118169.5625,
    "OIL_price": 66.5,
    "USD_CNY_exchange_rate": 7.172900199890137,
    "Commodity_Index_ETF": 22.309999465942383,
    "US_Dollar_Index": 98.74299621582031,
    "ETH_price": 3428.4140625,
    "GOLD_spot_price": 3341.89990234375,
    "LEAN_HOGS_future": 104.55000305175781,
    "COPPER_future": 5.500999927520752,
    "High_Yield_Bond_ETF": 80.05999755859375,
    "LIVE_CATTLE_future": 223.875,
    "GOLD_near_month_future": 3396.199951171875,
    "NATURAL_GAS_future": 3.546999931335449,
    "PLATINUM_future": 1431.5999755859375,
    "SILVER_future": 38.13999938964844,
    "Long_Term_Treasury_ETF": 85.12999725341797,
    "CORN_future": 424.75,
    "SOYBEANS_future": 1020.25,
    "WHEAT_future": 540.5,
    "SP500_close": 6263.7001953125,
    "NASDAQ_close": 20730.490234375,
    "US_10Y_Treasury_Yield": 4.454999923706055,
    "VIX_close": 17.15999984741211,
    "GOLD_basis_spot_vs_near": -54.300048828125,
    "China_10Y_Treasury_Yield": 1.6617
  }
}