{
  "latest_date": "2025-07-08",
  "latest_values": {
    "Shanghai_Composite_Index": 3473.126953125,
    "CSI_300_Index": 3965.179931640625,
    "Shenzhen_Component_Index": 10435.509765625,
    "ALUMINUM_future": 2467.25,
    "BTC_price": 107912.796875,
    "OIL_price": 67.62000274658203,
    "USD_CNY_exchange_rate": 7.164899826049805,
    "Commodity_Index_ETF": 22.260000228881836,
    "US_Dollar_Index": 97.31199645996094,
    "ETH_price": 2538.18310546875,
    "GOLD_spot_price": 3341.5,
    "LEAN_HOGS_future": 106.94999694824219,
    "COPPER_future": 4.984499931335449,
    "High_Yield_Bond_ETF": 80.0999984741211,
    "LIVE_CATTLE_future": 215.89999389648438,
    "GOLD_near_month_future": 3341.60009765625,
    "NATURAL_GAS_future": 3.3940000534057617,
    "PLATINUM_future": 1379.9000244140625,
    "SILVER_future": 36.6150016784668,
    "Long_Term_Treasury_ETF": 86.13999938964844,
    "CORN_future": 420.0,
    "SOYBEANS_future": 1023.0,
    "WHEAT_future": 546.75,
    "SP500_close": 6229.97998046875,
    "NASDAQ_close": 20412.51953125,
    "US_10Y_Treasury_Yield": 4.394999980926514,
    "VIX_close": 17.790000915527344,
    "GOLD_basis_spot_vs_near": -0.10009765625,
    "China_10Y_Treasury_Yield": 1.6406
  }
}