{
  "latest_date": "2025-10-02",
  "latest_values": {
    "Shanghai_Composite_Index": 3882.777099609375,
    "CSI_300_Index": 4640.68994140625,
    "Shenzhen_Component_Index": 13526.509765625,
    "ALUMINUM_future": 2644.0,
    "BTC_price": 118807.4296875,
    "OIL_price": 61.52000045776367,
    "USD_CNY_exchange_rate": 7.118500232696533,
    "Commodity_Index_ETF": 22.489999771118164,
    "US_Dollar_Index": 97.58300018310547,
    "ETH_price": 4385.50927734375,
    "GOLD_spot_price": 3903.5,
    "LEAN_HOGS_future": 86.80000305175781,
    "COPPER_future": 4.96999979019165,
    "High_Yield_Bond_ETF": 80.95999908447266,
    "LIVE_CATTLE_future": 234.60000610351562,
    "GOLD_near_month_future": 3903.39990234375,
    "NATURAL_GAS_future": 3.4130001068115234,
    "PLATINUM_future": 1611.199951171875,
    "SILVER_future": 47.53499984741211,
    "Long_Term_Treasury_ETF": 89.29000091552734,
    "CORN_future": 415.75,
    "SOYBEANS_future": 1012.5,
    "WHEAT_future": 509.25,
    "SP500_close": 6711.2001953125,
    "NASDAQ_close": 22755.16015625,
    "US_10Y_Treasury_Yield": 4.105999946594238,
    "VIX_close": 16.1299991607666,
    "GOLD_basis_spot_vs_near": 0.10009765625,
    "China_10Y_Treasury_Yield": 1.8605
  }
}