{
  "latest_date": "2025-09-18",
  "latest_values": {
    "Shanghai_Composite_Index": 3831.65625,
    "CSI_300_Index": 4498.10888671875,
    "Shenzhen_Component_Index": 13075.658203125,
    "ALUMINUM_future": 2628.75,
    "BTC_price": 117835.890625,
    "OIL_price": 63.529998779296875,
    "USD_CNY_exchange_rate": 7.114200115203857,
    "Commodity_Index_ETF": 22.434999465942383,
    "US_Dollar_Index": 97.34400177001953,
    "ETH_price": 4613.0673828125,
    "GOLD_spot_price": 3674.699951171875,
    "LEAN_HOGS_future": 97.5,
    "COPPER_future": 4.5954999923706055,
    "High_Yield_Bond_ETF": 81.20500183105469,
    "LIVE_CATTLE_future": 232.39999389648438,
    "GOLD_near_month_future": 3674.60009765625,
    "NATURAL_GAS_future": 2.941999912261963,
    "PLATINUM_future": 1402.199951171875,
    "SILVER_future": 42.08000183105469,
    "Long_Term_Treasury_ETF": 89.31500244140625,
    "CORN_future": 424.5,
    "SOYBEANS_future": 1038.75,
    "WHEAT_future": 525.0,
    "SP500_close": 6636.9501953125,
    "NASDAQ_close": 22494.826171875,
    "US_10Y_Treasury_Yield": 4.105999946594238,
    "VIX_close": 15.5600004196167,
    "GOLD_basis_spot_vs_near": 0.099853515625,
    "China_10Y_Treasury_Yield": 1.8546
  }
}