{
  "latest_date": "2025-09-03",
  "latest_values": {
    "Shanghai_Composite_Index": 3858.133056640625,
    "CSI_300_Index": 4490.4501953125,
    "Shenzhen_Component_Index": 12553.83984375,
    "ALUMINUM_future": 2559.25,
    "BTC_price": 111011.9609375,
    "OIL_price": 65.6500015258789,
    "USD_CNY_exchange_rate": 7.13040018081665,
    "Commodity_Index_ETF": 22.56999969482422,
    "US_Dollar_Index": 98.4530029296875,
    "ETH_price": 4289.431640625,
    "GOLD_spot_price": 3600.39990234375,
    "LEAN_HOGS_future": 95.5,
    "COPPER_future": 4.6570000648498535,
    "High_Yield_Bond_ETF": 80.38999938964844,
    "LIVE_CATTLE_future": 239.52499389648438,
    "GOLD_near_month_future": 3600.300048828125,
    "NATURAL_GAS_future": 2.994999885559082,
    "PLATINUM_future": 1423.0999755859375,
    "SILVER_future": 41.654998779296875,
    "Long_Term_Treasury_ETF": 85.62999725341797,
    "CORN_future": 422.5,
    "SOYBEANS_future": 1043.5,
    "WHEAT_future": 528.5,
    "SP500_close": 6415.5400390625,
    "NASDAQ_close": 21279.630859375,
    "US_10Y_Treasury_Yield": 4.2769999504089355,
    "VIX_close": 17.170000076293945,
    "GOLD_basis_spot_vs_near": 0.099853515625,
    "China_10Y_Treasury_Yield": 1.8167
  }
}