{
  "latest_date": "2025-09-30",
  "latest_values": {
    "Shanghai_Composite_Index": 3882.77734375,
    "CSI_300_Index": 4640.693359375,
    "Shenzhen_Component_Index": 13526.5087890625,
    "ALUMINUM_future": 2625.0,
    "BTC_price": 113496.6875,
    "OIL_price": 62.470001220703125,
    "USD_CNY_exchange_rate": 7.133800029754639,
    "Commodity_Index_ETF": 22.485000610351562,
    "US_Dollar_Index": 97.75299835205078,
    "ETH_price": 4112.005859375,
    "GOLD_spot_price": 3871.199951171875,
    "LEAN_HOGS_future": 90.42500305175781,
    "COPPER_future": 4.870500087738037,
    "High_Yield_Bond_ETF": 81.13500213623047,
    "LIVE_CATTLE_future": 231.8249969482422,
    "GOLD_near_month_future": 3871.10009765625,
    "NATURAL_GAS_future": 3.302000045776367,
    "PLATINUM_future": 1606.0,
    "SILVER_future": 46.540000915527344,
    "Long_Term_Treasury_ETF": 89.36219787597656,
    "CORN_future": 415.75,
    "SOYBEANS_future": 1000.75,
    "WHEAT_future": 507.5,
    "SP500_close": 6663.919921875,
    "NASDAQ_close": 22577.677734375,
    "US_10Y_Treasury_Yield": 4.14300012588501,
    "VIX_close": 16.1299991607666,
    "GOLD_basis_spot_vs_near": 0.099853515625,
    "China_10Y_Treasury_Yield": 1.8605
  }
}