{
  "latest_date": "2025-08-25",
  "latest_values": {
    "Shanghai_Composite_Index": 3883.561767578125,
    "CSI_300_Index": 4469.2216796875,
    "Shenzhen_Component_Index": 12441.0673828125,
    "ALUMINUM_future": 2505.25,
    "BTC_price": 110127.921875,
    "OIL_price": 64.73999786376953,
    "USD_CNY_exchange_rate": 7.1504998207092285,
    "Commodity_Index_ETF": 22.190000534057617,
    "US_Dollar_Index": 98.43499755859375,
    "ETH_price": 4369.369140625,
    "GOLD_spot_price": 3410.699951171875,
    "LEAN_HOGS_future": 91.42500305175781,
    "COPPER_future": 4.4604997634887695,
    "High_Yield_Bond_ETF": 80.69000244140625,
    "LIVE_CATTLE_future": 236.97500610351562,
    "GOLD_near_month_future": 3410.60009765625,
    "NATURAL_GAS_future": 2.7090001106262207,
    "PLATINUM_future": 1336.4000244140625,
    "SILVER_future": 38.54999923706055,
    "Long_Term_Treasury_ETF": 86.80000305175781,
    "CORN_future": 412.5,
    "SOYBEANS_future": 1047.75,
    "WHEAT_future": 529.75,
    "SP500_close": 6439.31982421875,
    "NASDAQ_close": 21449.291015625,
    "US_10Y_Treasury_Yield": 4.275000095367432,
    "VIX_close": 14.789999961853027,
    "GOLD_basis_spot_vs_near": 0.099853515625,
    "China_10Y_Treasury_Yield": 1.7643
  }
}