{
  "latest_date": "2025-08-28",
  "latest_values": {
    "Shanghai_Composite_Index": 3800.35009765625,
    "CSI_300_Index": 4386.1298828125,
    "Shenzhen_Component_Index": 12295.0703125,
    "ALUMINUM_future": 2532.0,
    "BTC_price": 112899.4765625,
    "OIL_price": 63.72999954223633,
    "USD_CNY_exchange_rate": 7.1519999504089355,
    "Commodity_Index_ETF": 22.040000915527344,
    "US_Dollar_Index": 98.07499694824219,
    "ETH_price": 4584.93115234375,
    "GOLD_spot_price": 3455.89990234375,
    "LEAN_HOGS_future": 93.875,
    "COPPER_future": 4.414000034332275,
    "High_Yield_Bond_ETF": 80.97000122070312,
    "LIVE_CATTLE_future": 239.5749969482422,
    "GOLD_near_month_future": 3455.800048828125,
    "NATURAL_GAS_future": 2.8980000019073486,
    "PLATINUM_future": 1354.800048828125,
    "SILVER_future": 39.5,
    "Long_Term_Treasury_ETF": 86.6500015258789,
    "CORN_future": 405.75,
    "SOYBEANS_future": 1044.75,
    "WHEAT_future": 522.25,
    "SP500_close": 6481.39990234375,
    "NASDAQ_close": 21590.140625,
    "US_10Y_Treasury_Yield": 4.23799991607666,
    "VIX_close": 14.449999809265137,
    "GOLD_basis_spot_vs_near": 0.099853515625,
    "China_10Y_Treasury_Yield": 1.8478
  }
}