{
  "latest_date": "2025-08-27",
  "latest_values": {
    "Shanghai_Composite_Index": 3800.349853515625,
    "CSI_300_Index": 4386.12646484375,
    "Shenzhen_Component_Index": 12295.0693359375,
    "ALUMINUM_future": 2565.5,
    "BTC_price": 111888.328125,
    "OIL_price": 63.880001068115234,
    "USD_CNY_exchange_rate": 7.151000022888184,
    "Commodity_Index_ETF": 22.045000076293945,
    "US_Dollar_Index": 98.22100067138672,
    "ETH_price": 4534.869140625,
    "GOLD_spot_price": 3449.300048828125,
    "LEAN_HOGS_future": 93.875,
    "COPPER_future": 4.422500133514404,
    "High_Yield_Bond_ETF": 80.95999908447266,
    "LIVE_CATTLE_future": 239.5749969482422,
    "GOLD_near_month_future": 3449.300048828125,
    "NATURAL_GAS_future": 2.8540000915527344,
    "PLATINUM_future": 1349.5,
    "SILVER_future": 38.619998931884766,
    "Long_Term_Treasury_ETF": 86.6500015258789,
    "CORN_future": 406.0,
    "SOYBEANS_future": 1048.25,
    "WHEAT_future": 524.75,
    "SP500_close": 6481.39990234375,
    "NASDAQ_close": 21590.140625,
    "US_10Y_Treasury_Yield": 4.23799991607666,
    "VIX_close": 14.930000305175781,
    "GOLD_basis_spot_vs_near": 0.0,
    "China_10Y_Treasury_Yield": 1.7988
  }
}