{
  "latest_date": "2025-09-29",
  "latest_values": {
    "Shanghai_Composite_Index": 3862.53173828125,
    "CSI_300_Index": 4620.052734375,
    "Shenzhen_Component_Index": 13479.427734375,
    "ALUMINUM_future": 2613.25,
    "BTC_price": 113966.28125,
    "OIL_price": 63.209999084472656,
    "USD_CNY_exchange_rate": 7.133800029754639,
    "Commodity_Index_ETF": 22.665000915527344,
    "US_Dollar_Index": 97.927001953125,
    "ETH_price": 4154.59716796875,
    "GOLD_spot_price": 3858.300048828125,
    "LEAN_HOGS_future": 91.82499694824219,
    "COPPER_future": 4.9029998779296875,
    "High_Yield_Bond_ETF": 81.19000244140625,
    "LIVE_CATTLE_future": 231.3000030517578,
    "GOLD_near_month_future": 3858.199951171875,
    "NATURAL_GAS_future": 3.2639999389648438,
    "PLATINUM_future": 1607.4000244140625,
    "SILVER_future": 47.05500030517578,
    "Long_Term_Treasury_ETF": 89.69000244140625,
    "CORN_future": 421.5,
    "SOYBEANS_future": 1009.25,
    "WHEAT_future": 518.75,
    "SP500_close": 6660.4599609375,
    "NASDAQ_close": 22608.765625,
    "US_10Y_Treasury_Yield": 4.140999794006348,
    "VIX_close": 16.0,
    "GOLD_basis_spot_vs_near": 0.10009765625,
    "China_10Y_Treasury_Yield": 1.887
  }
}