{
  "latest_date": "2025-08-25",
  "latest_values": {
    "Shanghai_Composite_Index": 3883.561767578125,
    "CSI_300_Index": 4469.2216796875,
    "Shenzhen_Component_Index": 12441.0673828125,
    "ALUMINUM_future": 2505.25,
    "BTC_price": 112325.5625,
    "OIL_price": 64.97000122070312,
    "USD_CNY_exchange_rate": 7.179900169372559,
    "Commodity_Index_ETF": 22.204999923706055,
    "US_Dollar_Index": 98.25900268554688,
    "ETH_price": 4576.04052734375,
    "GOLD_spot_price": 3415.89990234375,
    "LEAN_HOGS_future": 91.30000305175781,
    "COPPER_future": 4.473499774932861,
    "High_Yield_Bond_ETF": 80.79499816894531,
    "LIVE_CATTLE_future": 236.75,
    "GOLD_near_month_future": 3415.89990234375,
    "NATURAL_GAS_future": 2.6600000858306885,
    "PLATINUM_future": 1337.4000244140625,
    "SILVER_future": 38.67499923706055,
    "Long_Term_Treasury_ETF": 86.98470306396484,
    "CORN_future": 411.75,
    "SOYBEANS_future": 1047.0,
    "WHEAT_future": 530.0,
    "SP500_close": 6457.7998046875,
    "NASDAQ_close": 21530.193359375,
    "US_10Y_Treasury_Yield": 4.2669997215271,
    "VIX_close": 14.350000381469727,
    "GOLD_basis_spot_vs_near": 0.0,
    "China_10Y_Treasury_Yield": 1.7643
  }
}