{
  "latest_date": "2025-08-22",
  "latest_values": {
    "Shanghai_Composite_Index": 3825.75927734375,
    "CSI_300_Index": 4377.99755859375,
    "Shenzhen_Component_Index": 12166.060546875,
    "ALUMINUM_future": 2513.5,
    "BTC_price": 116407.5234375,
    "OIL_price": 63.70000076293945,
    "USD_CNY_exchange_rate": 7.1757001876831055,
    "Commodity_Index_ETF": 22.079999923706055,
    "US_Dollar_Index": 97.73999786376953,
    "ETH_price": 4767.71630859375,
    "GOLD_spot_price": 3414.10009765625,
    "LEAN_HOGS_future": 91.2750015258789,
    "COPPER_future": 4.456500053405762,
    "High_Yield_Bond_ETF": 80.79000091552734,
    "LIVE_CATTLE_future": 236.8000030517578,
    "GOLD_near_month_future": 3414.10009765625,
    "NATURAL_GAS_future": 2.7119998931884766,
    "PLATINUM_future": 1360.5,
    "SILVER_future": 38.970001220703125,
    "Long_Term_Treasury_ETF": 87.06999969482422,
    "CORN_future": 411.25,
    "SOYBEANS_future": 1061.5,
    "WHEAT_future": 528.25,
    "SP500_close": 6467.5400390625,
    "NASDAQ_close": 21466.51171875,
    "US_10Y_Treasury_Yield": 4.251999855041504,
    "VIX_close": 14.539999961853027,
    "GOLD_basis_spot_vs_near": 0.0,
    "China_10Y_Treasury_Yield": 1.7818
  }
}