{
  "latest_date": "2025-09-12",
  "latest_values": {
    "Shanghai_Composite_Index": 3875.30908203125,
    "CSI_300_Index": 4548.0400390625,
    "Shenzhen_Component_Index": 12979.8896484375,
    "ALUMINUM_future": 2624.0,
    "BTC_price": 115101.65625,
    "OIL_price": 63.540000915527344,
    "USD_CNY_exchange_rate": 7.120699882507324,
    "Commodity_Index_ETF": 22.219999313354492,
    "US_Dollar_Index": 97.83699798583984,
    "ETH_price": 4523.455078125,
    "GOLD_spot_price": 3677.10009765625,
    "LEAN_HOGS_future": 98.17500305175781,
    "COPPER_future": 4.6529998779296875,
    "High_Yield_Bond_ETF": 81.04000091552734,
    "LIVE_CATTLE_future": 232.39999389648438,
    "GOLD_near_month_future": 3677.39990234375,
    "NATURAL_GAS_future": 2.930999994277954,
    "PLATINUM_future": 1406.800048828125,
    "SILVER_future": 42.400001525878906,
    "Long_Term_Treasury_ETF": 90.33999633789062,
    "CORN_future": 421.25,
    "SOYBEANS_future": 1033.0,
    "WHEAT_future": 518.75,
    "SP500_close": 6587.47021484375,
    "NASDAQ_close": 22043.0703125,
    "US_10Y_Treasury_Yield": 4.065999984741211,
    "VIX_close": 14.789999961853027,
    "GOLD_basis_spot_vs_near": -0.2998046875,
    "China_10Y_Treasury_Yield": 1.867
  }
}