{
  "latest_date": "2025-08-18",
  "latest_values": {
    "Shanghai_Composite_Index": 3696.77099609375,
    "CSI_300_Index": 4202.35009765625,
    "Shenzhen_Component_Index": 11634.669921875,
    "ALUMINUM_future": 2520.75,
    "BTC_price": 115131.6015625,
    "OIL_price": 62.939998626708984,
    "USD_CNY_exchange_rate": 7.179500102996826,
    "Commodity_Index_ETF": 21.770000457763672,
    "US_Dollar_Index": 97.97100067138672,
    "ETH_price": 4246.126953125,
    "GOLD_spot_price": 3393.5,
    "LEAN_HOGS_future": 90.125,
    "COPPER_future": 4.48199987411499,
    "High_Yield_Bond_ETF": 80.45999908447266,
    "LIVE_CATTLE_future": 230.60000610351562,
    "GOLD_near_month_future": 3393.699951171875,
    "NATURAL_GAS_future": 2.805999994277954,
    "PLATINUM_future": 1344.0999755859375,
    "SILVER_future": 38.16999816894531,
    "Long_Term_Treasury_ETF": 86.4000015258789,
    "CORN_future": 402.5,
    "SOYBEANS_future": 1035.5,
    "WHEAT_future": 523.0,
    "SP500_close": 6449.7998046875,
    "NASDAQ_close": 21622.98046875,
    "US_10Y_Treasury_Yield": 4.328000068664551,
    "VIX_close": 15.729999542236328,
    "GOLD_basis_spot_vs_near": -0.199951171875,
    "China_10Y_Treasury_Yield": 1.7465
  }
}