{
  "latest_date": "2025-07-15",
  "latest_values": {
    "Shanghai_Composite_Index": 3519.64990234375,
    "CSI_300_Index": 4017.669921875,
    "Shenzhen_Component_Index": 10684.51953125,
    "ALUMINUM_future": 2503.25,
    "BTC_price": 117009.71875,
    "OIL_price": 66.52999877929688,
    "USD_CNY_exchange_rate": 7.173299789428711,
    "Commodity_Index_ETF": 22.31999969482422,
    "US_Dollar_Index": 97.99500274658203,
    "ETH_price": 2976.583984375,
    "GOLD_spot_price": 3370.800048828125,
    "LEAN_HOGS_future": 103.30000305175781,
    "COPPER_future": 5.566999912261963,
    "High_Yield_Bond_ETF": 80.08999633789062,
    "LIVE_CATTLE_future": 219.25,
    "GOLD_near_month_future": 3427.5,
    "NATURAL_GAS_future": 3.4059998989105225,
    "PLATINUM_future": 1426.800048828125,
    "SILVER_future": 38.63999938964844,
    "Long_Term_Treasury_ETF": 85.61000061035156,
    "CORN_future": 414.0,
    "SOYBEANS_future": 1002.75,
    "WHEAT_future": 538.5,
    "SP500_close": 6268.56005859375,
    "NASDAQ_close": 20640.330078125,
    "US_10Y_Treasury_Yield": 4.427000045776367,
    "VIX_close": 16.90999984741211,
    "GOLD_basis_spot_vs_near": -56.699951171875,
    "China_10Y_Treasury_Yield": 1.6557
  }
}