{
  "latest_date": "2025-08-27",
  "latest_values": {
    "Shanghai_Composite_Index": 3800.349853515625,
    "CSI_300_Index": 4386.12646484375,
    "Shenzhen_Component_Index": 12295.0693359375,
    "ALUMINUM_future": 2537.75,
    "BTC_price": 112003.625,
    "OIL_price": 63.83000183105469,
    "USD_CNY_exchange_rate": 7.151000022888184,
    "Commodity_Index_ETF": 22.040000915527344,
    "US_Dollar_Index": 98.19599914550781,
    "ETH_price": 4623.41748046875,
    "GOLD_spot_price": 3449.699951171875,
    "LEAN_HOGS_future": 94.32499694824219,
    "COPPER_future": 4.414999961853027,
    "High_Yield_Bond_ETF": 80.91000366210938,
    "LIVE_CATTLE_future": 240.5500030517578,
    "GOLD_near_month_future": 3449.699951171875,
    "NATURAL_GAS_future": 2.818000078201294,
    "PLATINUM_future": 1349.199951171875,
    "SILVER_future": 38.7400016784668,
    "Long_Term_Treasury_ETF": 86.40010070800781,
    "CORN_future": 407.0,
    "SOYBEANS_future": 1050.25,
    "WHEAT_future": 524.75,
    "SP500_close": 6477.43017578125,
    "NASDAQ_close": 21570.970703125,
    "US_10Y_Treasury_Yield": 4.25,
    "VIX_close": 15.050000190734863,
    "GOLD_basis_spot_vs_near": 0.0,
    "China_10Y_Treasury_Yield": 1.7988
  }
}