{
  "latest_date": "2025-07-01",
  "latest_values": {
    "Shanghai_Composite_Index": 3444.425537109375,
    "CSI_300_Index": 3936.0791015625,
    "Shenzhen_Component_Index": 10465.1201171875,
    "ALUMINUM_future": 2549.5,
    "BTC_price": 107448.90625,
    "OIL_price": 64.91999816894531,
    "USD_CNY_exchange_rate": 7.163099765777588,
    "Commodity_Index_ETF": 21.809999465942383,
    "US_Dollar_Index": 96.72000122070312,
    "ETH_price": 2495.8837890625,
    "GOLD_spot_price": 3322.89990234375,
    "LEAN_HOGS_future": 109.94999694824219,
    "COPPER_future": 5.108500003814697,
    "High_Yield_Bond_ETF": 80.6500015258789,
    "LIVE_CATTLE_future": 213.97500610351562,
    "GOLD_near_month_future": 3322.699951171875,
    "NATURAL_GAS_future": 3.4630000591278076,
    "PLATINUM_future": 1372.0,
    "SILVER_future": 35.994998931884766,
    "Long_Term_Treasury_ETF": 88.25,
    "CORN_future": 424.5,
    "SOYBEANS_future": 1028.5,
    "WHEAT_future": 538.75,
    "SP500_close": 6204.9501953125,
    "NASDAQ_close": 20369.734375,
    "US_10Y_Treasury_Yield": 4.230000019073486,
    "VIX_close": 16.729999542236328,
    "GOLD_basis_spot_vs_near": 0.199951171875,
    "China_10Y_Treasury_Yield": 1.6469
  }
}