{
  "latest_date": "2025-08-13",
  "latest_values": {
    "Shanghai_Composite_Index": 3665.91796875,
    "CSI_300_Index": 4143.830078125,
    "Shenzhen_Component_Index": 11351.6298828125,
    "ALUMINUM_future": 2572.75,
    "BTC_price": 120499.359375,
    "OIL_price": 63.09000015258789,
    "USD_CNY_exchange_rate": 7.187699794769287,
    "Commodity_Index_ETF": 21.780000686645508,
    "US_Dollar_Index": 97.85399627685547,
    "ETH_price": 4709.095703125,
    "GOLD_spot_price": 3405.39990234375,
    "LEAN_HOGS_future": 91.5,
    "COPPER_future": 4.513999938964844,
    "High_Yield_Bond_ETF": 80.4000015258789,
    "LIVE_CATTLE_future": 229.25,
    "GOLD_near_month_future": 3405.5,
    "NATURAL_GAS_future": 2.8329999446868896,
    "PLATINUM_future": 1348.300048828125,
    "SILVER_future": 38.53499984741211,
    "Long_Term_Treasury_ETF": 86.94999694824219,
    "CORN_future": 396.25,
    "SOYBEANS_future": 1044.25,
    "WHEAT_future": 527.25,
    "SP500_close": 6445.759765625,
    "NASDAQ_close": 21681.900390625,
    "US_10Y_Treasury_Yield": 4.254000186920166,
    "VIX_close": 14.380000114440918,
    "GOLD_basis_spot_vs_near": -0.10009765625,
    "China_10Y_Treasury_Yield": 1.7262
  }
}