{
  "latest_date": "2025-08-14",
  "latest_values": {
    "Shanghai_Composite_Index": 3683.465087890625,
    "CSI_300_Index": 4176.580078125,
    "Shenzhen_Component_Index": 11551.3701171875,
    "ALUMINUM_future": 2540.25,
    "BTC_price": 119133.8359375,
    "OIL_price": 63.349998474121094,
    "USD_CNY_exchange_rate": 7.178500175476074,
    "Commodity_Index_ETF": 21.75,
    "US_Dollar_Index": 98.04199981689453,
    "ETH_price": 4557.7548828125,
    "GOLD_spot_price": 3403.39990234375,
    "LEAN_HOGS_future": 90.7249984741211,
    "COPPER_future": 4.479499816894531,
    "High_Yield_Bond_ETF": 80.61000061035156,
    "LIVE_CATTLE_future": 229.47500610351562,
    "GOLD_near_month_future": 3403.60009765625,
    "NATURAL_GAS_future": 2.7960000038146973,
    "PLATINUM_future": 1363.0,
    "SILVER_future": 38.279998779296875,
    "Long_Term_Treasury_ETF": 87.66999816894531,
    "CORN_future": 393.0,
    "SOYBEANS_future": 1037.0,
    "WHEAT_future": 524.25,
    "SP500_close": 6466.580078125,
    "NASDAQ_close": 21713.140625,
    "US_10Y_Treasury_Yield": 4.25,
    "VIX_close": 15.149999618530273,
    "GOLD_basis_spot_vs_near": -0.2001953125,
    "China_10Y_Treasury_Yield": 1.7341
  }
}