{
  "latest_date": "2025-07-17",
  "latest_values": {
    "Shanghai_Composite_Index": 3503.777099609375,
    "CSI_300_Index": 4007.199951171875,
    "Shenzhen_Component_Index": 10720.8095703125,
    "ALUMINUM_future": 2464.75,
    "BTC_price": 117936.171875,
    "OIL_price": 66.80999755859375,
    "USD_CNY_exchange_rate": 7.172900199890137,
    "Commodity_Index_ETF": 22.309999465942383,
    "US_Dollar_Index": 98.8290023803711,
    "ETH_price": 3425.760498046875,
    "GOLD_spot_price": 3330.10009765625,
    "LEAN_HOGS_future": 104.55000305175781,
    "COPPER_future": 5.497499942779541,
    "High_Yield_Bond_ETF": 80.05999755859375,
    "LIVE_CATTLE_future": 223.875,
    "GOLD_near_month_future": 3386.39990234375,
    "NATURAL_GAS_future": 3.578000068664551,
    "PLATINUM_future": 1440.4000244140625,
    "SILVER_future": 38.07500076293945,
    "Long_Term_Treasury_ETF": 85.12999725341797,
    "CORN_future": 423.5,
    "SOYBEANS_future": 1021.75,
    "WHEAT_future": 537.5,
    "SP500_close": 6263.7001953125,
    "NASDAQ_close": 20730.490234375,
    "US_10Y_Treasury_Yield": 4.454999923706055,
    "VIX_close": 17.360000610351562,
    "GOLD_basis_spot_vs_near": -56.2998046875,
    "China_10Y_Treasury_Yield": 1.663
  }
}