{
  "latest_date": "2025-08-05",
  "latest_values": {
    "Shanghai_Composite_Index": 3617.59765625,
    "CSI_300_Index": 4103.4501953125,
    "Shenzhen_Component_Index": 11106.95703125,
    "ALUMINUM_future": 2481.25,
    "BTC_price": 114047.0390625,
    "OIL_price": 65.2300033569336,
    "USD_CNY_exchange_rate": 7.177999973297119,
    "Commodity_Index_ETF": 21.81999969482422,
    "US_Dollar_Index": 98.75700378417969,
    "ETH_price": 3603.841796875,
    "GOLD_spot_price": 3434.199951171875,
    "LEAN_HOGS_future": 92.7750015258789,
    "COPPER_future": 4.387499809265137,
    "High_Yield_Bond_ETF": 80.20999908447266,
    "LIVE_CATTLE_future": 227.60000610351562,
    "GOLD_near_month_future": 3434.300048828125,
    "NATURAL_GAS_future": 3.007999897003174,
    "PLATINUM_future": 1329.5,
    "SILVER_future": 37.814998626708984,
    "Long_Term_Treasury_ETF": 88.33000183105469,
    "CORN_future": 401.5,
    "SOYBEANS_future": 990.5,
    "WHEAT_future": 528.5,
    "SP500_close": 6299.18994140625,
    "NASDAQ_close": 20916.55078125,
    "US_10Y_Treasury_Yield": 4.196000099182129,
    "VIX_close": 17.850000381469727,
    "GOLD_basis_spot_vs_near": -0.10009765625,
    "China_10Y_Treasury_Yield": 1.7061
  }
}