{
  "latest_date": "2025-08-12",
  "latest_values": {
    "Shanghai_Composite_Index": 3647.547119140625,
    "CSI_300_Index": 4122.509765625,
    "Shenzhen_Component_Index": 11291.4296875,
    "ALUMINUM_future": 2559.5,
    "BTC_price": 118978.765625,
    "OIL_price": 63.459999084472656,
    "USD_CNY_exchange_rate": 7.181000232696533,
    "Commodity_Index_ETF": 21.809999465942383,
    "US_Dollar_Index": 98.28099822998047,
    "ETH_price": 4391.986328125,
    "GOLD_spot_price": 3396.199951171875,
    "LEAN_HOGS_future": 91.80000305175781,
    "COPPER_future": 4.502500057220459,
    "High_Yield_Bond_ETF": 80.26000213623047,
    "LIVE_CATTLE_future": 226.47500610351562,
    "GOLD_near_month_future": 3396.10009765625,
    "NATURAL_GAS_future": 2.8610000610351562,
    "PLATINUM_future": 1337.9000244140625,
    "SILVER_future": 37.744998931884766,
    "Long_Term_Treasury_ETF": 86.7699966430664,
    "CORN_future": 403.5,
    "SOYBEANS_future": 997.25,
    "WHEAT_future": 529.25,
    "SP500_close": 6398.97998046875,
    "NASDAQ_close": 21427.26171875,
    "US_10Y_Treasury_Yield": 4.306000232696533,
    "VIX_close": 15.579999923706055,
    "GOLD_basis_spot_vs_near": 0.099853515625,
    "China_10Y_Treasury_Yield": 1.7271
  }
}