{
  "latest_date": "2025-07-02",
  "latest_values": {
    "Shanghai_Composite_Index": 3454.79248046875,
    "CSI_300_Index": 3943.684814453125,
    "Shenzhen_Component_Index": 10476.2900390625,
    "ALUMINUM_future": 2577.0,
    "BTC_price": 108329.7421875,
    "OIL_price": 65.58999633789062,
    "USD_CNY_exchange_rate": 7.163599967956543,
    "Commodity_Index_ETF": 22.04360008239746,
    "US_Dollar_Index": 97.05400085449219,
    "ETH_price": 2471.988525390625,
    "GOLD_spot_price": 3353.300048828125,
    "LEAN_HOGS_future": 107.0,
    "COPPER_future": 5.184000015258789,
    "High_Yield_Bond_ETF": 80.20500183105469,
    "LIVE_CATTLE_future": 210.3000030517578,
    "GOLD_near_month_future": 3406.5,
    "NATURAL_GAS_future": 3.506999969482422,
    "PLATINUM_future": 1421.800048828125,
    "SILVER_future": 36.6349983215332,
    "Long_Term_Treasury_ETF": 87.38500213623047,
    "CORN_future": 423.25,
    "SOYBEANS_future": 1035.0,
    "WHEAT_future": 553.5,
    "SP500_close": 6211.47021484375,
    "NASDAQ_close": 20378.685546875,
    "US_10Y_Treasury_Yield": 4.290999889373779,
    "VIX_close": 16.709999084472656,
    "GOLD_basis_spot_vs_near": -53.199951171875,
    "China_10Y_Treasury_Yield": 1.6396
  }
}