{
  "latest_date": "2025-08-13",
  "latest_values": {
    "Shanghai_Composite_Index": 3683.46484375,
    "CSI_300_Index": 4176.57763671875,
    "Shenzhen_Component_Index": 11351.6298828125,
    "ALUMINUM_future": 2559.5,
    "BTC_price": 121161.015625,
    "OIL_price": 62.38999938964844,
    "USD_CNY_exchange_rate": 7.187699794769287,
    "Commodity_Index_ETF": 21.69499969482422,
    "US_Dollar_Index": 97.7040023803711,
    "ETH_price": 4646.572265625,
    "GOLD_spot_price": 3413.10009765625,
    "LEAN_HOGS_future": 91.32499694824219,
    "COPPER_future": 4.505000114440918,
    "High_Yield_Bond_ETF": 80.56999969482422,
    "LIVE_CATTLE_future": 231.72500610351562,
    "GOLD_near_month_future": 3413.199951171875,
    "NATURAL_GAS_future": 2.812999963760376,
    "PLATINUM_future": 1344.5,
    "SILVER_future": 38.540000915527344,
    "Long_Term_Treasury_ETF": 87.74440002441406,
    "CORN_future": 396.75,
    "SOYBEANS_future": 1041.75,
    "WHEAT_future": 529.5,
    "SP500_close": 6453.419921875,
    "NASDAQ_close": 21720.43359375,
    "US_10Y_Treasury_Yield": 4.230999946594238,
    "VIX_close": 14.699999809265137,
    "GOLD_basis_spot_vs_near": -0.099853515625,
    "China_10Y_Treasury_Yield": 1.7262
  }
}