{
  "latest_date": "2025-09-24",
  "latest_values": {
    "Shanghai_Composite_Index": 3853.64208984375,
    "CSI_300_Index": 4566.07080078125,
    "Shenzhen_Component_Index": 13356.142578125,
    "ALUMINUM_future": 2573.75,
    "BTC_price": 113699.484375,
    "OIL_price": 64.91999816894531,
    "USD_CNY_exchange_rate": 7.131499767303467,
    "Commodity_Index_ETF": 22.635000228881836,
    "US_Dollar_Index": 97.86699676513672,
    "ETH_price": 4176.44384765625,
    "GOLD_spot_price": 3761.699951171875,
    "LEAN_HOGS_future": 99.32499694824219,
    "COPPER_future": 4.817500114440918,
    "High_Yield_Bond_ETF": 81.1449966430664,
    "LIVE_CATTLE_future": 239.0749969482422,
    "GOLD_near_month_future": 3761.89990234375,
    "NATURAL_GAS_future": 3.122999906539917,
    "PLATINUM_future": 1478.5999755859375,
    "SILVER_future": 44.03499984741211,
    "Long_Term_Treasury_ETF": 88.91999816894531,
    "CORN_future": 424.0,
    "SOYBEANS_future": 1009.0,
    "WHEAT_future": 519.5,
    "SP500_close": 6629.52978515625,
    "NASDAQ_close": 22459.88671875,
    "US_10Y_Treasury_Yield": 4.144999980926514,
    "VIX_close": 16.889999389648438,
    "GOLD_basis_spot_vs_near": -0.199951171875,
    "China_10Y_Treasury_Yield": 1.9022
  }
}