{
  "latest_date": "2025-07-25",
  "latest_values": {
    "Shanghai_Composite_Index": 3605.72705078125,
    "CSI_300_Index": 4149.0400390625,
    "Shenzhen_Component_Index": 11193.0595703125,
    "ALUMINUM_future": 2608.5,
    "BTC_price": 116119.5703125,
    "OIL_price": 66.26000213623047,
    "USD_CNY_exchange_rate": 7.1595001220703125,
    "Commodity_Index_ETF": 22.399999618530273,
    "US_Dollar_Index": 97.78900146484375,
    "ETH_price": 3707.146240234375,
    "GOLD_spot_price": 3343.60009765625,
    "LEAN_HOGS_future": 108.19999694824219,
    "COPPER_future": 5.7779998779296875,
    "High_Yield_Bond_ETF": 80.44000244140625,
    "LIVE_CATTLE_future": 225.875,
    "GOLD_near_month_future": 3399.89990234375,
    "NATURAL_GAS_future": 3.0969998836517334,
    "PLATINUM_future": 1418.0999755859375,
    "SILVER_future": 39.02000045776367,
    "Long_Term_Treasury_ETF": 85.88999938964844,
    "CORN_future": 418.75,
    "SOYBEANS_future": 1017.5,
    "WHEAT_future": 537.5,
    "SP500_close": 6363.35009765625,
    "NASDAQ_close": 21057.9609375,
    "US_10Y_Treasury_Yield": 4.424000263214111,
    "VIX_close": 15.180000305175781,
    "GOLD_basis_spot_vs_near": -56.2998046875,
    "China_10Y_Treasury_Yield": 1.7324
  }
}