{
  "latest_date": "2025-08-11",
  "latest_values": {
    "Shanghai_Composite_Index": 3635.1279296875,
    "CSI_300_Index": 4104.97021484375,
    "Shenzhen_Component_Index": 11128.669921875,
    "ALUMINUM_future": 2516.5,
    "BTC_price": 120138.5234375,
    "OIL_price": 64.13999938964844,
    "USD_CNY_exchange_rate": 7.181000232696533,
    "Commodity_Index_ETF": 21.908300399780273,
    "US_Dollar_Index": 98.4749984741211,
    "ETH_price": 4270.77685546875,
    "GOLD_spot_price": 3417.39990234375,
    "LEAN_HOGS_future": 91.1500015258789,
    "COPPER_future": 4.46150016784668,
    "High_Yield_Bond_ETF": 80.2300033569336,
    "LIVE_CATTLE_future": 224.0749969482422,
    "GOLD_near_month_future": 3417.300048828125,
    "NATURAL_GAS_future": 2.9600000381469727,
    "PLATINUM_future": 1339.4000244140625,
    "SILVER_future": 37.970001220703125,
    "Long_Term_Treasury_ETF": 87.5250015258789,
    "CORN_future": 408.5,
    "SOYBEANS_future": 1005.25,
    "WHEAT_future": 541.5,
    "SP500_close": 6394.990234375,
    "NASDAQ_close": 21467.119140625,
    "US_10Y_Treasury_Yield": 4.2729997634887695,
    "VIX_close": 15.949999809265137,
    "GOLD_basis_spot_vs_near": 0.099853515625,
    "China_10Y_Treasury_Yield": 1.7203
  }
}