{
  "latest_date": "2025-07-09",
  "latest_values": {
    "Shanghai_Composite_Index": 3497.47509765625,
    "CSI_300_Index": 3998.449951171875,
    "Shenzhen_Component_Index": 10588.3896484375,
    "ALUMINUM_future": 2516.25,
    "BTC_price": 109729.3125,
    "OIL_price": 68.13999938964844,
    "USD_CNY_exchange_rate": 7.179500102996826,
    "Commodity_Index_ETF": 22.329999923706055,
    "US_Dollar_Index": 97.5530014038086,
    "ETH_price": 2665.354248046875,
    "GOLD_spot_price": 3303.800048828125,
    "LEAN_HOGS_future": 106.92500305175781,
    "COPPER_future": 5.571000099182129,
    "High_Yield_Bond_ETF": 79.98999786376953,
    "LIVE_CATTLE_future": 219.89999389648438,
    "GOLD_near_month_future": 3303.89990234375,
    "NATURAL_GAS_future": 3.193000078201294,
    "PLATINUM_future": 1382.300048828125,
    "SILVER_future": 36.55500030517578,
    "Long_Term_Treasury_ETF": 86.02999877929688,
    "CORN_future": 412.25,
    "SOYBEANS_future": 1013.0,
    "WHEAT_future": 546.5,
    "SP500_close": 6225.52001953125,
    "NASDAQ_close": 20418.4609375,
    "US_10Y_Treasury_Yield": 4.4029998779296875,
    "VIX_close": 16.149999618530273,
    "GOLD_basis_spot_vs_near": -0.099853515625,
    "China_10Y_Treasury_Yield": 1.6446
  }
}