{
  "latest_date": "2025-07-11",
  "latest_values": {
    "Shanghai_Composite_Index": 3509.681884765625,
    "CSI_300_Index": 4010.02001953125,
    "Shenzhen_Component_Index": 10631.1298828125,
    "ALUMINUM_future": 2523.0,
    "BTC_price": 117884.96875,
    "OIL_price": 67.68000030517578,
    "USD_CNY_exchange_rate": 7.179999828338623,
    "Commodity_Index_ETF": 22.360000610351562,
    "US_Dollar_Index": 97.84500122070312,
    "ETH_price": 2995.583984375,
    "GOLD_spot_price": 3365.0,
    "LEAN_HOGS_future": 107.0999984741211,
    "COPPER_future": 5.526000022888184,
    "High_Yield_Bond_ETF": 80.0,
    "LIVE_CATTLE_future": 220.5500030517578,
    "GOLD_near_month_future": 3422.39990234375,
    "NATURAL_GAS_future": 3.3929998874664307,
    "PLATINUM_future": 1458.699951171875,
    "SILVER_future": 38.47999954223633,
    "Long_Term_Treasury_ETF": 86.07499694824219,
    "CORN_future": 415.5,
    "SOYBEANS_future": 1009.0,
    "WHEAT_future": 549.5,
    "SP500_close": 6254.27978515625,
    "NASDAQ_close": 20585.59765625,
    "US_10Y_Treasury_Yield": 4.401000022888184,
    "VIX_close": 16.709999084472656,
    "GOLD_basis_spot_vs_near": -57.39990234375,
    "China_10Y_Treasury_Yield": 1.6653
  }
}