{
  "latest_date": "2025-08-17",
  "latest_values": {
    "Shanghai_Composite_Index": 3696.77099609375,
    "CSI_300_Index": 4202.35009765625,
    "Shenzhen_Component_Index": 11634.669921875,
    "ALUMINUM_future": 2548.25,
    "BTC_price": 117996.8359375,
    "OIL_price": 62.650001525878906,
    "USD_CNY_exchange_rate": 7.179500102996826,
    "Commodity_Index_ETF": 21.770000457763672,
    "US_Dollar_Index": 97.79900360107422,
    "ETH_price": 4516.92724609375,
    "GOLD_spot_price": 3379.300048828125,
    "LEAN_HOGS_future": 90.125,
    "COPPER_future": 4.48799991607666,
    "High_Yield_Bond_ETF": 80.45999908447266,
    "LIVE_CATTLE_future": 230.60000610351562,
    "GOLD_near_month_future": 3379.39990234375,
    "NATURAL_GAS_future": 2.872999906539917,
    "PLATINUM_future": 1342.5,
    "SILVER_future": 37.915000915527344,
    "Long_Term_Treasury_ETF": 86.4000015258789,
    "CORN_future": 405.25,
    "SOYBEANS_future": 1042.5,
    "WHEAT_future": 527.0,
    "SP500_close": 6449.7998046875,
    "NASDAQ_close": 21622.98046875,
    "US_10Y_Treasury_Yield": 4.328000068664551,
    "VIX_close": 15.09000015258789,
    "GOLD_basis_spot_vs_near": -0.099853515625,
    "China_10Y_Treasury_Yield": 1.7465
  }
}