{
  "latest_date": "2025-08-07",
  "latest_values": {
    "Shanghai_Composite_Index": 3633.9951171875,
    "CSI_300_Index": 4113.47998046875,
    "Shenzhen_Component_Index": 11177.7802734375,
    "ALUMINUM_future": 2551.25,
    "BTC_price": 115168.28125,
    "OIL_price": 64.91999816894531,
    "USD_CNY_exchange_rate": 7.1834001541137695,
    "Commodity_Index_ETF": 21.770000457763672,
    "US_Dollar_Index": 98.30000305175781,
    "ETH_price": 3708.50341796875,
    "GOLD_spot_price": 3443.300048828125,
    "LEAN_HOGS_future": 91.92500305175781,
    "COPPER_future": 4.4105000495910645,
    "High_Yield_Bond_ETF": 80.29000091552734,
    "LIVE_CATTLE_future": 229.4499969482422,
    "GOLD_near_month_future": 3443.300048828125,
    "NATURAL_GAS_future": 3.0959999561309814,
    "PLATINUM_future": 1355.300048828125,
    "SILVER_future": 38.08000183105469,
    "Long_Term_Treasury_ETF": 87.81999969482422,
    "CORN_future": 403.75,
    "SOYBEANS_future": 986.25,
    "WHEAT_future": 531.0,
    "SP500_close": 6345.06005859375,
    "NASDAQ_close": 21169.419921875,
    "US_10Y_Treasury_Yield": 4.21999979019165,
    "VIX_close": 16.770000457763672,
    "GOLD_basis_spot_vs_near": 0.0,
    "China_10Y_Treasury_Yield": 1.6999
  }
}