{
  "latest_date": "2025-09-09",
  "latest_values": {
    "Shanghai_Composite_Index": 3826.841064453125,
    "CSI_300_Index": 4467.56982421875,
    "Shenzhen_Component_Index": 12666.83984375,
    "ALUMINUM_future": 2541.75,
    "BTC_price": 111324.1875,
    "OIL_price": 62.38999938964844,
    "USD_CNY_exchange_rate": 7.132500171661377,
    "Commodity_Index_ETF": 22.18000030517578,
    "US_Dollar_Index": 97.40599822998047,
    "ETH_price": 4287.875,
    "GOLD_spot_price": 3683.300048828125,
    "LEAN_HOGS_future": 95.25,
    "COPPER_future": 4.499000072479248,
    "High_Yield_Bond_ETF": 80.87000274658203,
    "LIVE_CATTLE_future": 235.75,
    "GOLD_near_month_future": 3683.39990234375,
    "NATURAL_GAS_future": 3.0810000896453857,
    "PLATINUM_future": 1394.0999755859375,
    "SILVER_future": 41.85499954223633,
    "Long_Term_Treasury_ETF": 89.73999786376953,
    "CORN_future": 420.5,
    "SOYBEANS_future": 1034.0,
    "WHEAT_future": 522.5,
    "SP500_close": 6495.14990234375,
    "NASDAQ_close": 21798.69921875,
    "US_10Y_Treasury_Yield": 4.046000003814697,
    "VIX_close": 15.109999656677246,
    "GOLD_basis_spot_vs_near": -0.099853515625,
    "China_10Y_Treasury_Yield": 1.8514
  }
}