{
  "latest_date": "2025-07-28",
  "latest_values": {
    "Shanghai_Composite_Index": 3597.93701171875,
    "CSI_300_Index": 4135.82421875,
    "Shenzhen_Component_Index": 11217.5810546875,
    "ALUMINUM_future": 2585.0,
    "BTC_price": 117885.96875,
    "OIL_price": 66.98999786376953,
    "USD_CNY_exchange_rate": 7.153500080108643,
    "Commodity_Index_ETF": 22.399999618530273,
    "US_Dollar_Index": 98.66400146484375,
    "ETH_price": 3779.62109375,
    "GOLD_spot_price": 3311.60009765625,
    "LEAN_HOGS_future": 108.3499984741211,
    "COPPER_future": 5.620500087738037,
    "High_Yield_Bond_ETF": 80.44999694824219,
    "LIVE_CATTLE_future": 227.75,
    "GOLD_near_month_future": 3368.39990234375,
    "NATURAL_GAS_future": 3.0329999923706055,
    "PLATINUM_future": 1424.199951171875,
    "SILVER_future": 38.31999969482422,
    "Long_Term_Treasury_ETF": 85.87000274658203,
    "CORN_future": 413.25,
    "SOYBEANS_future": 1011.5,
    "WHEAT_future": 538.25,
    "SP500_close": 6389.77001953125,
    "NASDAQ_close": 21178.583984375,
    "US_10Y_Treasury_Yield": 4.420000076293945,
    "VIX_close": 15.029999732971191,
    "GOLD_basis_spot_vs_near": -56.7998046875,
    "China_10Y_Treasury_Yield": 1.7146
  }
}