{
  "latest_date": "2025-08-06",
  "latest_values": {
    "Shanghai_Composite_Index": 3617.597900390625,
    "CSI_300_Index": 4103.4501953125,
    "Shenzhen_Component_Index": 11106.9599609375,
    "ALUMINUM_future": 2483.25,
    "BTC_price": 113628.546875,
    "OIL_price": 65.52999877929688,
    "USD_CNY_exchange_rate": 7.177999973297119,
    "Commodity_Index_ETF": 21.81999969482422,
    "US_Dollar_Index": 98.78299713134766,
    "ETH_price": 3588.833740234375,
    "GOLD_spot_price": 3431.89990234375,
    "LEAN_HOGS_future": 92.7750015258789,
    "COPPER_future": 4.394499778747559,
    "High_Yield_Bond_ETF": 80.20999908447266,
    "LIVE_CATTLE_future": 227.60000610351562,
    "GOLD_near_month_future": 3431.89990234375,
    "NATURAL_GAS_future": 3.009000062942505,
    "PLATINUM_future": 1324.9000244140625,
    "SILVER_future": 37.86000061035156,
    "Long_Term_Treasury_ETF": 88.33000183105469,
    "CORN_future": 401.75,
    "SOYBEANS_future": 993.25,
    "WHEAT_future": 529.25,
    "SP500_close": 6299.18994140625,
    "NASDAQ_close": 20916.55078125,
    "US_10Y_Treasury_Yield": 4.196000099182129,
    "VIX_close": 17.850000381469727,
    "GOLD_basis_spot_vs_near": 0.0,
    "China_10Y_Treasury_Yield": 1.7061
  }
}