{
  "latest_date": "2025-09-17",
  "latest_values": {
    "Shanghai_Composite_Index": 3860.50390625,
    "CSI_300_Index": 4522.0,
    "Shenzhen_Component_Index": 12924.1298828125,
    "ALUMINUM_future": 2647.75,
    "BTC_price": 116388.4296875,
    "OIL_price": 64.41999816894531,
    "USD_CNY_exchange_rate": 7.124199867248535,
    "Commodity_Index_ETF": 22.780000686645508,
    "US_Dollar_Index": 96.74299621582031,
    "ETH_price": 4490.97998046875,
    "GOLD_spot_price": 3718.800048828125,
    "LEAN_HOGS_future": 97.19999694824219,
    "COPPER_future": 4.66349983215332,
    "High_Yield_Bond_ETF": 81.12999725341797,
    "LIVE_CATTLE_future": 233.5749969482422,
    "GOLD_near_month_future": 3718.699951171875,
    "NATURAL_GAS_future": 3.115000009536743,
    "PLATINUM_future": 1402.0,
    "SILVER_future": 42.39500045776367,
    "Long_Term_Treasury_ETF": 90.3499984741211,
    "CORN_future": 428.5,
    "SOYBEANS_future": 1046.0,
    "WHEAT_future": 532.75,
    "SP500_close": 6606.759765625,
    "NASDAQ_close": 22333.958984375,
    "US_10Y_Treasury_Yield": 4.026000022888184,
    "VIX_close": 16.360000610351562,
    "GOLD_basis_spot_vs_near": 0.10009765625,
    "China_10Y_Treasury_Yield": 1.8527
  }
}