{
  "latest_date": "2025-07-30",
  "latest_values": {
    "Shanghai_Composite_Index": 3615.716796875,
    "CSI_300_Index": 4151.23779296875,
    "Shenzhen_Component_Index": 11203.029296875,
    "ALUMINUM_future": 2469.0,
    "BTC_price": 115904.640625,
    "OIL_price": 70.19999694824219,
    "USD_CNY_exchange_rate": 7.19290018081665,
    "Commodity_Index_ETF": 22.612300872802734,
    "US_Dollar_Index": 99.7750015258789,
    "ETH_price": 3691.5009765625,
    "GOLD_spot_price": 3334.39990234375,
    "LEAN_HOGS_future": 106.8499984741211,
    "COPPER_future": 4.646999835968018,
    "High_Yield_Bond_ETF": 80.31500244140625,
    "LIVE_CATTLE_future": 232.9499969482422,
    "GOLD_near_month_future": 3334.300048828125,
    "NATURAL_GAS_future": 3.0409998893737793,
    "PLATINUM_future": 1328.0999755859375,
    "SILVER_future": 37.23500061035156,
    "Long_Term_Treasury_ETF": 86.61810302734375,
    "CORN_future": 412.5,
    "SOYBEANS_future": 996.0,
    "WHEAT_future": 523.75,
    "SP500_close": 6345.41015625,
    "NASDAQ_close": 21054.76171875,
    "US_10Y_Treasury_Yield": 4.377999782562256,
    "VIX_close": 16.270000457763672,
    "GOLD_basis_spot_vs_near": 0.099853515625,
    "China_10Y_Treasury_Yield": 1.718
  }
}