{
  "latest_date": "2025-08-28",
  "latest_values": {
    "Shanghai_Composite_Index": 3843.597412109375,
    "CSI_300_Index": 4463.7822265625,
    "Shenzhen_Component_Index": 12571.37109375,
    "ALUMINUM_future": 2531.5,
    "BTC_price": 111938.4140625,
    "OIL_price": 64.31999969482422,
    "USD_CNY_exchange_rate": 7.1519999504089355,
    "Commodity_Index_ETF": 22.190000534057617,
    "US_Dollar_Index": 97.86900329589844,
    "ETH_price": 4455.126953125,
    "GOLD_spot_price": 3477.699951171875,
    "LEAN_HOGS_future": 94.2750015258789,
    "COPPER_future": 4.552499771118164,
    "High_Yield_Bond_ETF": 80.99500274658203,
    "LIVE_CATTLE_future": 237.0749969482422,
    "GOLD_near_month_future": 3477.800048828125,
    "NATURAL_GAS_future": 2.9570000171661377,
    "PLATINUM_future": 1365.199951171875,
    "SILVER_future": 39.724998474121094,
    "Long_Term_Treasury_ETF": 87.22000122070312,
    "CORN_future": 410.75,
    "SOYBEANS_future": 1048.25,
    "WHEAT_future": 529.75,
    "SP500_close": 6501.85986328125,
    "NASDAQ_close": 21705.158203125,
    "US_10Y_Treasury_Yield": 4.206999778747559,
    "VIX_close": 14.3100004196167,
    "GOLD_basis_spot_vs_near": -0.10009765625,
    "China_10Y_Treasury_Yield": 1.8478
  }
}