{
  "latest_date": "2025-08-05",
  "latest_values": {
    "Shanghai_Composite_Index": 3617.59765625,
    "CSI_300_Index": 4103.4501953125,
    "Shenzhen_Component_Index": 11041.5595703125,
    "ALUMINUM_future": 2475.25,
    "BTC_price": 113028.9296875,
    "OIL_price": 65.55999755859375,
    "USD_CNY_exchange_rate": 7.211599826812744,
    "Commodity_Index_ETF": 21.885000228881836,
    "US_Dollar_Index": 98.80699920654297,
    "ETH_price": 3582.967529296875,
    "GOLD_spot_price": 3440.300048828125,
    "LEAN_HOGS_future": 92.6500015258789,
    "COPPER_future": 4.390500068664551,
    "High_Yield_Bond_ETF": 80.12999725341797,
    "LIVE_CATTLE_future": 227.47500610351562,
    "GOLD_near_month_future": 3440.300048828125,
    "NATURAL_GAS_future": 2.993000030517578,
    "PLATINUM_future": 1326.800048828125,
    "SILVER_future": 37.810001373291016,
    "Long_Term_Treasury_ETF": 88.2499008178711,
    "CORN_future": 403.5,
    "SOYBEANS_future": 994.75,
    "WHEAT_future": 530.5,
    "SP500_close": 6303.35009765625,
    "NASDAQ_close": 20972.79296875,
    "US_10Y_Treasury_Yield": 4.196000099182129,
    "VIX_close": 18.6299991607666,
    "GOLD_basis_spot_vs_near": 0.0,
    "China_10Y_Treasury_Yield": 1.7061
  }
}