{
  "latest_date": "2025-07-09",
  "latest_values": {
    "Shanghai_Composite_Index": 3493.049560546875,
    "CSI_300_Index": 3991.400634765625,
    "Shenzhen_Component_Index": 10581.7978515625,
    "ALUMINUM_future": 2533.75,
    "BTC_price": 109379.546875,
    "OIL_price": 68.7300033569336,
    "USD_CNY_exchange_rate": 7.1743998527526855,
    "Commodity_Index_ETF": 22.33449935913086,
    "US_Dollar_Index": 97.60800170898438,
    "ETH_price": 2667.6845703125,
    "GOLD_spot_price": 3320.199951171875,
    "LEAN_HOGS_future": 107.5,
    "COPPER_future": 5.479000091552734,
    "High_Yield_Bond_ETF": 80.16500091552734,
    "LIVE_CATTLE_future": 220.1999969482422,
    "GOLD_near_month_future": 3377.0,
    "NATURAL_GAS_future": 3.186000108718872,
    "PLATINUM_future": 1385.0999755859375,
    "SILVER_future": 36.66999816894531,
    "Long_Term_Treasury_ETF": 86.63999938964844,
    "CORN_future": 416.25,
    "SOYBEANS_future": 1012.5,
    "WHEAT_future": 549.5,
    "SP500_close": 6244.330078125,
    "NASDAQ_close": 20549.095703125,
    "US_10Y_Treasury_Yield": 4.368000030517578,
    "VIX_close": 16.040000915527344,
    "GOLD_basis_spot_vs_near": -56.800048828125,
    "China_10Y_Treasury_Yield": 1.6446
  }
}