{
  "latest_date": "2025-07-23",
  "latest_values": {
    "Shanghai_Composite_Index": 3581.861083984375,
    "CSI_300_Index": 4118.9599609375,
    "Shenzhen_Component_Index": 11099.830078125,
    "ALUMINUM_future": 2614.75,
    "BTC_price": 117904.65625,
    "OIL_price": 64.88999938964844,
    "USD_CNY_exchange_rate": 7.17549991607666,
    "Commodity_Index_ETF": 22.360000610351562,
    "US_Dollar_Index": 97.49800109863281,
    "ETH_price": 3609.1728515625,
    "GOLD_spot_price": 3422.60009765625,
    "LEAN_HOGS_future": 107.375,
    "COPPER_future": 5.894499778747559,
    "High_Yield_Bond_ETF": 80.4749984741211,
    "LIVE_CATTLE_future": 225.97500610351562,
    "GOLD_near_month_future": 3481.300048828125,
    "NATURAL_GAS_future": 3.117000102996826,
    "PLATINUM_future": 1466.0,
    "SILVER_future": 39.720001220703125,
    "Long_Term_Treasury_ETF": 86.19239807128906,
    "CORN_future": 418.0,
    "SOYBEANS_future": 1032.25,
    "WHEAT_future": 544.75,
    "SP500_close": 6321.93017578125,
    "NASDAQ_close": 20880.865234375,
    "US_10Y_Treasury_Yield": 4.374000072479248,
    "VIX_close": 16.06999969482422,
    "GOLD_basis_spot_vs_near": -58.699951171875,
    "China_10Y_Treasury_Yield": 1.7041
  }
}