{
  "latest_date": "2025-07-23",
  "latest_values": {
    "Shanghai_Composite_Index": 3582.298095703125,
    "CSI_300_Index": 4119.7685546875,
    "Shenzhen_Component_Index": 11099.830078125,
    "ALUMINUM_future": 2614.25,
    "BTC_price": 118448.5546875,
    "OIL_price": 65.0199966430664,
    "USD_CNY_exchange_rate": 7.17549991607666,
    "Commodity_Index_ETF": 22.36479949951172,
    "US_Dollar_Index": 97.33599853515625,
    "ETH_price": 3637.37646484375,
    "GOLD_spot_price": 3415.10009765625,
    "LEAN_HOGS_future": 107.3499984741211,
    "COPPER_future": 5.8470001220703125,
    "High_Yield_Bond_ETF": 80.5199966430664,
    "LIVE_CATTLE_future": 226.8249969482422,
    "GOLD_near_month_future": 3474.0,
    "NATURAL_GAS_future": 3.109999895095825,
    "PLATINUM_future": 1465.199951171875,
    "SILVER_future": 39.66999816894531,
    "Long_Term_Treasury_ETF": 85.83000183105469,
    "CORN_future": 416.5,
    "SOYBEANS_future": 1028.5,
    "WHEAT_future": 543.0,
    "SP500_close": 6345.3798828125,
    "NASDAQ_close": 20964.16796875,
    "US_10Y_Treasury_Yield": 4.377999782562256,
    "VIX_close": 15.829999923706055,
    "GOLD_basis_spot_vs_near": -58.89990234375,
    "China_10Y_Treasury_Yield": 1.7041
  }
}