{
  "latest_date": "2025-08-29",
  "latest_values": {
    "Shanghai_Composite_Index": 3843.596923828125,
    "CSI_300_Index": 4463.77978515625,
    "Shenzhen_Component_Index": 12571.3701171875,
    "ALUMINUM_future": 2534.5,
    "BTC_price": 110119.7734375,
    "OIL_price": 64.33999633789062,
    "USD_CNY_exchange_rate": 7.1529998779296875,
    "Commodity_Index_ETF": 22.18000030517578,
    "US_Dollar_Index": 97.91200256347656,
    "ETH_price": 4390.2548828125,
    "GOLD_spot_price": 3470.5,
    "LEAN_HOGS_future": 94.2750015258789,
    "COPPER_future": 4.578000068664551,
    "High_Yield_Bond_ETF": 81.01000213623047,
    "LIVE_CATTLE_future": 237.0749969482422,
    "GOLD_near_month_future": 3470.5,
    "NATURAL_GAS_future": 2.9800000190734863,
    "PLATINUM_future": 1354.4000244140625,
    "SILVER_future": 39.53499984741211,
    "Long_Term_Treasury_ETF": 87.22000122070312,
    "CORN_future": 411.75,
    "SOYBEANS_future": 1048.5,
    "WHEAT_future": 531.0,
    "SP500_close": 6501.85986328125,
    "NASDAQ_close": 21705.16015625,
    "US_10Y_Treasury_Yield": 4.206999778747559,
    "VIX_close": 14.369999885559082,
    "GOLD_basis_spot_vs_near": 0.0,
    "China_10Y_Treasury_Yield": 1.8478
  }
}