{
  "latest_date": "2025-08-28",
  "latest_values": {
    "Shanghai_Composite_Index": 3800.35009765625,
    "CSI_300_Index": 4386.1298828125,
    "Shenzhen_Component_Index": 12295.0703125,
    "ALUMINUM_future": 2534.25,
    "BTC_price": 113146.5859375,
    "OIL_price": 63.900001525878906,
    "USD_CNY_exchange_rate": 7.1519999504089355,
    "Commodity_Index_ETF": 22.040000915527344,
    "US_Dollar_Index": 97.91500091552734,
    "ETH_price": 4599.619140625,
    "GOLD_spot_price": 3454.10009765625,
    "LEAN_HOGS_future": 93.875,
    "COPPER_future": 4.509500026702881,
    "High_Yield_Bond_ETF": 80.97000122070312,
    "LIVE_CATTLE_future": 239.5749969482422,
    "GOLD_near_month_future": 3454.10009765625,
    "NATURAL_GAS_future": 2.881999969482422,
    "PLATINUM_future": 1354.5,
    "SILVER_future": 39.13999938964844,
    "Long_Term_Treasury_ETF": 86.6500015258789,
    "CORN_future": 406.25,
    "SOYBEANS_future": 1047.25,
    "WHEAT_future": 523.0,
    "SP500_close": 6481.39990234375,
    "NASDAQ_close": 21590.140625,
    "US_10Y_Treasury_Yield": 4.23799991607666,
    "VIX_close": 14.510000228881836,
    "GOLD_basis_spot_vs_near": 0.0,
    "China_10Y_Treasury_Yield": 1.8478
  }
}