{
  "latest_date": "2025-07-12",
  "latest_values": {
    "Shanghai_Composite_Index": 3510.177001953125,
    "CSI_300_Index": 4014.81005859375,
    "Shenzhen_Component_Index": 10696.099609375,
    "ALUMINUM_future": 2491.25,
    "BTC_price": 117933.6171875,
    "OIL_price": 68.44999694824219,
    "USD_CNY_exchange_rate": 7.167600154876709,
    "Commodity_Index_ETF": 22.510000228881836,
    "US_Dollar_Index": 97.8499984741211,
    "ETH_price": 2964.75537109375,
    "GOLD_spot_price": 3356.0,
    "LEAN_HOGS_future": 106.7249984741211,
    "COPPER_future": 5.561999797821045,
    "High_Yield_Bond_ETF": 80.02999877929688,
    "LIVE_CATTLE_future": 222.1999969482422,
    "GOLD_near_month_future": 3364.0,
    "NATURAL_GAS_future": 3.313999891281128,
    "PLATINUM_future": 1452.0,
    "SILVER_future": 38.67599868774414,
    "Long_Term_Treasury_ETF": 85.79000091552734,
    "CORN_future": 403.0,
    "SOYBEANS_future": 1004.0,
    "WHEAT_future": 540.75,
    "SP500_close": 6259.75,
    "NASDAQ_close": 20585.529296875,
    "US_10Y_Treasury_Yield": 4.422999858856201,
    "VIX_close": 16.399999618530273,
    "GOLD_basis_spot_vs_near": -8.0,
    "China_10Y_Treasury_Yield": 1.6653
  }
}