{
  "latest_date": "2025-08-19",
  "latest_values": {
    "Shanghai_Composite_Index": 3728.027099609375,
    "CSI_300_Index": 4239.41015625,
    "Shenzhen_Component_Index": 11835.5703125,
    "ALUMINUM_future": 2533.0,
    "BTC_price": 114797.546875,
    "OIL_price": 63.060001373291016,
    "USD_CNY_exchange_rate": 7.181700229644775,
    "Commodity_Index_ETF": 21.790000915527344,
    "US_Dollar_Index": 98.18800354003906,
    "ETH_price": 4210.7509765625,
    "GOLD_spot_price": 3380.800048828125,
    "LEAN_HOGS_future": 90.30000305175781,
    "COPPER_future": 4.48199987411499,
    "High_Yield_Bond_ETF": 80.4000015258789,
    "LIVE_CATTLE_future": 230.97500610351562,
    "GOLD_near_month_future": 3380.60009765625,
    "NATURAL_GAS_future": 2.888000011444092,
    "PLATINUM_future": 1338.0,
    "SILVER_future": 37.95000076293945,
    "Long_Term_Treasury_ETF": 86.1500015258789,
    "CORN_future": 404.25,
    "SOYBEANS_future": 1045.0,
    "WHEAT_future": 523.0,
    "SP500_close": 6449.14990234375,
    "NASDAQ_close": 21629.76953125,
    "US_10Y_Treasury_Yield": 4.341000080108643,
    "VIX_close": 14.989999771118164,
    "GOLD_basis_spot_vs_near": 0.199951171875,
    "China_10Y_Treasury_Yield": 1.7872
  }
}