{
  "latest_date": "2025-07-02",
  "latest_values": {
    "Shanghai_Composite_Index": 3457.7470703125,
    "CSI_300_Index": 3942.760009765625,
    "Shenzhen_Component_Index": 10476.2900390625,
    "ALUMINUM_future": 2561.75,
    "BTC_price": 107812.515625,
    "OIL_price": 66.2300033569336,
    "USD_CNY_exchange_rate": 7.163599967956543,
    "Commodity_Index_ETF": 21.93000030517578,
    "US_Dollar_Index": 96.93599700927734,
    "ETH_price": 2454.630859375,
    "GOLD_spot_price": 3355.0,
    "LEAN_HOGS_future": 106.9749984741211,
    "COPPER_future": 5.144000053405762,
    "High_Yield_Bond_ETF": 80.16999816894531,
    "LIVE_CATTLE_future": 210.75,
    "GOLD_near_month_future": 3409.60009765625,
    "NATURAL_GAS_future": 3.4179999828338623,
    "PLATINUM_future": 1401.300048828125,
    "SILVER_future": 36.52000045776367,
    "Long_Term_Treasury_ETF": 88.13999938964844,
    "CORN_future": 419.75,
    "SOYBEANS_future": 1032.0,
    "WHEAT_future": 550.5,
    "SP500_close": 6198.009765625,
    "NASDAQ_close": 20202.890625,
    "US_10Y_Treasury_Yield": 4.250999927520752,
    "VIX_close": 16.809999465942383,
    "GOLD_basis_spot_vs_near": -54.60009765625,
    "China_10Y_Treasury_Yield": 1.6396
  }
}