{
  "latest_date": "2025-07-14",
  "latest_values": {
    "Shanghai_Composite_Index": 3519.64990234375,
    "CSI_300_Index": 4017.667724609375,
    "Shenzhen_Component_Index": 10684.5166015625,
    "ALUMINUM_future": 2506.5,
    "BTC_price": 119952.65625,
    "OIL_price": 66.9800033569336,
    "USD_CNY_exchange_rate": 7.166999816894531,
    "Commodity_Index_ETF": 22.34000015258789,
    "US_Dollar_Index": 98.0780029296875,
    "ETH_price": 2997.19873046875,
    "GOLD_spot_price": 3357.89990234375,
    "LEAN_HOGS_future": 103.30000305175781,
    "COPPER_future": 5.545499801635742,
    "High_Yield_Bond_ETF": 80.06500244140625,
    "LIVE_CATTLE_future": 219.25,
    "GOLD_near_month_future": 3414.0,
    "NATURAL_GAS_future": 3.4619998931884766,
    "PLATINUM_future": 1415.5999755859375,
    "SILVER_future": 38.6349983215332,
    "Long_Term_Treasury_ETF": 85.59500122070312,
    "CORN_future": 418.5,
    "SOYBEANS_future": 1007.25,
    "WHEAT_future": 542.0,
    "SP500_close": 6270.6298828125,
    "NASDAQ_close": 20655.251953125,
    "US_10Y_Treasury_Yield": 4.428999900817871,
    "VIX_close": 17.030000686645508,
    "GOLD_basis_spot_vs_near": -56.10009765625,
    "China_10Y_Treasury_Yield": 1.6726
  }
}