{
  "latest_date": "2025-09-17",
  "latest_values": {
    "Shanghai_Composite_Index": 3861.864990234375,
    "CSI_300_Index": 4523.3369140625,
    "Shenzhen_Component_Index": 13063.9736328125,
    "ALUMINUM_future": 2655.0,
    "BTC_price": 116632.46875,
    "OIL_price": 64.4800033569336,
    "USD_CNY_exchange_rate": 7.124199867248535,
    "Commodity_Index_ETF": 22.780000686645508,
    "US_Dollar_Index": 96.69300079345703,
    "ETH_price": 4510.9375,
    "GOLD_spot_price": 3728.199951171875,
    "LEAN_HOGS_future": 97.19999694824219,
    "COPPER_future": 4.690999984741211,
    "High_Yield_Bond_ETF": 81.12999725341797,
    "LIVE_CATTLE_future": 233.5749969482422,
    "GOLD_near_month_future": 3728.199951171875,
    "NATURAL_GAS_future": 3.124000072479248,
    "PLATINUM_future": 1405.199951171875,
    "SILVER_future": 42.849998474121094,
    "Long_Term_Treasury_ETF": 90.3499984741211,
    "CORN_future": 429.0,
    "SOYBEANS_future": 1051.5,
    "WHEAT_future": 533.0,
    "SP500_close": 6606.759765625,
    "NASDAQ_close": 22333.958984375,
    "US_10Y_Treasury_Yield": 4.026000022888184,
    "VIX_close": 16.360000610351562,
    "GOLD_basis_spot_vs_near": 0.0,
    "China_10Y_Treasury_Yield": 1.8527
  }
}