{
  "latest_date": "2025-07-31",
  "latest_values": {
    "Shanghai_Composite_Index": 3615.717041015625,
    "CSI_300_Index": 4151.240234375,
    "Shenzhen_Component_Index": 11203.0302734375,
    "ALUMINUM_future": 2504.5,
    "BTC_price": 118614.09375,
    "OIL_price": 69.41000366210938,
    "USD_CNY_exchange_rate": 7.176400184631348,
    "Commodity_Index_ETF": 22.639999389648438,
    "US_Dollar_Index": 99.8290023803711,
    "ETH_price": 3860.995361328125,
    "GOLD_spot_price": 3359.60009765625,
    "LEAN_HOGS_future": 106.8499984741211,
    "COPPER_future": 4.38100004196167,
    "High_Yield_Bond_ETF": 80.33000183105469,
    "LIVE_CATTLE_future": 232.9499969482422,
    "GOLD_near_month_future": 3359.5,
    "NATURAL_GAS_future": 3.0260000228881836,
    "PLATINUM_future": 1326.5999755859375,
    "SILVER_future": 36.83000183105469,
    "Long_Term_Treasury_ETF": 86.87000274658203,
    "CORN_future": 412.75,
    "SOYBEANS_future": 996.75,
    "WHEAT_future": 524.75,
    "SP500_close": 6362.89990234375,
    "NASDAQ_close": 21129.669921875,
    "US_10Y_Treasury_Yield": 4.375999927520752,
    "VIX_close": 14.9399995803833,
    "GOLD_basis_spot_vs_near": 0.10009765625,
    "China_10Y_Treasury_Yield": 1.7044
  }
}