{
  "latest_date": "2025-09-24",
  "latest_values": {
    "Shanghai_Composite_Index": 3821.8330078125,
    "CSI_300_Index": 4519.77978515625,
    "Shenzhen_Component_Index": 13119.8203125,
    "ALUMINUM_future": 2579.75,
    "BTC_price": 112613.0234375,
    "OIL_price": 63.459999084472656,
    "USD_CNY_exchange_rate": 7.113999843597412,
    "Commodity_Index_ETF": 22.489999771118164,
    "US_Dollar_Index": 97.40399932861328,
    "ETH_price": 4171.5068359375,
    "GOLD_spot_price": 3806.699951171875,
    "LEAN_HOGS_future": 100.44999694824219,
    "COPPER_future": 4.642499923706055,
    "High_Yield_Bond_ETF": 81.26000213623047,
    "LIVE_CATTLE_future": 241.4250030517578,
    "GOLD_near_month_future": 3806.699951171875,
    "NATURAL_GAS_future": 3.130000114440918,
    "PLATINUM_future": 1496.4000244140625,
    "SILVER_future": 44.400001525878906,
    "Long_Term_Treasury_ETF": 89.31999969482422,
    "CORN_future": 427.0,
    "SOYBEANS_future": 1010.5,
    "WHEAT_future": 523.25,
    "SP500_close": 6656.919921875,
    "NASDAQ_close": 22573.470703125,
    "US_10Y_Treasury_Yield": 4.119999885559082,
    "VIX_close": 16.639999389648438,
    "GOLD_basis_spot_vs_near": 0.0,
    "China_10Y_Treasury_Yield": 1.877
  }
}