{
  "latest_date": "2025-07-09",
  "latest_values": {
    "Shanghai_Composite_Index": 3497.47509765625,
    "CSI_300_Index": 3998.449951171875,
    "Shenzhen_Component_Index": 10588.3896484375,
    "ALUMINUM_future": 2528.75,
    "BTC_price": 108795.8359375,
    "OIL_price": 68.12000274658203,
    "USD_CNY_exchange_rate": 7.1743998527526855,
    "Commodity_Index_ETF": 22.329999923706055,
    "US_Dollar_Index": 97.53299713134766,
    "ETH_price": 2607.806640625,
    "GOLD_spot_price": 3315.60009765625,
    "LEAN_HOGS_future": 106.92500305175781,
    "COPPER_future": 5.627500057220459,
    "High_Yield_Bond_ETF": 79.98999786376953,
    "LIVE_CATTLE_future": 219.89999389648438,
    "GOLD_near_month_future": 3371.10009765625,
    "NATURAL_GAS_future": 3.3329999446868896,
    "PLATINUM_future": 1394.9000244140625,
    "SILVER_future": 36.904998779296875,
    "Long_Term_Treasury_ETF": 86.02999877929688,
    "CORN_future": 415.5,
    "SOYBEANS_future": 1018.5,
    "WHEAT_future": 550.25,
    "SP500_close": 6225.52001953125,
    "NASDAQ_close": 20418.4609375,
    "US_10Y_Treasury_Yield": 4.414999961853027,
    "VIX_close": 16.809999465942383,
    "GOLD_basis_spot_vs_near": -55.5,
    "China_10Y_Treasury_Yield": 1.6444
  }
}