{
  "latest_date": "2025-08-29",
  "latest_values": {
    "Shanghai_Composite_Index": 3843.596923828125,
    "CSI_300_Index": 4463.77978515625,
    "Shenzhen_Component_Index": 12571.3701171875,
    "ALUMINUM_future": 2549.0,
    "BTC_price": 111773.390625,
    "OIL_price": 64.19000244140625,
    "USD_CNY_exchange_rate": 7.1529998779296875,
    "Commodity_Index_ETF": 22.18000030517578,
    "US_Dollar_Index": 97.9800033569336,
    "ETH_price": 4493.75,
    "GOLD_spot_price": 3470.89990234375,
    "LEAN_HOGS_future": 94.2750015258789,
    "COPPER_future": 4.552499771118164,
    "High_Yield_Bond_ETF": 81.01000213623047,
    "LIVE_CATTLE_future": 237.0749969482422,
    "GOLD_near_month_future": 3470.800048828125,
    "NATURAL_GAS_future": 2.9790000915527344,
    "PLATINUM_future": 1359.0999755859375,
    "SILVER_future": 39.540000915527344,
    "Long_Term_Treasury_ETF": 87.22000122070312,
    "CORN_future": 411.25,
    "SOYBEANS_future": 1050.25,
    "WHEAT_future": 529.5,
    "SP500_close": 6501.85986328125,
    "NASDAQ_close": 21705.16015625,
    "US_10Y_Treasury_Yield": 4.206999778747559,
    "VIX_close": 14.430000305175781,
    "GOLD_basis_spot_vs_near": 0.099853515625,
    "China_10Y_Treasury_Yield": 1.8478
  }
}