{
  "latest_date": "2025-09-08",
  "latest_values": {
    "Shanghai_Composite_Index": 3826.8408203125,
    "CSI_300_Index": 4467.5732421875,
    "Shenzhen_Component_Index": 12590.5595703125,
    "ALUMINUM_future": 2553.5,
    "BTC_price": 112665.1875,
    "OIL_price": 62.380001068115234,
    "USD_CNY_exchange_rate": 7.14139986038208,
    "Commodity_Index_ETF": 22.155000686645508,
    "US_Dollar_Index": 97.59500122070312,
    "ETH_price": 4353.42138671875,
    "GOLD_spot_price": 3679.5,
    "LEAN_HOGS_future": 95.57499694824219,
    "COPPER_future": 4.563000202178955,
    "High_Yield_Bond_ETF": 80.92500305175781,
    "LIVE_CATTLE_future": 235.75,
    "GOLD_near_month_future": 3679.39990234375,
    "NATURAL_GAS_future": 3.119999885559082,
    "PLATINUM_future": 1394.5999755859375,
    "SILVER_future": 42.224998474121094,
    "Long_Term_Treasury_ETF": 89.31500244140625,
    "CORN_future": 416.0,
    "SOYBEANS_future": 1024.25,
    "WHEAT_future": 521.0,
    "SP500_close": 6506.169921875,
    "NASDAQ_close": 21873.263671875,
    "US_10Y_Treasury_Yield": 4.063000202178955,
    "VIX_close": 15.109999656677246,
    "GOLD_basis_spot_vs_near": 0.10009765625,
    "China_10Y_Treasury_Yield": 1.8514
  }
}