{
  "latest_date": "2025-07-11",
  "latest_values": {
    "Shanghai_Composite_Index": 3510.17724609375,
    "CSI_300_Index": 4014.806884765625,
    "Shenzhen_Component_Index": 10696.09765625,
    "ALUMINUM_future": 2524.0,
    "BTC_price": 117666.5546875,
    "OIL_price": 68.75,
    "USD_CNY_exchange_rate": 7.174799919128418,
    "Commodity_Index_ETF": 22.510000228881836,
    "US_Dollar_Index": 97.86900329589844,
    "ETH_price": 2955.523193359375,
    "GOLD_spot_price": 3370.300048828125,
    "LEAN_HOGS_future": 104.8499984741211,
    "COPPER_future": 5.584000110626221,
    "High_Yield_Bond_ETF": 80.02999877929688,
    "LIVE_CATTLE_future": 222.375,
    "GOLD_near_month_future": 3425.699951171875,
    "NATURAL_GAS_future": 3.3570001125335693,
    "PLATINUM_future": 1472.5999755859375,
    "SILVER_future": 39.07500076293945,
    "Long_Term_Treasury_ETF": 85.79000091552734,
    "CORN_future": 412.25,
    "SOYBEANS_future": 1007.5,
    "WHEAT_future": 545.5,
    "SP500_close": 6259.75,
    "NASDAQ_close": 20585.52734375,
    "US_10Y_Treasury_Yield": 4.422999858856201,
    "VIX_close": 16.399999618530273,
    "GOLD_basis_spot_vs_near": -55.39990234375,
    "China_10Y_Treasury_Yield": 1.6653
  }
}