{
  "latest_date": "2025-08-11",
  "latest_values": {
    "Shanghai_Composite_Index": 3647.546630859375,
    "CSI_300_Index": 4122.5107421875,
    "Shenzhen_Component_Index": 11291.42578125,
    "ALUMINUM_future": 2508.5,
    "BTC_price": 119689.9921875,
    "OIL_price": 64.01000213623047,
    "USD_CNY_exchange_rate": 7.181000232696533,
    "Commodity_Index_ETF": 21.86009979248047,
    "US_Dollar_Index": 98.52300262451172,
    "ETH_price": 4295.92578125,
    "GOLD_spot_price": 3406.39990234375,
    "LEAN_HOGS_future": 91.625,
    "COPPER_future": 4.453000068664551,
    "High_Yield_Bond_ETF": 80.20500183105469,
    "LIVE_CATTLE_future": 226.375,
    "GOLD_near_month_future": 3406.39990234375,
    "NATURAL_GAS_future": 2.9609999656677246,
    "PLATINUM_future": 1345.800048828125,
    "SILVER_future": 37.775001525878906,
    "Long_Term_Treasury_ETF": 87.36000061035156,
    "CORN_future": 407.75,
    "SOYBEANS_future": 1010.25,
    "WHEAT_future": 535.25,
    "SP500_close": 6382.259765625,
    "NASDAQ_close": 21426.7421875,
    "US_10Y_Treasury_Yield": 4.270999908447266,
    "VIX_close": 15.859999656677246,
    "GOLD_basis_spot_vs_near": 0.0,
    "China_10Y_Treasury_Yield": 1.7203
  }
}