{
  "latest_date": "2025-07-25",
  "latest_values": {
    "Shanghai_Composite_Index": 3593.6552734375,
    "CSI_300_Index": 4127.16357421875,
    "Shenzhen_Component_Index": 11193.0595703125,
    "ALUMINUM_future": 2615.0,
    "BTC_price": 115218.53125,
    "OIL_price": 65.58000183105469,
    "USD_CNY_exchange_rate": 7.1595001220703125,
    "Commodity_Index_ETF": 22.290000915527344,
    "US_Dollar_Index": 97.7490005493164,
    "ETH_price": 3641.089111328125,
    "GOLD_spot_price": 3332.89990234375,
    "LEAN_HOGS_future": 107.69999694824219,
    "COPPER_future": 5.792500019073486,
    "High_Yield_Bond_ETF": 80.48500061035156,
    "LIVE_CATTLE_future": 225.6999969482422,
    "GOLD_near_month_future": 3389.89990234375,
    "NATURAL_GAS_future": 3.128000020980835,
    "PLATINUM_future": 1421.0,
    "SILVER_future": 38.60499954223633,
    "Long_Term_Treasury_ETF": 85.99500274658203,
    "CORN_future": 418.75,
    "SOYBEANS_future": 1018.5,
    "WHEAT_future": 536.25,
    "SP500_close": 6378.919921875,
    "NASDAQ_close": 21099.220703125,
    "US_10Y_Treasury_Yield": 4.409999847412109,
    "VIX_close": 15.039999961853027,
    "GOLD_basis_spot_vs_near": -57.0,
    "China_10Y_Treasury_Yield": 1.7324
  }
}