{
  "latest_date": "2025-08-12",
  "latest_values": {
    "Shanghai_Composite_Index": 3665.917724609375,
    "CSI_300_Index": 4143.8251953125,
    "Shenzhen_Component_Index": 11351.6328125,
    "ALUMINUM_future": 2564.75,
    "BTC_price": 119432.3125,
    "OIL_price": 63.20000076293945,
    "USD_CNY_exchange_rate": 7.181000232696533,
    "Commodity_Index_ETF": 21.782800674438477,
    "US_Dollar_Index": 98.1050033569336,
    "ETH_price": 4488.36669921875,
    "GOLD_spot_price": 3399.10009765625,
    "LEAN_HOGS_future": 91.5,
    "COPPER_future": 4.51800012588501,
    "High_Yield_Bond_ETF": 80.33000183105469,
    "LIVE_CATTLE_future": 229.25,
    "GOLD_near_month_future": 3399.10009765625,
    "NATURAL_GAS_future": 2.7860000133514404,
    "PLATINUM_future": 1352.0999755859375,
    "SILVER_future": 37.915000915527344,
    "Long_Term_Treasury_ETF": 86.8550033569336,
    "CORN_future": 394.5,
    "SOYBEANS_future": 1032.25,
    "WHEAT_future": 525.5,
    "SP500_close": 6440.72021484375,
    "NASDAQ_close": 21659.8515625,
    "US_10Y_Treasury_Yield": 4.296000003814697,
    "VIX_close": 14.770000457763672,
    "GOLD_basis_spot_vs_near": 0.0,
    "China_10Y_Treasury_Yield": 1.7271
  }
}