{
  "latest_date": "2025-07-07",
  "latest_values": {
    "Shanghai_Composite_Index": 3472.319091796875,
    "CSI_300_Index": 3982.199951171875,
    "Shenzhen_Component_Index": 10508.759765625,
    "ALUMINUM_future": 2521.25,
    "BTC_price": 108270.71875,
    "OIL_price": 67.1500015258789,
    "USD_CNY_exchange_rate": 7.164899826049805,
    "Commodity_Index_ETF": 22.280000686645508,
    "US_Dollar_Index": 97.37699890136719,
    "ETH_price": 2548.73583984375,
    "GOLD_spot_price": 3318.89990234375,
    "LEAN_HOGS_future": 107.9749984741211,
    "COPPER_future": 5.01800012588501,
    "High_Yield_Bond_ETF": 80.37000274658203,
    "LIVE_CATTLE_future": 214.0500030517578,
    "GOLD_near_month_future": 3374.60009765625,
    "NATURAL_GAS_future": 3.3519999980926514,
    "PLATINUM_future": 1365.0,
    "SILVER_future": 36.4900016784668,
    "Long_Term_Treasury_ETF": 86.97000122070312,
    "CORN_future": 424.5,
    "SOYBEANS_future": 1027.5,
    "WHEAT_future": 544.5,
    "SP500_close": 6279.35009765625,
    "NASDAQ_close": 20601.099609375,
    "US_10Y_Treasury_Yield": 4.363999843597412,
    "VIX_close": 17.700000762939453,
    "GOLD_basis_spot_vs_near": -55.7001953125,
    "China_10Y_Treasury_Yield": 1.6406
  }
}