{
  "latest_date": "2025-09-14",
  "latest_values": {
    "Shanghai_Composite_Index": 3870.597900390625,
    "CSI_300_Index": 4522.0,
    "Shenzhen_Component_Index": 12924.1298828125,
    "ALUMINUM_future": 2625.0,
    "BTC_price": 115931.140625,
    "OIL_price": 62.58000183105469,
    "USD_CNY_exchange_rate": 7.123700141906738,
    "Commodity_Index_ETF": 22.350000381469727,
    "US_Dollar_Index": 97.62000274658203,
    "ETH_price": 4621.67236328125,
    "GOLD_spot_price": 3681.89990234375,
    "LEAN_HOGS_future": 97.125,
    "COPPER_future": 4.651500225067139,
    "High_Yield_Bond_ETF": 80.95999908447266,
    "LIVE_CATTLE_future": 229.97500610351562,
    "GOLD_near_month_future": 3682.10009765625,
    "NATURAL_GAS_future": 2.9579999446868896,
    "PLATINUM_future": 1402.5999755859375,
    "SILVER_future": 42.70000076293945,
    "Long_Term_Treasury_ETF": 89.94999694824219,
    "CORN_future": 430.0,
    "SOYBEANS_future": 1046.25,
    "WHEAT_future": 523.5,
    "SP500_close": 6584.2900390625,
    "NASDAQ_close": 22141.099609375,
    "US_10Y_Treasury_Yield": 4.060999870300293,
    "VIX_close": 14.760000228881836,
    "GOLD_basis_spot_vs_near": -0.2001953125,
    "China_10Y_Treasury_Yield": 1.867
  }
}