{
  "latest_date": "2025-08-14",
  "latest_values": {
    "Shanghai_Composite_Index": 3666.442626953125,
    "CSI_300_Index": 4173.31298828125,
    "Shenzhen_Component_Index": 11451.4345703125,
    "ALUMINUM_future": 2543.25,
    "BTC_price": 118017.609375,
    "OIL_price": 63.95000076293945,
    "USD_CNY_exchange_rate": 7.174300193786621,
    "Commodity_Index_ETF": 21.84000015258789,
    "US_Dollar_Index": 98.19999694824219,
    "ETH_price": 4523.77294921875,
    "GOLD_spot_price": 3382.5,
    "LEAN_HOGS_future": 88.9000015258789,
    "COPPER_future": 4.497499942779541,
    "High_Yield_Bond_ETF": 80.4000015258789,
    "LIVE_CATTLE_future": 226.77499389648438,
    "GOLD_near_month_future": 3382.5,
    "NATURAL_GAS_future": 2.8499999046325684,
    "PLATINUM_future": 1365.5999755859375,
    "SILVER_future": 38.03499984741211,
    "Long_Term_Treasury_ETF": 87.0199966430664,
    "CORN_future": 398.5,
    "SOYBEANS_future": 1031.0,
    "WHEAT_future": 525.25,
    "SP500_close": 6468.5400390625,
    "NASDAQ_close": 21710.669921875,
    "US_10Y_Treasury_Yield": 4.293000221252441,
    "VIX_close": 14.829999923706055,
    "GOLD_basis_spot_vs_near": 0.0,
    "China_10Y_Treasury_Yield": 1.7341
  }
}