{
  "latest_date": "2025-07-02",
  "latest_values": {
    "Shanghai_Composite_Index": 3457.7470703125,
    "CSI_300_Index": 3942.760009765625,
    "Shenzhen_Component_Index": 10476.2900390625,
    "ALUMINUM_future": 2572.5,
    "BTC_price": 107892.7890625,
    "OIL_price": 65.72000122070312,
    "USD_CNY_exchange_rate": 7.163599967956543,
    "Commodity_Index_ETF": 21.979999542236328,
    "US_Dollar_Index": 97.10199737548828,
    "ETH_price": 2452.94384765625,
    "GOLD_spot_price": 3345.39990234375,
    "LEAN_HOGS_future": 107.0,
    "COPPER_future": 5.16349983215332,
    "High_Yield_Bond_ETF": 80.12000274658203,
    "LIVE_CATTLE_future": 209.6750030517578,
    "GOLD_near_month_future": 3401.0,
    "NATURAL_GAS_future": 3.4779999256134033,
    "PLATINUM_future": 1404.0,
    "SILVER_future": 36.45500183105469,
    "Long_Term_Treasury_ETF": 87.22000122070312,
    "CORN_future": 423.0,
    "SOYBEANS_future": 1031.5,
    "WHEAT_future": 552.25,
    "SP500_close": 6201.60009765625,
    "NASDAQ_close": 20270.751953125,
    "US_10Y_Treasury_Yield": 4.295000076293945,
    "VIX_close": 17.110000610351562,
    "GOLD_basis_spot_vs_near": -55.60009765625,
    "China_10Y_Treasury_Yield": 1.6396
  }
}