{
  "latest_date": "2025-07-23",
  "latest_values": {
    "Shanghai_Composite_Index": 3582.298095703125,
    "CSI_300_Index": 4119.7685546875,
    "Shenzhen_Component_Index": 11059.037109375,
    "ALUMINUM_future": 2611.5,
    "BTC_price": 118359.328125,
    "OIL_price": 65.47000122070312,
    "USD_CNY_exchange_rate": 7.15939998626709,
    "Commodity_Index_ETF": 22.385000228881836,
    "US_Dollar_Index": 97.20800018310547,
    "ETH_price": 3594.70458984375,
    "GOLD_spot_price": 3400.300048828125,
    "LEAN_HOGS_future": 108.375,
    "COPPER_future": 5.824999809265137,
    "High_Yield_Bond_ETF": 80.54000091552734,
    "LIVE_CATTLE_future": 227.35000610351562,
    "GOLD_near_month_future": 3458.0,
    "NATURAL_GAS_future": 3.0739998817443848,
    "PLATINUM_future": 1454.199951171875,
    "SILVER_future": 39.595001220703125,
    "Long_Term_Treasury_ETF": 86.04000091552734,
    "CORN_future": 417.75,
    "SOYBEANS_future": 1022.5,
    "WHEAT_future": 541.0,
    "SP500_close": 6358.91015625,
    "NASDAQ_close": 21020.017578125,
    "US_10Y_Treasury_Yield": 4.388000011444092,
    "VIX_close": 15.520000457763672,
    "GOLD_basis_spot_vs_near": -57.699951171875,
    "China_10Y_Treasury_Yield": 1.7041
  }
}