{
  "latest_date": "2025-08-27",
  "latest_values": {
    "Shanghai_Composite_Index": 3800.349853515625,
    "CSI_300_Index": 4386.12646484375,
    "Shenzhen_Component_Index": 12295.0693359375,
    "ALUMINUM_future": 2537.75,
    "BTC_price": 112335.03125,
    "OIL_price": 63.83000183105469,
    "USD_CNY_exchange_rate": 7.15310001373291,
    "Commodity_Index_ETF": 22.040000915527344,
    "US_Dollar_Index": 98.19400024414062,
    "ETH_price": 4582.28466796875,
    "GOLD_spot_price": 3451.89990234375,
    "LEAN_HOGS_future": 93.875,
    "COPPER_future": 4.420499801635742,
    "High_Yield_Bond_ETF": 80.97000122070312,
    "LIVE_CATTLE_future": 239.5749969482422,
    "GOLD_near_month_future": 3451.89990234375,
    "NATURAL_GAS_future": 2.8540000915527344,
    "PLATINUM_future": 1348.0,
    "SILVER_future": 38.68000030517578,
    "Long_Term_Treasury_ETF": 86.6500015258789,
    "CORN_future": 406.0,
    "SOYBEANS_future": 1048.25,
    "WHEAT_future": 524.75,
    "SP500_close": 6481.39990234375,
    "NASDAQ_close": 21590.140625,
    "US_10Y_Treasury_Yield": 4.23799991607666,
    "VIX_close": 14.850000381469727,
    "GOLD_basis_spot_vs_near": 0.0,
    "China_10Y_Treasury_Yield": 1.7988
  }
}