{
  "latest_date": "2025-07-10",
  "latest_values": {
    "Shanghai_Composite_Index": 3509.681884765625,
    "CSI_300_Index": 4010.0244140625,
    "Shenzhen_Component_Index": 10631.1259765625,
    "ALUMINUM_future": 2550.0,
    "BTC_price": 113652.78125,
    "OIL_price": 66.5999984741211,
    "USD_CNY_exchange_rate": 7.173799991607666,
    "Commodity_Index_ETF": 22.186199188232422,
    "US_Dollar_Index": 97.68399810791016,
    "ETH_price": 2833.403564453125,
    "GOLD_spot_price": 3325.60009765625,
    "LEAN_HOGS_future": 106.2249984741211,
    "COPPER_future": 5.606500148773193,
    "High_Yield_Bond_ETF": 80.18499755859375,
    "LIVE_CATTLE_future": 219.125,
    "GOLD_near_month_future": 3381.39990234375,
    "NATURAL_GAS_future": 3.3320000171661377,
    "PLATINUM_future": 1413.0,
    "SILVER_future": 37.30500030517578,
    "Long_Term_Treasury_ETF": 86.95999908447266,
    "CORN_future": 417.0,
    "SOYBEANS_future": 1014.75,
    "WHEAT_future": 555.25,
    "SP500_close": 6288.33984375,
    "NASDAQ_close": 20653.2421875,
    "US_10Y_Treasury_Yield": 4.3580002784729,
    "VIX_close": 15.770000457763672,
    "GOLD_basis_spot_vs_near": -55.7998046875,
    "China_10Y_Treasury_Yield": 1.6616
  }
}