{
  "latest_date": "2025-08-27",
  "latest_values": {
    "Shanghai_Composite_Index": 3868.382080078125,
    "CSI_300_Index": 4452.58984375,
    "Shenzhen_Component_Index": 12473.169921875,
    "ALUMINUM_future": 2583.25,
    "BTC_price": 110773.90625,
    "OIL_price": 63.0,
    "USD_CNY_exchange_rate": 7.151000022888184,
    "Commodity_Index_ETF": 22.020000457763672,
    "US_Dollar_Index": 98.62100219726562,
    "ETH_price": 4595.78125,
    "GOLD_spot_price": 3432.39990234375,
    "LEAN_HOGS_future": 93.4000015258789,
    "COPPER_future": 4.415999889373779,
    "High_Yield_Bond_ETF": 80.87000274658203,
    "LIVE_CATTLE_future": 238.125,
    "GOLD_near_month_future": 3432.300048828125,
    "NATURAL_GAS_future": 2.7200000286102295,
    "PLATINUM_future": 1339.300048828125,
    "SILVER_future": 38.44499969482422,
    "Long_Term_Treasury_ETF": 86.75,
    "CORN_future": 407.0,
    "SOYBEANS_future": 1049.75,
    "WHEAT_future": 528.0,
    "SP500_close": 6465.93994140625,
    "NASDAQ_close": 21544.26953125,
    "US_10Y_Treasury_Yield": 4.257999897003174,
    "VIX_close": 14.850000381469727,
    "GOLD_basis_spot_vs_near": 0.099853515625,
    "China_10Y_Treasury_Yield": 1.7598
  }
}