{
  "latest_date": "2025-07-31",
  "latest_values": {
    "Shanghai_Composite_Index": 3573.208251953125,
    "CSI_300_Index": 4075.59130859375,
    "Shenzhen_Component_Index": 11009.7685546875,
    "ALUMINUM_future": 2489.0,
    "BTC_price": 118316.6875,
    "OIL_price": 69.33000183105469,
    "USD_CNY_exchange_rate": 7.176400184631348,
    "Commodity_Index_ETF": 22.454999923706055,
    "US_Dollar_Index": 99.98999786376953,
    "ETH_price": 3792.7509765625,
    "GOLD_spot_price": 3348.5,
    "LEAN_HOGS_future": 107.0250015258789,
    "COPPER_future": 4.363500118255615,
    "High_Yield_Bond_ETF": 80.44499969482422,
    "LIVE_CATTLE_future": 229.60000610351562,
    "GOLD_near_month_future": 3348.60009765625,
    "NATURAL_GAS_future": 3.0260000228881836,
    "PLATINUM_future": 1301.199951171875,
    "SILVER_future": 36.7400016784668,
    "Long_Term_Treasury_ETF": 87.27010345458984,
    "CORN_future": 413.25,
    "SOYBEANS_future": 988.25,
    "WHEAT_future": 519.5,
    "SP500_close": 6392.43994140625,
    "NASDAQ_close": 21303.03125,
    "US_10Y_Treasury_Yield": 4.340000152587891,
    "VIX_close": 15.399999618530273,
    "GOLD_basis_spot_vs_near": -0.10009765625,
    "China_10Y_Treasury_Yield": 1.7044
  }
}