{
  "latest_date": "2025-10-01",
  "latest_values": {
    "Shanghai_Composite_Index": 3882.777099609375,
    "CSI_300_Index": 4640.68994140625,
    "Shenzhen_Component_Index": 13526.509765625,
    "ALUMINUM_future": 2594.0,
    "BTC_price": 116420.09375,
    "OIL_price": 62.290000915527344,
    "USD_CNY_exchange_rate": 7.133800029754639,
    "Commodity_Index_ETF": 22.530000686645508,
    "US_Dollar_Index": 97.77100372314453,
    "ETH_price": 4297.74658203125,
    "GOLD_spot_price": 3914.800048828125,
    "LEAN_HOGS_future": 99.69999694824219,
    "COPPER_future": 4.856500148773193,
    "High_Yield_Bond_ETF": 81.19000244140625,
    "LIVE_CATTLE_future": 231.8249969482422,
    "GOLD_near_month_future": 3914.60009765625,
    "NATURAL_GAS_future": 3.385999917984009,
    "PLATINUM_future": 1616.199951171875,
    "SILVER_future": 47.38999938964844,
    "Long_Term_Treasury_ETF": 89.37000274658203,
    "CORN_future": 413.5,
    "SOYBEANS_future": 996.75,
    "WHEAT_future": 504.0,
    "SP500_close": 6688.4599609375,
    "NASDAQ_close": 22660.009765625,
    "US_10Y_Treasury_Yield": 4.1479997634887695,
    "VIX_close": 16.799999237060547,
    "GOLD_basis_spot_vs_near": 0.199951171875,
    "China_10Y_Treasury_Yield": 1.8605
  }
}