{
  "latest_date": "2025-09-25",
  "latest_values": {
    "Shanghai_Composite_Index": 3853.64208984375,
    "CSI_300_Index": 4566.06982421875,
    "Shenzhen_Component_Index": 13356.1396484375,
    "ALUMINUM_future": 2605.0,
    "BTC_price": 111764.40625,
    "OIL_price": 64.70999908447266,
    "USD_CNY_exchange_rate": 7.111599922180176,
    "Commodity_Index_ETF": 22.639999389648438,
    "US_Dollar_Index": 97.78399658203125,
    "ETH_price": 4034.972900390625,
    "GOLD_spot_price": 3787.10009765625,
    "LEAN_HOGS_future": 99.32499694824219,
    "COPPER_future": 4.895999908447266,
    "High_Yield_Bond_ETF": 81.1500015258789,
    "LIVE_CATTLE_future": 234.25,
    "GOLD_near_month_future": 3787.10009765625,
    "NATURAL_GAS_future": 3.1649999618530273,
    "PLATINUM_future": 1528.800048828125,
    "SILVER_future": 45.20000076293945,
    "Long_Term_Treasury_ETF": 88.9800033569336,
    "CORN_future": 426.25,
    "SOYBEANS_future": 1015.0,
    "WHEAT_future": 522.25,
    "SP500_close": 6637.97021484375,
    "NASDAQ_close": 22497.859375,
    "US_10Y_Treasury_Yield": 4.146999835968018,
    "VIX_close": 16.510000228881836,
    "GOLD_basis_spot_vs_near": 0.0,
    "China_10Y_Treasury_Yield": 1.884
  }
}