{
  "latest_date": "2025-07-30",
  "latest_values": {
    "Shanghai_Composite_Index": 3615.716796875,
    "CSI_300_Index": 4151.23779296875,
    "Shenzhen_Component_Index": 11203.029296875,
    "ALUMINUM_future": 2565.5,
    "BTC_price": 117115.5703125,
    "OIL_price": 70.29000091552734,
    "USD_CNY_exchange_rate": 7.176400184631348,
    "Commodity_Index_ETF": 22.639999389648438,
    "US_Dollar_Index": 99.96800231933594,
    "ETH_price": 3769.385009765625,
    "GOLD_spot_price": 3327.89990234375,
    "LEAN_HOGS_future": 106.8499984741211,
    "COPPER_future": 4.617000102996826,
    "High_Yield_Bond_ETF": 80.33000183105469,
    "LIVE_CATTLE_future": 232.9499969482422,
    "GOLD_near_month_future": 3327.699951171875,
    "NATURAL_GAS_future": 3.0139999389648438,
    "PLATINUM_future": 1318.0,
    "SILVER_future": 37.17499923706055,
    "Long_Term_Treasury_ETF": 86.87000274658203,
    "CORN_future": 412.5,
    "SOYBEANS_future": 996.0,
    "WHEAT_future": 523.75,
    "SP500_close": 6362.89990234375,
    "NASDAQ_close": 21129.673828125,
    "US_10Y_Treasury_Yield": 4.375999927520752,
    "VIX_close": 15.479999542236328,
    "GOLD_basis_spot_vs_near": 0.199951171875,
    "China_10Y_Treasury_Yield": 1.718
  }
}