{
  "latest_date": "2025-08-22",
  "latest_values": {
    "Shanghai_Composite_Index": 3771.09912109375,
    "CSI_300_Index": 4288.06982421875,
    "Shenzhen_Component_Index": 11919.759765625,
    "ALUMINUM_future": 2505.75,
    "BTC_price": 112234.8046875,
    "OIL_price": 63.599998474121094,
    "USD_CNY_exchange_rate": 7.1757001876831055,
    "Commodity_Index_ETF": 21.989999771118164,
    "US_Dollar_Index": 98.66500091552734,
    "ETH_price": 4244.51171875,
    "GOLD_spot_price": 3366.800048828125,
    "LEAN_HOGS_future": 89.9000015258789,
    "COPPER_future": 4.434999942779541,
    "High_Yield_Bond_ETF": 80.19999694824219,
    "LIVE_CATTLE_future": 234.77499389648438,
    "GOLD_near_month_future": 3366.89990234375,
    "NATURAL_GAS_future": 2.763000011444092,
    "PLATINUM_future": 1338.4000244140625,
    "SILVER_future": 37.7599983215332,
    "Long_Term_Treasury_ETF": 86.41000366210938,
    "CORN_future": 411.5,
    "SOYBEANS_future": 1059.5,
    "WHEAT_future": 528.75,
    "SP500_close": 6370.169921875,
    "NASDAQ_close": 21100.310546875,
    "US_10Y_Treasury_Yield": 4.320000171661377,
    "VIX_close": 16.489999771118164,
    "GOLD_basis_spot_vs_near": -0.099853515625,
    "China_10Y_Treasury_Yield": 1.7818
  }
}