{
  "latest_date": "2025-09-10",
  "latest_values": {
    "Shanghai_Composite_Index": 3807.2919921875,
    "CSI_300_Index": 4436.259765625,
    "Shenzhen_Component_Index": 12510.599609375,
    "ALUMINUM_future": 2552.5,
    "BTC_price": 114054.875,
    "OIL_price": 63.16999816894531,
    "USD_CNY_exchange_rate": 7.129300117492676,
    "Commodity_Index_ETF": 22.344999313354492,
    "US_Dollar_Index": 97.64800262451172,
    "ETH_price": 4428.82373046875,
    "GOLD_spot_price": 3690.699951171875,
    "LEAN_HOGS_future": 97.4749984741211,
    "COPPER_future": 4.610499858856201,
    "High_Yield_Bond_ETF": 80.8949966430664,
    "LIVE_CATTLE_future": 230.4499969482422,
    "GOLD_near_month_future": 3690.5,
    "NATURAL_GAS_future": 3.0409998893737793,
    "PLATINUM_future": 1395.5,
    "SILVER_future": 41.685001373291016,
    "Long_Term_Treasury_ETF": 89.24500274658203,
    "CORN_future": 419.5,
    "SOYBEANS_future": 1028.75,
    "WHEAT_future": 519.75,
    "SP500_close": 6552.43994140625,
    "NASDAQ_close": 21975.73828125,
    "US_10Y_Treasury_Yield": 4.065999984741211,
    "VIX_close": 14.729999542236328,
    "GOLD_basis_spot_vs_near": 0.199951171875,
    "China_10Y_Treasury_Yield": 1.8992
  }
}