{
  "latest_date": "2025-08-14",
  "latest_values": {
    "Shanghai_Composite_Index": 3683.46484375,
    "CSI_300_Index": 4176.57763671875,
    "Shenzhen_Component_Index": 11551.365234375,
    "ALUMINUM_future": 2559.75,
    "BTC_price": 123850.046875,
    "OIL_price": 62.81999969482422,
    "USD_CNY_exchange_rate": 7.173900127410889,
    "Commodity_Index_ETF": 21.75,
    "US_Dollar_Index": 97.70999908447266,
    "ETH_price": 4739.818359375,
    "GOLD_spot_price": 3416.60009765625,
    "LEAN_HOGS_future": 90.7249984741211,
    "COPPER_future": 4.502999782562256,
    "High_Yield_Bond_ETF": 80.61000061035156,
    "LIVE_CATTLE_future": 229.47500610351562,
    "GOLD_near_month_future": 3416.39990234375,
    "NATURAL_GAS_future": 2.818000078201294,
    "PLATINUM_future": 1351.800048828125,
    "SILVER_future": 38.58000183105469,
    "Long_Term_Treasury_ETF": 87.66999816894531,
    "CORN_future": 397.0,
    "SOYBEANS_future": 1044.0,
    "WHEAT_future": 527.5,
    "SP500_close": 6466.580078125,
    "NASDAQ_close": 21713.140625,
    "US_10Y_Treasury_Yield": 4.23799991607666,
    "VIX_close": 14.489999771118164,
    "GOLD_basis_spot_vs_near": 0.2001953125,
    "China_10Y_Treasury_Yield": 1.7262
  }
}