{
  "latest_date": "2025-08-13",
  "latest_values": {
    "Shanghai_Composite_Index": 3683.46484375,
    "CSI_300_Index": 4176.57763671875,
    "Shenzhen_Component_Index": 11351.6298828125,
    "ALUMINUM_future": 2555.5,
    "BTC_price": 121135.3515625,
    "OIL_price": 62.0,
    "USD_CNY_exchange_rate": 7.187699794769287,
    "Commodity_Index_ETF": 21.635000228881836,
    "US_Dollar_Index": 97.76399993896484,
    "ETH_price": 4677.7099609375,
    "GOLD_spot_price": 3408.39990234375,
    "LEAN_HOGS_future": 89.80000305175781,
    "COPPER_future": 4.507999897003174,
    "High_Yield_Bond_ETF": 80.55500030517578,
    "LIVE_CATTLE_future": 228.4250030517578,
    "GOLD_near_month_future": 3408.39990234375,
    "NATURAL_GAS_future": 2.802999973297119,
    "PLATINUM_future": 1341.199951171875,
    "SILVER_future": 38.51499938964844,
    "Long_Term_Treasury_ETF": 87.70010375976562,
    "CORN_future": 394.25,
    "SOYBEANS_future": 1036.25,
    "WHEAT_future": 526.0,
    "SP500_close": 6456.31005859375,
    "NASDAQ_close": 21699.291015625,
    "US_10Y_Treasury_Yield": 4.234999656677246,
    "VIX_close": 14.5600004196167,
    "GOLD_basis_spot_vs_near": 0.0,
    "China_10Y_Treasury_Yield": 1.7262
  }
}