{
  "latest_date": "2025-07-09",
  "latest_values": {
    "Shanghai_Composite_Index": 3497.47509765625,
    "CSI_300_Index": 3998.449951171875,
    "Shenzhen_Component_Index": 10588.3896484375,
    "ALUMINUM_future": 2517.75,
    "BTC_price": 108758.7890625,
    "OIL_price": 68.66000366210938,
    "USD_CNY_exchange_rate": 7.1743998527526855,
    "Commodity_Index_ETF": 22.329999923706055,
    "US_Dollar_Index": 97.62999725341797,
    "ETH_price": 2625.60205078125,
    "GOLD_spot_price": 3299.199951171875,
    "LEAN_HOGS_future": 106.92500305175781,
    "COPPER_future": 5.513500213623047,
    "High_Yield_Bond_ETF": 79.98999786376953,
    "LIVE_CATTLE_future": 219.89999389648438,
    "GOLD_near_month_future": 3354.60009765625,
    "NATURAL_GAS_future": 3.2899999618530273,
    "PLATINUM_future": 1379.0,
    "SILVER_future": 36.720001220703125,
    "Long_Term_Treasury_ETF": 86.02999877929688,
    "CORN_future": 414.75,
    "SOYBEANS_future": 1017.0,
    "WHEAT_future": 547.25,
    "SP500_close": 6225.52001953125,
    "NASDAQ_close": 20418.4609375,
    "US_10Y_Treasury_Yield": 4.414999961853027,
    "VIX_close": 16.6299991607666,
    "GOLD_basis_spot_vs_near": -55.400146484375,
    "China_10Y_Treasury_Yield": 1.6444
  }
}