{
  "latest_date": "2025-08-01",
  "latest_values": {
    "Shanghai_Composite_Index": 3559.951904296875,
    "CSI_300_Index": 4054.9287109375,
    "Shenzhen_Component_Index": 10991.3212890625,
    "ALUMINUM_future": 2481.5,
    "BTC_price": 114229.4296875,
    "OIL_price": 67.3499984741211,
    "USD_CNY_exchange_rate": 7.176400184631348,
    "Commodity_Index_ETF": 22.110000610351562,
    "US_Dollar_Index": 99.11799621582031,
    "ETH_price": 3555.616943359375,
    "GOLD_spot_price": 3400.199951171875,
    "LEAN_HOGS_future": 90.0250015258789,
    "COPPER_future": 4.44350004196167,
    "High_Yield_Bond_ETF": 79.86509704589844,
    "LIVE_CATTLE_future": 223.4499969482422,
    "GOLD_near_month_future": 3400.10009765625,
    "NATURAL_GAS_future": 3.0859999656677246,
    "PLATINUM_future": 1319.300048828125,
    "SILVER_future": 36.915000915527344,
    "Long_Term_Treasury_ETF": 87.81500244140625,
    "CORN_future": 411.75,
    "SOYBEANS_future": 991.5,
    "WHEAT_future": 538.75,
    "SP500_close": 6221.16015625,
    "NASDAQ_close": 20593.1875,
    "US_10Y_Treasury_Yield": 4.227999687194824,
    "VIX_close": 21.09000015258789,
    "GOLD_basis_spot_vs_near": 0.099853515625,
    "China_10Y_Treasury_Yield": 1.7059
  }
}