{
  "latest_date": "2025-07-29",
  "latest_values": {
    "Shanghai_Composite_Index": 3609.711181640625,
    "CSI_300_Index": 4152.02490234375,
    "Shenzhen_Component_Index": 11289.40625,
    "ALUMINUM_future": 2606.25,
    "BTC_price": 117696.828125,
    "OIL_price": 69.51000213623047,
    "USD_CNY_exchange_rate": 7.176400184631348,
    "Commodity_Index_ETF": 22.692899703979492,
    "US_Dollar_Index": 98.9020004272461,
    "ETH_price": 3777.158447265625,
    "GOLD_spot_price": 3323.699951171875,
    "LEAN_HOGS_future": 107.0999984741211,
    "COPPER_future": 5.6504998207092285,
    "High_Yield_Bond_ETF": 80.50499725341797,
    "LIVE_CATTLE_future": 229.5,
    "GOLD_near_month_future": 3380.89990234375,
    "NATURAL_GAS_future": 3.072999954223633,
    "PLATINUM_future": 1423.0999755859375,
    "SILVER_future": 38.345001220703125,
    "Long_Term_Treasury_ETF": 87.16100311279297,
    "CORN_future": 410.75,
    "SOYBEANS_future": 1008.25,
    "WHEAT_future": 529.75,
    "SP500_close": 6375.35986328125,
    "NASDAQ_close": 21143.201171875,
    "US_10Y_Treasury_Yield": 4.329999923706055,
    "VIX_close": 15.619999885559082,
    "GOLD_basis_spot_vs_near": -57.199951171875,
    "China_10Y_Treasury_Yield": 1.7466
  }
}