{
  "latest_date": "2025-07-21",
  "latest_values": {
    "Shanghai_Composite_Index": 3534.48291015625,
    "CSI_300_Index": 4058.550048828125,
    "Shenzhen_Component_Index": 10913.83984375,
    "ALUMINUM_future": 2605.5,
    "BTC_price": 118745.546875,
    "OIL_price": 67.30000305175781,
    "USD_CNY_exchange_rate": 7.183199882507324,
    "Commodity_Index_ETF": 22.530000686645508,
    "US_Dollar_Index": 98.21900177001953,
    "ETH_price": 3809.7958984375,
    "GOLD_spot_price": 3371.89990234375,
    "LEAN_HOGS_future": 106.5,
    "COPPER_future": 5.626500129699707,
    "High_Yield_Bond_ETF": 80.25,
    "LIVE_CATTLE_future": 223.3000030517578,
    "GOLD_near_month_future": 3427.60009765625,
    "NATURAL_GAS_future": 3.3580000400543213,
    "PLATINUM_future": 1469.0,
    "SILVER_future": 38.86000061035156,
    "Long_Term_Treasury_ETF": 85.23999786376953,
    "CORN_future": 425.25,
    "SOYBEANS_future": 1028.0,
    "WHEAT_future": 547.0,
    "SP500_close": 6296.7900390625,
    "NASDAQ_close": 20895.650390625,
    "US_10Y_Treasury_Yield": 4.432000160217285,
    "VIX_close": 16.940000534057617,
    "GOLD_basis_spot_vs_near": -55.7001953125,
    "China_10Y_Treasury_Yield": 1.6774
  }
}