{
  "latest_date": "2025-09-06",
  "latest_values": {
    "Shanghai_Composite_Index": 3812.513916015625,
    "CSI_300_Index": 4460.330078125,
    "Shenzhen_Component_Index": 12590.5595703125,
    "ALUMINUM_future": 2495.25,
    "BTC_price": 111140.140625,
    "OIL_price": 61.970001220703125,
    "USD_CNY_exchange_rate": 7.131999969482422,
    "Commodity_Index_ETF": 22.030000686645508,
    "US_Dollar_Index": 97.7699966430664,
    "ETH_price": 4320.45166015625,
    "GOLD_spot_price": 3639.800048828125,
    "LEAN_HOGS_future": 96.125,
    "COPPER_future": 4.543499946594238,
    "High_Yield_Bond_ETF": 80.87000274658203,
    "LIVE_CATTLE_future": 235.97500610351562,
    "GOLD_near_month_future": 3639.39990234375,
    "NATURAL_GAS_future": 3.0260000228881836,
    "PLATINUM_future": 1382.800048828125,
    "SILVER_future": 41.5099983215332,
    "Long_Term_Treasury_ETF": 88.55999755859375,
    "CORN_future": 418.0,
    "SOYBEANS_future": 1026.75,
    "WHEAT_future": 519.0,
    "SP500_close": 6481.5,
    "NASDAQ_close": 21700.390625,
    "US_10Y_Treasury_Yield": 4.085999965667725,
    "VIX_close": 15.180000305175781,
    "GOLD_basis_spot_vs_near": 0.400146484375,
    "China_10Y_Treasury_Yield": 1.826
  }
}