{
  "latest_date": "2025-07-25",
  "latest_values": {
    "Shanghai_Composite_Index": 3593.6552734375,
    "CSI_300_Index": 4127.16357421875,
    "Shenzhen_Component_Index": 11168.1416015625,
    "ALUMINUM_future": 2590.0,
    "BTC_price": 116862.859375,
    "OIL_price": 65.05000305175781,
    "USD_CNY_exchange_rate": 7.167399883270264,
    "Commodity_Index_ETF": 22.18000030517578,
    "US_Dollar_Index": 97.64600372314453,
    "ETH_price": 3647.850830078125,
    "GOLD_spot_price": 3339.800048828125,
    "LEAN_HOGS_future": 108.57499694824219,
    "COPPER_future": 5.791500091552734,
    "High_Yield_Bond_ETF": 80.48999786376953,
    "LIVE_CATTLE_future": 226.5500030517578,
    "GOLD_near_month_future": 3397.0,
    "NATURAL_GAS_future": 3.0950000286102295,
    "PLATINUM_future": 1431.5999755859375,
    "SILVER_future": 38.33000183105469,
    "Long_Term_Treasury_ETF": 86.43000030517578,
    "CORN_future": 419.0,
    "SOYBEANS_future": 1021.75,
    "WHEAT_future": 539.25,
    "SP500_close": 6388.64013671875,
    "NASDAQ_close": 21108.31640625,
    "US_10Y_Treasury_Yield": 4.386000156402588,
    "VIX_close": 15.0600004196167,
    "GOLD_basis_spot_vs_near": -57.199951171875,
    "China_10Y_Treasury_Yield": 1.7324
  }
}