{
  "latest_date": "2025-06-30",
  "latest_values": {
    "Shanghai_Composite_Index": 3424.22705078125,
    "CSI_300_Index": 3921.760009765625,
    "Shenzhen_Component_Index": 10378.5498046875,
    "ALUMINUM_future": 2561.25,
    "BTC_price": 107538.953125,
    "OIL_price": 65.2699966430664,
    "USD_CNY_exchange_rate": 7.167500019073486,
    "Commodity_Index_ETF": 21.799999237060547,
    "US_Dollar_Index": 97.21700286865234,
    "ETH_price": 2453.056396484375,
    "GOLD_spot_price": 3298.5,
    "LEAN_HOGS_future": 113.0999984741211,
    "COPPER_future": 5.052999973297119,
    "High_Yield_Bond_ETF": 80.33999633789062,
    "LIVE_CATTLE_future": 213.60000610351562,
    "GOLD_near_month_future": 3298.800048828125,
    "NATURAL_GAS_future": 3.6050000190734863,
    "PLATINUM_future": 1374.5,
    "SILVER_future": 36.28499984741211,
    "Long_Term_Treasury_ETF": 87.38999938964844,
    "CORN_future": 425.0,
    "SOYBEANS_future": 1027.75,
    "WHEAT_future": 538.5,
    "SP500_close": 6173.06982421875,
    "NASDAQ_close": 20273.4609375,
    "US_10Y_Treasury_Yield": 4.2829999923706055,
    "VIX_close": 17.110000610351562,
    "GOLD_basis_spot_vs_near": -0.300048828125,
    "China_10Y_Treasury_Yield": 1.6469
  }
}