{
  "latest_date": "2025-07-07",
  "latest_values": {
    "Shanghai_Composite_Index": 3473.127197265625,
    "CSI_300_Index": 3965.174560546875,
    "Shenzhen_Component_Index": 10435.5068359375,
    "ALUMINUM_future": 2526.5,
    "BTC_price": 108133.375,
    "OIL_price": 67.91999816894531,
    "USD_CNY_exchange_rate": 7.164899826049805,
    "Commodity_Index_ETF": 22.260000228881836,
    "US_Dollar_Index": 97.53600311279297,
    "ETH_price": 2536.2578125,
    "GOLD_spot_price": 3346.39990234375,
    "LEAN_HOGS_future": 107.2249984741211,
    "COPPER_future": 5.005000114440918,
    "High_Yield_Bond_ETF": 80.0999984741211,
    "LIVE_CATTLE_future": 215.9250030517578,
    "GOLD_near_month_future": 3346.60009765625,
    "NATURAL_GAS_future": 3.4119999408721924,
    "PLATINUM_future": 1382.4000244140625,
    "SILVER_future": 36.939998626708984,
    "Long_Term_Treasury_ETF": 86.13999938964844,
    "CORN_future": 421.0,
    "SOYBEANS_future": 1020.75,
    "WHEAT_future": 548.75,
    "SP500_close": 6229.97998046875,
    "NASDAQ_close": 20412.515625,
    "US_10Y_Treasury_Yield": 4.394999980926514,
    "VIX_close": 17.790000915527344,
    "GOLD_basis_spot_vs_near": -0.2001953125,
    "China_10Y_Treasury_Yield": 1.6406
  }
}