{
  "latest_date": "2025-07-29",
  "latest_values": {
    "Shanghai_Composite_Index": 3597.93701171875,
    "CSI_300_Index": 4135.81982421875,
    "Shenzhen_Component_Index": 11217.580078125,
    "ALUMINUM_future": 2606.25,
    "BTC_price": 118691.5390625,
    "OIL_price": 67.06999969482422,
    "USD_CNY_exchange_rate": 7.153500080108643,
    "Commodity_Index_ETF": 22.399999618530273,
    "US_Dollar_Index": 98.76000213623047,
    "ETH_price": 3864.8623046875,
    "GOLD_spot_price": 3323.199951171875,
    "LEAN_HOGS_future": 108.3499984741211,
    "COPPER_future": 5.60699987411499,
    "High_Yield_Bond_ETF": 80.44999694824219,
    "LIVE_CATTLE_future": 227.75,
    "GOLD_near_month_future": 3379.60009765625,
    "NATURAL_GAS_future": 3.0789999961853027,
    "PLATINUM_future": 1419.300048828125,
    "SILVER_future": 38.32500076293945,
    "Long_Term_Treasury_ETF": 85.87000274658203,
    "CORN_future": 414.25,
    "SOYBEANS_future": 1010.25,
    "WHEAT_future": 532.25,
    "SP500_close": 6389.77001953125,
    "NASDAQ_close": 21178.580078125,
    "US_10Y_Treasury_Yield": 4.420000076293945,
    "VIX_close": 14.720000267028809,
    "GOLD_basis_spot_vs_near": -56.400146484375,
    "China_10Y_Treasury_Yield": 1.7466
  }
}