{
  "latest_date": "2025-08-15",
  "latest_values": {
    "Shanghai_Composite_Index": 3696.7705078125,
    "CSI_300_Index": 4202.353515625,
    "Shenzhen_Component_Index": 11634.66796875,
    "ALUMINUM_future": 2534.25,
    "BTC_price": 117116.359375,
    "OIL_price": 62.939998626708984,
    "USD_CNY_exchange_rate": 7.181700229644775,
    "Commodity_Index_ETF": 21.735000610351562,
    "US_Dollar_Index": 97.8479995727539,
    "ETH_price": 4390.35302734375,
    "GOLD_spot_price": 3381.800048828125,
    "LEAN_HOGS_future": 90.125,
    "COPPER_future": 4.497499942779541,
    "High_Yield_Bond_ETF": 80.41999816894531,
    "LIVE_CATTLE_future": 230.60000610351562,
    "GOLD_near_month_future": 3381.800048828125,
    "NATURAL_GAS_future": 2.9159998893737793,
    "PLATINUM_future": 1348.0999755859375,
    "SILVER_future": 37.994998931884766,
    "Long_Term_Treasury_ETF": 86.3550033569336,
    "CORN_future": 405.75,
    "SOYBEANS_future": 1042.75,
    "WHEAT_future": 527.25,
    "SP500_close": 6452.06982421875,
    "NASDAQ_close": 21612.966796875,
    "US_10Y_Treasury_Yield": 4.325999736785889,
    "VIX_close": 14.869999885559082,
    "GOLD_basis_spot_vs_near": 0.0,
    "China_10Y_Treasury_Yield": 1.7465
  }
}