{
  "latest_date": "2025-07-31",
  "latest_values": {
    "Shanghai_Composite_Index": 3615.717041015625,
    "CSI_300_Index": 4151.240234375,
    "Shenzhen_Component_Index": 11203.0302734375,
    "ALUMINUM_future": 2506.5,
    "BTC_price": 118420.9453125,
    "OIL_price": 69.48999786376953,
    "USD_CNY_exchange_rate": 7.176400184631348,
    "Commodity_Index_ETF": 22.459999084472656,
    "US_Dollar_Index": 100.0719985961914,
    "ETH_price": 3802.328125,
    "GOLD_spot_price": 3355.5,
    "LEAN_HOGS_future": 107.4000015258789,
    "COPPER_future": 4.385499954223633,
    "High_Yield_Bond_ETF": 80.38999938964844,
    "LIVE_CATTLE_future": 233.25,
    "GOLD_near_month_future": 3355.0,
    "NATURAL_GAS_future": 3.0280001163482666,
    "PLATINUM_future": 1306.699951171875,
    "SILVER_future": 36.66999816894531,
    "Long_Term_Treasury_ETF": 87.18499755859375,
    "CORN_future": 409.5,
    "SOYBEANS_future": 990.75,
    "WHEAT_future": 518.75,
    "SP500_close": 6416.56982421875,
    "NASDAQ_close": 21412.677734375,
    "US_10Y_Treasury_Yield": 4.349999904632568,
    "VIX_close": 15.180000305175781,
    "GOLD_basis_spot_vs_near": 0.5,
    "China_10Y_Treasury_Yield": 1.7044
  }
}