{
  "latest_date": "2025-08-20",
  "latest_values": {
    "Shanghai_Composite_Index": 3727.2880859375,
    "CSI_300_Index": 4223.3701171875,
    "Shenzhen_Component_Index": 11821.6298828125,
    "ALUMINUM_future": 2482.75,
    "BTC_price": 113512.9375,
    "OIL_price": 62.47999954223633,
    "USD_CNY_exchange_rate": 7.184599876403809,
    "Commodity_Index_ETF": 21.6200008392334,
    "US_Dollar_Index": 98.29299926757812,
    "ETH_price": 4193.724609375,
    "GOLD_spot_price": 3367.89990234375,
    "LEAN_HOGS_future": 90.0999984741211,
    "COPPER_future": 4.438499927520752,
    "High_Yield_Bond_ETF": 80.37999725341797,
    "LIVE_CATTLE_future": 231.3000030517578,
    "GOLD_near_month_future": 3368.0,
    "NATURAL_GAS_future": 2.749000072479248,
    "PLATINUM_future": 1319.199951171875,
    "SILVER_future": 37.154998779296875,
    "Long_Term_Treasury_ETF": 86.6500015258789,
    "CORN_future": 403.75,
    "SOYBEANS_future": 1037.25,
    "WHEAT_future": 520.0,
    "SP500_close": 6411.3701171875,
    "NASDAQ_close": 21314.94921875,
    "US_10Y_Treasury_Yield": 4.302000045776367,
    "VIX_close": 15.960000038146973,
    "GOLD_basis_spot_vs_near": -0.10009765625,
    "China_10Y_Treasury_Yield": 1.7725
  }
}