{
  "latest_date": "2025-08-26",
  "latest_values": {
    "Shanghai_Composite_Index": 3883.56201171875,
    "CSI_300_Index": 4469.22021484375,
    "Shenzhen_Component_Index": 12441.0703125,
    "ALUMINUM_future": 2549.0,
    "BTC_price": 109745.8125,
    "OIL_price": 64.45999908447266,
    "USD_CNY_exchange_rate": 7.167500019073486,
    "Commodity_Index_ETF": 22.190000534057617,
    "US_Dollar_Index": 98.23400115966797,
    "ETH_price": 4414.1884765625,
    "GOLD_spot_price": 3427.10009765625,
    "LEAN_HOGS_future": 91.42500305175781,
    "COPPER_future": 4.476500034332275,
    "High_Yield_Bond_ETF": 80.69000244140625,
    "LIVE_CATTLE_future": 236.97500610351562,
    "GOLD_near_month_future": 3427.10009765625,
    "NATURAL_GAS_future": 2.691999912261963,
    "PLATINUM_future": 1344.0999755859375,
    "SILVER_future": 38.755001068115234,
    "Long_Term_Treasury_ETF": 86.80000305175781,
    "CORN_future": 411.5,
    "SOYBEANS_future": 1048.0,
    "WHEAT_future": 528.0,
    "SP500_close": 6439.31982421875,
    "NASDAQ_close": 21449.2890625,
    "US_10Y_Treasury_Yield": 4.275000095367432,
    "VIX_close": 14.789999961853027,
    "GOLD_basis_spot_vs_near": 0.0,
    "China_10Y_Treasury_Yield": 1.7643
  }
}