{
  "latest_date": "2025-08-13",
  "latest_values": {
    "Shanghai_Composite_Index": 3683.46484375,
    "CSI_300_Index": 4176.57763671875,
    "Shenzhen_Component_Index": 11551.365234375,
    "ALUMINUM_future": 2548.0,
    "BTC_price": 121537.1484375,
    "OIL_price": 62.189998626708984,
    "USD_CNY_exchange_rate": 7.173900127410889,
    "Commodity_Index_ETF": 21.690000534057617,
    "US_Dollar_Index": 97.78299713134766,
    "ETH_price": 4707.63720703125,
    "GOLD_spot_price": 3408.199951171875,
    "LEAN_HOGS_future": 90.75,
    "COPPER_future": 4.49399995803833,
    "High_Yield_Bond_ETF": 80.56179809570312,
    "LIVE_CATTLE_future": 229.4250030517578,
    "GOLD_near_month_future": 3408.10009765625,
    "NATURAL_GAS_future": 2.805999994277954,
    "PLATINUM_future": 1341.9000244140625,
    "SILVER_future": 38.54499816894531,
    "Long_Term_Treasury_ETF": 87.75499725341797,
    "CORN_future": 396.0,
    "SOYBEANS_future": 1042.25,
    "WHEAT_future": 526.5,
    "SP500_close": 6449.10009765625,
    "NASDAQ_close": 21679.40234375,
    "US_10Y_Treasury_Yield": 4.234999656677246,
    "VIX_close": 14.680000305175781,
    "GOLD_basis_spot_vs_near": 0.099853515625,
    "China_10Y_Treasury_Yield": 1.7262
  }
}