{
  "latest_date": "2025-09-02",
  "latest_values": {
    "Shanghai_Composite_Index": 3875.531005859375,
    "CSI_300_Index": 4523.7099609375,
    "Shenzhen_Component_Index": 12828.9501953125,
    "ALUMINUM_future": 2511.5,
    "BTC_price": 109268.6953125,
    "OIL_price": 64.72000122070312,
    "USD_CNY_exchange_rate": 7.13040018081665,
    "Commodity_Index_ETF": 22.209999084472656,
    "US_Dollar_Index": 98.51499938964844,
    "ETH_price": 4299.36328125,
    "GOLD_spot_price": 3547.5,
    "LEAN_HOGS_future": 95.0,
    "COPPER_future": 4.547500133514404,
    "High_Yield_Bond_ETF": 80.86000061035156,
    "LIVE_CATTLE_future": 239.8000030517578,
    "GOLD_near_month_future": 3547.5,
    "NATURAL_GAS_future": 2.8889999389648438,
    "PLATINUM_future": 1390.4000244140625,
    "SILVER_future": 41.165000915527344,
    "Long_Term_Treasury_ETF": 86.5999984741211,
    "CORN_future": 417.0,
    "SOYBEANS_future": 1041.0,
    "WHEAT_future": 525.0,
    "SP500_close": 6460.259765625,
    "NASDAQ_close": 21455.55078125,
    "US_10Y_Treasury_Yield": 4.297999858856201,
    "VIX_close": 19.049999237060547,
    "GOLD_basis_spot_vs_near": 0.0,
    "China_10Y_Treasury_Yield": 1.8167
  }
}