{
  "latest_date": "2025-07-14",
  "latest_values": {
    "Shanghai_Composite_Index": 3510.177001953125,
    "CSI_300_Index": 4014.81005859375,
    "Shenzhen_Component_Index": 10696.099609375,
    "ALUMINUM_future": 2512.25,
    "BTC_price": 121310.1640625,
    "OIL_price": 68.61000061035156,
    "USD_CNY_exchange_rate": 7.174799919128418,
    "Commodity_Index_ETF": 22.510000228881836,
    "US_Dollar_Index": 97.9749984741211,
    "ETH_price": 3045.035888671875,
    "GOLD_spot_price": 3373.89990234375,
    "LEAN_HOGS_future": 104.67500305175781,
    "COPPER_future": 5.576499938964844,
    "High_Yield_Bond_ETF": 80.02999877929688,
    "LIVE_CATTLE_future": 222.1999969482422,
    "GOLD_near_month_future": 3430.800048828125,
    "NATURAL_GAS_future": 3.430000066757202,
    "PLATINUM_future": 1463.300048828125,
    "SILVER_future": 39.4900016784668,
    "Long_Term_Treasury_ETF": 85.79000091552734,
    "CORN_future": 411.5,
    "SOYBEANS_future": 1008.5,
    "WHEAT_future": 545.0,
    "SP500_close": 6259.75,
    "NASDAQ_close": 20585.529296875,
    "US_10Y_Treasury_Yield": 4.422999858856201,
    "VIX_close": 16.399999618530273,
    "GOLD_basis_spot_vs_near": -56.900146484375,
    "China_10Y_Treasury_Yield": 1.6653
  }
}