{
  "latest_date": "2025-07-14",
  "latest_values": {
    "Shanghai_Composite_Index": 3519.64990234375,
    "CSI_300_Index": 4017.667724609375,
    "Shenzhen_Component_Index": 10684.5166015625,
    "ALUMINUM_future": 2506.5,
    "BTC_price": 120405.65625,
    "OIL_price": 67.37000274658203,
    "USD_CNY_exchange_rate": 7.174799919128418,
    "Commodity_Index_ETF": 22.3700008392334,
    "US_Dollar_Index": 98.08899688720703,
    "ETH_price": 3022.061279296875,
    "GOLD_spot_price": 3355.60009765625,
    "LEAN_HOGS_future": 103.25,
    "COPPER_future": 5.553999900817871,
    "High_Yield_Bond_ETF": 80.07499694824219,
    "LIVE_CATTLE_future": 219.5500030517578,
    "GOLD_near_month_future": 3410.699951171875,
    "NATURAL_GAS_future": 3.437999963760376,
    "PLATINUM_future": 1420.9000244140625,
    "SILVER_future": 38.78499984741211,
    "Long_Term_Treasury_ETF": 85.58000183105469,
    "CORN_future": 414.5,
    "SOYBEANS_future": 1006.0,
    "WHEAT_future": 539.5,
    "SP500_close": 6267.18017578125,
    "NASDAQ_close": 20656.94921875,
    "US_10Y_Treasury_Yield": 4.434999942779541,
    "VIX_close": 17.059999465942383,
    "GOLD_basis_spot_vs_near": -55.099853515625,
    "China_10Y_Treasury_Yield": 1.6726
  }
}