{
  "latest_date": "2025-07-15",
  "latest_values": {
    "Shanghai_Composite_Index": 3519.64990234375,
    "CSI_300_Index": 4017.669921875,
    "Shenzhen_Component_Index": 10684.51953125,
    "ALUMINUM_future": 2510.0,
    "BTC_price": 118103.359375,
    "OIL_price": 66.62000274658203,
    "USD_CNY_exchange_rate": 7.172399997711182,
    "Commodity_Index_ETF": 22.334999084472656,
    "US_Dollar_Index": 98.35099792480469,
    "ETH_price": 3046.943115234375,
    "GOLD_spot_price": 3353.0,
    "LEAN_HOGS_future": 103.67500305175781,
    "COPPER_future": 5.534999847412109,
    "High_Yield_Bond_ETF": 80.04000091552734,
    "LIVE_CATTLE_future": 219.75,
    "GOLD_near_month_future": 3409.60009765625,
    "NATURAL_GAS_future": 3.4179999828338623,
    "PLATINUM_future": 1425.300048828125,
    "SILVER_future": 38.244998931884766,
    "Long_Term_Treasury_ETF": 85.3499984741211,
    "CORN_future": 417.25,
    "SOYBEANS_future": 1007.25,
    "WHEAT_future": 542.25,
    "SP500_close": 6278.56005859375,
    "NASDAQ_close": 20776.134765625,
    "US_10Y_Treasury_Yield": 4.433000087738037,
    "VIX_close": 16.829999923706055,
    "GOLD_basis_spot_vs_near": -56.60009765625,
    "China_10Y_Treasury_Yield": 1.6557
  }
}