{
  "latest_date": "2025-08-26",
  "latest_values": {
    "Shanghai_Composite_Index": 3883.56201171875,
    "CSI_300_Index": 4469.22021484375,
    "Shenzhen_Component_Index": 12441.0703125,
    "ALUMINUM_future": 2527.0,
    "BTC_price": 109815.359375,
    "OIL_price": 64.47000122070312,
    "USD_CNY_exchange_rate": 7.167500019073486,
    "Commodity_Index_ETF": 22.190000534057617,
    "US_Dollar_Index": 98.38700103759766,
    "ETH_price": 4397.40478515625,
    "GOLD_spot_price": 3418.60009765625,
    "LEAN_HOGS_future": 91.42500305175781,
    "COPPER_future": 4.472499847412109,
    "High_Yield_Bond_ETF": 80.69000244140625,
    "LIVE_CATTLE_future": 236.97500610351562,
    "GOLD_near_month_future": 3418.5,
    "NATURAL_GAS_future": 2.694000005722046,
    "PLATINUM_future": 1341.0,
    "SILVER_future": 38.69499969482422,
    "Long_Term_Treasury_ETF": 86.80000305175781,
    "CORN_future": 412.0,
    "SOYBEANS_future": 1049.5,
    "WHEAT_future": 528.25,
    "SP500_close": 6439.31982421875,
    "NASDAQ_close": 21449.2890625,
    "US_10Y_Treasury_Yield": 4.275000095367432,
    "VIX_close": 14.789999961853027,
    "GOLD_basis_spot_vs_near": 0.10009765625,
    "China_10Y_Treasury_Yield": 1.7643
  }
}