{
  "latest_date": "2025-09-22",
  "latest_values": {
    "Shanghai_Composite_Index": 3828.576416015625,
    "CSI_300_Index": 4522.60791015625,
    "Shenzhen_Component_Index": 13157.9736328125,
    "ALUMINUM_future": 2580.0,
    "BTC_price": 112766.4609375,
    "OIL_price": 62.18000030517578,
    "USD_CNY_exchange_rate": 7.113999843597412,
    "Commodity_Index_ETF": 22.239999771118164,
    "US_Dollar_Index": 97.35700225830078,
    "ETH_price": 4177.38720703125,
    "GOLD_spot_price": 3781.0,
    "LEAN_HOGS_future": 98.80000305175781,
    "COPPER_future": 4.63700008392334,
    "High_Yield_Bond_ETF": 81.26499938964844,
    "LIVE_CATTLE_future": 237.22500610351562,
    "GOLD_near_month_future": 3781.10009765625,
    "NATURAL_GAS_future": 2.825000047683716,
    "PLATINUM_future": 1427.9000244140625,
    "SILVER_future": 44.33000183105469,
    "Long_Term_Treasury_ETF": 88.83000183105469,
    "CORN_future": 422.0,
    "SOYBEANS_future": 1011.75,
    "WHEAT_future": 511.0,
    "SP500_close": 6691.8798828125,
    "NASDAQ_close": 22777.619140625,
    "US_10Y_Treasury_Yield": 4.14300012588501,
    "VIX_close": 15.930000305175781,
    "GOLD_basis_spot_vs_near": -0.10009765625,
    "China_10Y_Treasury_Yield": 1.8647
  }
}