{
  "latest_date": "2025-07-30",
  "latest_values": {
    "Shanghai_Composite_Index": 3609.7109375,
    "CSI_300_Index": 4152.02001953125,
    "Shenzhen_Component_Index": 11289.41015625,
    "ALUMINUM_future": 2507.0,
    "BTC_price": 118179.265625,
    "OIL_price": 69.69000244140625,
    "USD_CNY_exchange_rate": 7.177800178527832,
    "Commodity_Index_ETF": 22.690000534057617,
    "US_Dollar_Index": 98.82599639892578,
    "ETH_price": 3813.2666015625,
    "GOLD_spot_price": 3384.300048828125,
    "LEAN_HOGS_future": 107.0999984741211,
    "COPPER_future": 5.6529998779296875,
    "High_Yield_Bond_ETF": 80.5,
    "LIVE_CATTLE_future": 229.5,
    "GOLD_near_month_future": 3384.39990234375,
    "NATURAL_GAS_future": 3.180000066757202,
    "PLATINUM_future": 1410.5999755859375,
    "SILVER_future": 38.16999816894531,
    "Long_Term_Treasury_ETF": 87.31999969482422,
    "CORN_future": 411.25,
    "SOYBEANS_future": 1011.75,
    "WHEAT_future": 528.25,
    "SP500_close": 6370.85986328125,
    "NASDAQ_close": 21098.2890625,
    "US_10Y_Treasury_Yield": 4.329999923706055,
    "VIX_close": 15.84000015258789,
    "GOLD_basis_spot_vs_near": -0.099853515625,
    "China_10Y_Treasury_Yield": 1.7466
  }
}