{
  "latest_date": "2025-08-06",
  "latest_values": {
    "Shanghai_Composite_Index": 3633.994873046875,
    "CSI_300_Index": 4113.4853515625,
    "Shenzhen_Component_Index": 11177.7822265625,
    "ALUMINUM_future": 2544.5,
    "BTC_price": 115659.8359375,
    "OIL_price": 64.95999908447266,
    "USD_CNY_exchange_rate": 7.181700229644775,
    "Commodity_Index_ETF": 21.850000381469727,
    "US_Dollar_Index": 98.26100158691406,
    "ETH_price": 3690.88671875,
    "GOLD_spot_price": 3436.699951171875,
    "LEAN_HOGS_future": 91.94999694824219,
    "COPPER_future": 4.415999889373779,
    "High_Yield_Bond_ETF": 80.20500183105469,
    "LIVE_CATTLE_future": 229.47500610351562,
    "GOLD_near_month_future": 3436.300048828125,
    "NATURAL_GAS_future": 3.0820000171661377,
    "PLATINUM_future": 1350.0999755859375,
    "SILVER_future": 37.970001220703125,
    "Long_Term_Treasury_ETF": 87.62000274658203,
    "CORN_future": 401.0,
    "SOYBEANS_future": 984.0,
    "WHEAT_future": 529.0,
    "SP500_close": 6346.3798828125,
    "NASDAQ_close": 21152.76171875,
    "US_10Y_Treasury_Yield": 4.240000247955322,
    "VIX_close": 16.889999389648438,
    "GOLD_basis_spot_vs_near": 0.39990234375,
    "China_10Y_Treasury_Yield": 1.6999
  }
}