{
  "latest_date": "2025-08-29",
  "latest_values": {
    "Shanghai_Composite_Index": 3857.927490234375,
    "CSI_300_Index": 4496.75927734375,
    "Shenzhen_Component_Index": 12696.150390625,
    "ALUMINUM_future": 2542.75,
    "BTC_price": 108121.296875,
    "OIL_price": 63.97999954223633,
    "USD_CNY_exchange_rate": 7.129899978637695,
    "Commodity_Index_ETF": 22.209999084472656,
    "US_Dollar_Index": 97.77799987792969,
    "ETH_price": 4324.3125,
    "GOLD_spot_price": 3510.60009765625,
    "LEAN_HOGS_future": 95.0,
    "COPPER_future": 4.578999996185303,
    "High_Yield_Bond_ETF": 80.87000274658203,
    "LIVE_CATTLE_future": 239.8000030517578,
    "GOLD_near_month_future": 3510.60009765625,
    "NATURAL_GAS_future": 3.009000062942505,
    "PLATINUM_future": 1372.300048828125,
    "SILVER_future": 40.65999984741211,
    "Long_Term_Treasury_ETF": 86.65499877929688,
    "CORN_future": 420.0,
    "SOYBEANS_future": 1053.0,
    "WHEAT_future": 533.75,
    "SP500_close": 6459.66015625,
    "NASDAQ_close": 21449.154296875,
    "US_10Y_Treasury_Yield": 4.2230000495910645,
    "VIX_close": 15.720000267028809,
    "GOLD_basis_spot_vs_near": 0.0,
    "China_10Y_Treasury_Yield": 1.8379
  }
}