{
  "latest_date": "2025-09-05",
  "latest_values": {
    "Shanghai_Composite_Index": 3812.514404296875,
    "CSI_300_Index": 4460.32470703125,
    "Shenzhen_Component_Index": 12118.7001953125,
    "ALUMINUM_future": 2526.75,
    "BTC_price": 110446.7734375,
    "OIL_price": 61.880001068115234,
    "USD_CNY_exchange_rate": 7.14139986038208,
    "Commodity_Index_ETF": 22.014999389648438,
    "US_Dollar_Index": 97.6240005493164,
    "ETH_price": 4265.22998046875,
    "GOLD_spot_price": 3642.0,
    "LEAN_HOGS_future": 96.44999694824219,
    "COPPER_future": 4.560999870300293,
    "High_Yield_Bond_ETF": 80.90370178222656,
    "LIVE_CATTLE_future": 236.0,
    "GOLD_near_month_future": 3642.10009765625,
    "NATURAL_GAS_future": 3.065000057220459,
    "PLATINUM_future": 1388.0,
    "SILVER_future": 41.54499816894531,
    "Long_Term_Treasury_ETF": 88.31449890136719,
    "CORN_future": 424.0,
    "SOYBEANS_future": 1034.0,
    "WHEAT_future": 522.25,
    "SP500_close": 6454.64013671875,
    "NASDAQ_close": 21551.498046875,
    "US_10Y_Treasury_Yield": 4.074000358581543,
    "VIX_close": 16.649999618530273,
    "GOLD_basis_spot_vs_near": -0.10009765625,
    "China_10Y_Treasury_Yield": 1.826
  }
}