{
  "latest_date": "2025-08-27",
  "latest_values": {
    "Shanghai_Composite_Index": 3868.382080078125,
    "CSI_300_Index": 4452.59033203125,
    "Shenzhen_Component_Index": 12473.173828125,
    "ALUMINUM_future": 2584.5,
    "BTC_price": 111730.890625,
    "OIL_price": 63.41999816894531,
    "USD_CNY_exchange_rate": 7.151500225067139,
    "Commodity_Index_ETF": 22.020000457763672,
    "US_Dollar_Index": 98.25,
    "ETH_price": 4587.34423828125,
    "GOLD_spot_price": 3441.0,
    "LEAN_HOGS_future": 93.4000015258789,
    "COPPER_future": 4.4664998054504395,
    "High_Yield_Bond_ETF": 80.87000274658203,
    "LIVE_CATTLE_future": 238.125,
    "GOLD_near_month_future": 3440.89990234375,
    "NATURAL_GAS_future": 2.744999885559082,
    "PLATINUM_future": 1352.699951171875,
    "SILVER_future": 38.665000915527344,
    "Long_Term_Treasury_ETF": 86.75,
    "CORN_future": 409.25,
    "SOYBEANS_future": 1050.75,
    "WHEAT_future": 531.5,
    "SP500_close": 6465.93994140625,
    "NASDAQ_close": 21544.26953125,
    "US_10Y_Treasury_Yield": 4.258000373840332,
    "VIX_close": 14.619999885559082,
    "GOLD_basis_spot_vs_near": 0.10009765625,
    "China_10Y_Treasury_Yield": 1.7598
  }
}