{
  "latest_date": "2025-08-07",
  "latest_values": {
    "Shanghai_Composite_Index": 3633.9951171875,
    "CSI_300_Index": 4113.47998046875,
    "Shenzhen_Component_Index": 11177.7802734375,
    "ALUMINUM_future": 2561.75,
    "BTC_price": 116433.6796875,
    "OIL_price": 64.86000061035156,
    "USD_CNY_exchange_rate": 7.1834001541137695,
    "Commodity_Index_ETF": 21.770000457763672,
    "US_Dollar_Index": 98.13400268554688,
    "ETH_price": 3809.76611328125,
    "GOLD_spot_price": 3444.300048828125,
    "LEAN_HOGS_future": 91.92500305175781,
    "COPPER_future": 4.433000087738037,
    "High_Yield_Bond_ETF": 80.29000091552734,
    "LIVE_CATTLE_future": 229.4499969482422,
    "GOLD_near_month_future": 3444.199951171875,
    "NATURAL_GAS_future": 3.069000005722046,
    "PLATINUM_future": 1346.0,
    "SILVER_future": 38.68000030517578,
    "Long_Term_Treasury_ETF": 87.81999969482422,
    "CORN_future": 403.5,
    "SOYBEANS_future": 984.0,
    "WHEAT_future": 534.25,
    "SP500_close": 6345.06005859375,
    "NASDAQ_close": 21169.419921875,
    "US_10Y_Treasury_Yield": 4.21999979019165,
    "VIX_close": 16.139999389648438,
    "GOLD_basis_spot_vs_near": 0.10009765625,
    "China_10Y_Treasury_Yield": 1.6894
  }
}