{
  "latest_date": "2025-07-17",
  "latest_values": {
    "Shanghai_Composite_Index": 3503.777099609375,
    "CSI_300_Index": 4007.199951171875,
    "Shenzhen_Component_Index": 10720.8095703125,
    "ALUMINUM_future": 2465.25,
    "BTC_price": 117839.2578125,
    "OIL_price": 66.52999877929688,
    "USD_CNY_exchange_rate": 7.172900199890137,
    "Commodity_Index_ETF": 22.309999465942383,
    "US_Dollar_Index": 98.6510009765625,
    "ETH_price": 3420.105224609375,
    "GOLD_spot_price": 3318.699951171875,
    "LEAN_HOGS_future": 104.55000305175781,
    "COPPER_future": 5.491000175476074,
    "High_Yield_Bond_ETF": 80.05999755859375,
    "LIVE_CATTLE_future": 223.875,
    "GOLD_near_month_future": 3375.699951171875,
    "NATURAL_GAS_future": 3.5940001010894775,
    "PLATINUM_future": 1430.0999755859375,
    "SILVER_future": 37.814998626708984,
    "Long_Term_Treasury_ETF": 85.12999725341797,
    "CORN_future": 423.0,
    "SOYBEANS_future": 1020.0,
    "WHEAT_future": 536.25,
    "SP500_close": 6263.7001953125,
    "NASDAQ_close": 20730.490234375,
    "US_10Y_Treasury_Yield": 4.456999778747559,
    "VIX_close": 17.06999969482422,
    "GOLD_basis_spot_vs_near": -57.0,
    "China_10Y_Treasury_Yield": 1.663
  }
}