{
  "latest_date": "2025-06-30",
  "latest_values": {
    "Shanghai_Composite_Index": 3444.425537109375,
    "CSI_300_Index": 3936.0791015625,
    "Shenzhen_Component_Index": 10465.1201171875,
    "ALUMINUM_future": 2563.0,
    "BTC_price": 107650.0,
    "OIL_price": 65.06999969482422,
    "USD_CNY_exchange_rate": 7.167500019073486,
    "Commodity_Index_ETF": 21.799999237060547,
    "US_Dollar_Index": 96.97799682617188,
    "ETH_price": 2477.175048828125,
    "GOLD_spot_price": 3307.699951171875,
    "LEAN_HOGS_future": 110.625,
    "COPPER_future": 5.06850004196167,
    "High_Yield_Bond_ETF": 80.56999969482422,
    "LIVE_CATTLE_future": 214.0500030517578,
    "GOLD_near_month_future": 3307.60009765625,
    "NATURAL_GAS_future": 3.427000045776367,
    "PLATINUM_future": 1343.0,
    "SILVER_future": 36.220001220703125,
    "Long_Term_Treasury_ETF": 88.1449966430664,
    "CORN_future": 425.5,
    "SOYBEANS_future": 1028.0,
    "WHEAT_future": 538.5,
    "SP500_close": 6187.56005859375,
    "NASDAQ_close": 20317.900390625,
    "US_10Y_Treasury_Yield": 4.240000247955322,
    "VIX_close": 17.06999969482422,
    "GOLD_basis_spot_vs_near": 0.099853515625,
    "China_10Y_Treasury_Yield": 1.6469
  }
}