{
  "latest_date": "2025-08-08",
  "latest_values": {
    "Shanghai_Composite_Index": 3635.128173828125,
    "CSI_300_Index": 4104.966796875,
    "Shenzhen_Component_Index": 11157.9404296875,
    "ALUMINUM_future": 2590.5,
    "BTC_price": 116302.453125,
    "OIL_price": 64.18000030517578,
    "USD_CNY_exchange_rate": 7.182799816131592,
    "Commodity_Index_ETF": 21.930200576782227,
    "US_Dollar_Index": 98.16999816894531,
    "ETH_price": 3965.133544921875,
    "GOLD_spot_price": 3491.300048828125,
    "LEAN_HOGS_future": 90.75,
    "COPPER_future": 4.473499774932861,
    "High_Yield_Bond_ETF": 80.20500183105469,
    "LIVE_CATTLE_future": 227.0,
    "GOLD_near_month_future": 3491.199951171875,
    "NATURAL_GAS_future": 3.002000093460083,
    "PLATINUM_future": 1341.5,
    "SILVER_future": 38.54499816894531,
    "Long_Term_Treasury_ETF": 87.24659729003906,
    "CORN_future": 407.5,
    "SOYBEANS_future": 992.5,
    "WHEAT_future": 537.25,
    "SP500_close": 6384.990234375,
    "NASDAQ_close": 21430.373046875,
    "US_10Y_Treasury_Yield": 4.284999847412109,
    "VIX_close": 15.920000076293945,
    "GOLD_basis_spot_vs_near": 0.10009765625,
    "China_10Y_Treasury_Yield": 1.6891
  }
}