{
  "latest_date": "2025-07-09",
  "latest_values": {
    "Shanghai_Composite_Index": 3497.475341796875,
    "CSI_300_Index": 3998.45263671875,
    "Shenzhen_Component_Index": 10588.39453125,
    "ALUMINUM_future": 2517.75,
    "BTC_price": 108913.2109375,
    "OIL_price": 68.05999755859375,
    "USD_CNY_exchange_rate": 7.173299789428711,
    "Commodity_Index_ETF": 22.329999923706055,
    "US_Dollar_Index": 97.53199768066406,
    "ETH_price": 2613.83642578125,
    "GOLD_spot_price": 3315.300048828125,
    "LEAN_HOGS_future": 106.92500305175781,
    "COPPER_future": 5.488999843597412,
    "High_Yield_Bond_ETF": 79.98999786376953,
    "LIVE_CATTLE_future": 219.89999389648438,
    "GOLD_near_month_future": 3370.60009765625,
    "NATURAL_GAS_future": 3.3440001010894775,
    "PLATINUM_future": 1387.0999755859375,
    "SILVER_future": 36.7599983215332,
    "Long_Term_Treasury_ETF": 86.02999877929688,
    "CORN_future": 415.75,
    "SOYBEANS_future": 1019.0,
    "WHEAT_future": 549.75,
    "SP500_close": 6225.52001953125,
    "NASDAQ_close": 20418.462890625,
    "US_10Y_Treasury_Yield": 4.414999961853027,
    "VIX_close": 16.809999465942383,
    "GOLD_basis_spot_vs_near": -55.300048828125,
    "China_10Y_Treasury_Yield": 1.6444
  }
}