{
  "latest_date": "2025-09-10",
  "latest_values": {
    "Shanghai_Composite_Index": 3807.2919921875,
    "CSI_300_Index": 4436.259765625,
    "Shenzhen_Component_Index": 12510.599609375,
    "ALUMINUM_future": 2546.25,
    "BTC_price": 113745.2421875,
    "OIL_price": 63.22999954223633,
    "USD_CNY_exchange_rate": 7.129300117492676,
    "Commodity_Index_ETF": 22.239999771118164,
    "US_Dollar_Index": 97.83999633789062,
    "ETH_price": 4384.47314453125,
    "GOLD_spot_price": 3683.699951171875,
    "LEAN_HOGS_future": 96.1500015258789,
    "COPPER_future": 4.5945000648498535,
    "High_Yield_Bond_ETF": 80.77999877929688,
    "LIVE_CATTLE_future": 230.02499389648438,
    "GOLD_near_month_future": 3684.10009765625,
    "NATURAL_GAS_future": 3.010999917984009,
    "PLATINUM_future": 1397.0,
    "SILVER_future": 41.47999954223633,
    "Long_Term_Treasury_ETF": 89.2300033569336,
    "CORN_future": 419.5,
    "SOYBEANS_future": 1029.5,
    "WHEAT_future": 520.75,
    "SP500_close": 6512.60986328125,
    "NASDAQ_close": 21879.490234375,
    "US_10Y_Treasury_Yield": 4.070000171661377,
    "VIX_close": 14.75,
    "GOLD_basis_spot_vs_near": -0.400146484375,
    "China_10Y_Treasury_Yield": 1.8992
  }
}