{
  "latest_date": "2025-06-30",
  "latest_values": {
    "Shanghai_Composite_Index": 3424.22705078125,
    "CSI_300_Index": 3921.760009765625,
    "Shenzhen_Component_Index": 10378.5498046875,
    "ALUMINUM_future": 2556.25,
    "BTC_price": 108520.953125,
    "OIL_price": 65.18000030517578,
    "USD_CNY_exchange_rate": 7.167500019073486,
    "Commodity_Index_ETF": 21.799999237060547,
    "US_Dollar_Index": 97.21700286865234,
    "ETH_price": 2504.4677734375,
    "GOLD_spot_price": 3292.0,
    "LEAN_HOGS_future": 113.0999984741211,
    "COPPER_future": 5.10699987411499,
    "High_Yield_Bond_ETF": 80.33999633789062,
    "LIVE_CATTLE_future": 213.60000610351562,
    "GOLD_near_month_future": 3292.10009765625,
    "NATURAL_GAS_future": 3.6559998989105225,
    "PLATINUM_future": 1375.5999755859375,
    "SILVER_future": 36.32500076293945,
    "Long_Term_Treasury_ETF": 87.38999938964844,
    "CORN_future": 426.75,
    "SOYBEANS_future": 1026.75,
    "WHEAT_future": 539.75,
    "SP500_close": 6173.06982421875,
    "NASDAQ_close": 20273.4609375,
    "US_10Y_Treasury_Yield": 4.2829999923706055,
    "VIX_close": 16.31999969482422,
    "GOLD_basis_spot_vs_near": -0.10009765625,
    "China_10Y_Treasury_Yield": 1.6462
  }
}