{
  "latest_date": "2025-07-29",
  "latest_values": {
    "Shanghai_Composite_Index": 3609.711181640625,
    "CSI_300_Index": 4152.02490234375,
    "Shenzhen_Component_Index": 11289.40625,
    "ALUMINUM_future": 2606.25,
    "BTC_price": 117771.140625,
    "OIL_price": 67.69999694824219,
    "USD_CNY_exchange_rate": 7.153500080108643,
    "Commodity_Index_ETF": 22.430299758911133,
    "US_Dollar_Index": 98.95899963378906,
    "ETH_price": 3759.977783203125,
    "GOLD_spot_price": 3321.0,
    "LEAN_HOGS_future": 107.5250015258789,
    "COPPER_future": 5.627500057220459,
    "High_Yield_Bond_ETF": 80.52999877929688,
    "LIVE_CATTLE_future": 228.9499969482422,
    "GOLD_near_month_future": 3378.60009765625,
    "NATURAL_GAS_future": 3.0989999771118164,
    "PLATINUM_future": 1417.800048828125,
    "SILVER_future": 38.314998626708984,
    "Long_Term_Treasury_ETF": 87.19029998779297,
    "CORN_future": 410.5,
    "SOYBEANS_future": 1005.5,
    "WHEAT_future": 529.0,
    "SP500_close": 6383.830078125,
    "NASDAQ_close": 21156.396484375,
    "US_10Y_Treasury_Yield": 4.343999862670898,
    "VIX_close": 15.199999809265137,
    "GOLD_basis_spot_vs_near": -57.60009765625,
    "China_10Y_Treasury_Yield": 1.7466
  }
}