{
  "latest_date": "2025-09-05",
  "latest_values": {
    "Shanghai_Composite_Index": 3765.8759765625,
    "CSI_300_Index": 4365.20849609375,
    "Shenzhen_Component_Index": 12118.7021484375,
    "ALUMINUM_future": 2515.5,
    "BTC_price": 110597.390625,
    "OIL_price": 63.2599983215332,
    "USD_CNY_exchange_rate": 7.140900135040283,
    "Commodity_Index_ETF": 22.209999084472656,
    "US_Dollar_Index": 98.2229995727539,
    "ETH_price": 4297.35205078125,
    "GOLD_spot_price": 3612.300048828125,
    "LEAN_HOGS_future": 95.0999984741211,
    "COPPER_future": 4.567999839782715,
    "High_Yield_Bond_ETF": 80.83000183105469,
    "LIVE_CATTLE_future": 236.97500610351562,
    "GOLD_near_month_future": 3612.5,
    "NATURAL_GAS_future": 3.0799999237060547,
    "PLATINUM_future": 1386.5999755859375,
    "SILVER_future": 41.40999984741211,
    "Long_Term_Treasury_ETF": 87.2300033569336,
    "CORN_future": 420.75,
    "SOYBEANS_future": 1033.75,
    "WHEAT_future": 519.75,
    "SP500_close": 6502.080078125,
    "NASDAQ_close": 21707.693359375,
    "US_10Y_Treasury_Yield": 4.175999641418457,
    "VIX_close": 15.300000190734863,
    "GOLD_basis_spot_vs_near": -0.199951171875,
    "China_10Y_Treasury_Yield": 1.806
  }
}