{
  "latest_date": "2025-08-24",
  "latest_values": {
    "Shanghai_Composite_Index": 3825.759033203125,
    "CSI_300_Index": 4378.0,
    "Shenzhen_Component_Index": 12166.0595703125,
    "ALUMINUM_future": 2544.0,
    "BTC_price": 112616.953125,
    "OIL_price": 63.65999984741211,
    "USD_CNY_exchange_rate": 7.164599895477295,
    "Commodity_Index_ETF": 22.079999923706055,
    "US_Dollar_Index": 97.73200225830078,
    "ETH_price": 4770.5478515625,
    "GOLD_spot_price": 3418.5,
    "LEAN_HOGS_future": 91.19999694824219,
    "COPPER_future": 4.459000110626221,
    "High_Yield_Bond_ETF": 80.8499984741211,
    "LIVE_CATTLE_future": 237.875,
    "GOLD_near_month_future": 3418.5,
    "NATURAL_GAS_future": 2.697999954223633,
    "PLATINUM_future": 1363.0999755859375,
    "SILVER_future": 39.05400085449219,
    "Long_Term_Treasury_ETF": 87.05000305175781,
    "CORN_future": 411.5,
    "SOYBEANS_future": 1058.5,
    "WHEAT_future": 527.25,
    "SP500_close": 6466.91015625,
    "NASDAQ_close": 21496.5390625,
    "US_10Y_Treasury_Yield": 4.260000228881836,
    "VIX_close": 14.220000267028809,
    "GOLD_basis_spot_vs_near": 0.0,
    "China_10Y_Treasury_Yield": 1.7818
  }
}