{
  "latest_date": "2025-08-25",
  "latest_values": {
    "Shanghai_Composite_Index": 3883.561767578125,
    "CSI_300_Index": 4469.2216796875,
    "Shenzhen_Component_Index": 12441.0673828125,
    "ALUMINUM_future": 2563.75,
    "BTC_price": 110941.0390625,
    "OIL_price": 64.80000305175781,
    "USD_CNY_exchange_rate": 7.179900169372559,
    "Commodity_Index_ETF": 22.184999465942383,
    "US_Dollar_Index": 98.49600219726562,
    "ETH_price": 4443.94384765625,
    "GOLD_spot_price": 3410.5,
    "LEAN_HOGS_future": 91.42500305175781,
    "COPPER_future": 4.464000225067139,
    "High_Yield_Bond_ETF": 80.70500183105469,
    "LIVE_CATTLE_future": 236.97500610351562,
    "GOLD_near_month_future": 3410.60009765625,
    "NATURAL_GAS_future": 2.700000047683716,
    "PLATINUM_future": 1335.9000244140625,
    "SILVER_future": 38.54999923706055,
    "Long_Term_Treasury_ETF": 86.80000305175781,
    "CORN_future": 412.5,
    "SOYBEANS_future": 1047.75,
    "WHEAT_future": 529.75,
    "SP500_close": 6439.31982421875,
    "NASDAQ_close": 21449.291015625,
    "US_10Y_Treasury_Yield": 4.275000095367432,
    "VIX_close": 14.640000343322754,
    "GOLD_basis_spot_vs_near": -0.10009765625,
    "China_10Y_Treasury_Yield": 1.7643
  }
}