{
  "latest_date": "2025-09-01",
  "latest_values": {
    "Shanghai_Composite_Index": 3857.927001953125,
    "CSI_300_Index": 4496.759765625,
    "Shenzhen_Component_Index": 12696.150390625,
    "ALUMINUM_future": 2525.75,
    "BTC_price": 108137.40625,
    "OIL_price": 64.12999725341797,
    "USD_CNY_exchange_rate": 7.1529998779296875,
    "Commodity_Index_ETF": 22.209999084472656,
    "US_Dollar_Index": 97.61399841308594,
    "ETH_price": 4399.76220703125,
    "GOLD_spot_price": 3551.39990234375,
    "LEAN_HOGS_future": 95.0250015258789,
    "COPPER_future": 4.602499961853027,
    "High_Yield_Bond_ETF": 80.86000061035156,
    "LIVE_CATTLE_future": 241.89999389648438,
    "GOLD_near_month_future": 3551.39990234375,
    "NATURAL_GAS_future": 3.0380001068115234,
    "PLATINUM_future": 1398.4000244140625,
    "SILVER_future": 41.47999954223633,
    "Long_Term_Treasury_ETF": 86.5999984741211,
    "CORN_future": 398.0,
    "SOYBEANS_future": 1036.75,
    "WHEAT_future": 518.0,
    "SP500_close": 6460.259765625,
    "NASDAQ_close": 21455.55078125,
    "US_10Y_Treasury_Yield": 4.2270002365112305,
    "VIX_close": 15.359999656677246,
    "GOLD_basis_spot_vs_near": 0.0,
    "China_10Y_Treasury_Yield": 1.8379
  }
}