{
  "latest_date": "2025-08-22",
  "latest_values": {
    "Shanghai_Composite_Index": 3771.09912109375,
    "CSI_300_Index": 4288.06982421875,
    "Shenzhen_Component_Index": 11919.759765625,
    "ALUMINUM_future": 2500.75,
    "BTC_price": 113411.328125,
    "OIL_price": 63.380001068115234,
    "USD_CNY_exchange_rate": 7.1757001876831055,
    "Commodity_Index_ETF": 21.989999771118164,
    "US_Dollar_Index": 98.64700317382812,
    "ETH_price": 4300.6884765625,
    "GOLD_spot_price": 3378.89990234375,
    "LEAN_HOGS_future": 89.9000015258789,
    "COPPER_future": 4.447500228881836,
    "High_Yield_Bond_ETF": 80.19999694824219,
    "LIVE_CATTLE_future": 234.77499389648438,
    "GOLD_near_month_future": 3378.699951171875,
    "NATURAL_GAS_future": 2.813999891281128,
    "PLATINUM_future": 1354.800048828125,
    "SILVER_future": 38.1349983215332,
    "Long_Term_Treasury_ETF": 86.41000366210938,
    "CORN_future": 413.0,
    "SOYBEANS_future": 1054.5,
    "WHEAT_future": 529.5,
    "SP500_close": 6370.169921875,
    "NASDAQ_close": 21100.310546875,
    "US_10Y_Treasury_Yield": 4.329999923706055,
    "VIX_close": 16.600000381469727,
    "GOLD_basis_spot_vs_near": 0.199951171875,
    "China_10Y_Treasury_Yield": 1.7667
  }
}