{
  "latest_date": "2025-10-02",
  "latest_values": {
    "Shanghai_Composite_Index": 3882.777099609375,
    "CSI_300_Index": 4640.68994140625,
    "Shenzhen_Component_Index": 13526.509765625,
    "ALUMINUM_future": 2637.75,
    "BTC_price": 120037.9921875,
    "OIL_price": 60.720001220703125,
    "USD_CNY_exchange_rate": 7.118500232696533,
    "Commodity_Index_ETF": 22.295000076293945,
    "US_Dollar_Index": 97.9729995727539,
    "ETH_price": 4450.798828125,
    "GOLD_spot_price": 3861.199951171875,
    "LEAN_HOGS_future": 98.4749984741211,
    "COPPER_future": 4.936999797821045,
    "High_Yield_Bond_ETF": 80.88999938964844,
    "LIVE_CATTLE_future": 235.4250030517578,
    "GOLD_near_month_future": 3860.800048828125,
    "NATURAL_GAS_future": 3.506999969482422,
    "PLATINUM_future": 1577.0,
    "SILVER_future": 46.084999084472656,
    "Long_Term_Treasury_ETF": 89.56999969482422,
    "CORN_future": 418.5,
    "SOYBEANS_future": 1033.75,
    "WHEAT_future": 513.25,
    "SP500_close": 6705.77001953125,
    "NASDAQ_close": 22809.103515625,
    "US_10Y_Treasury_Yield": 4.1020002365112305,
    "VIX_close": 16.719999313354492,
    "GOLD_basis_spot_vs_near": 0.39990234375,
    "China_10Y_Treasury_Yield": 1.8605
  }
}