{
  "latest_date": "2025-08-07",
  "latest_values": {
    "Shanghai_Composite_Index": 3639.66650390625,
    "CSI_300_Index": 4114.666015625,
    "Shenzhen_Component_Index": 11157.9404296875,
    "ALUMINUM_future": 2540.0,
    "BTC_price": 117387.53125,
    "OIL_price": 63.720001220703125,
    "USD_CNY_exchange_rate": 7.1834001541137695,
    "Commodity_Index_ETF": 21.834999084472656,
    "US_Dollar_Index": 98.14800262451172,
    "ETH_price": 3858.48779296875,
    "GOLD_spot_price": 3465.199951171875,
    "LEAN_HOGS_future": 90.9000015258789,
    "COPPER_future": 4.414999961853027,
    "High_Yield_Bond_ETF": 80.2249984741211,
    "LIVE_CATTLE_future": 232.5749969482422,
    "GOLD_near_month_future": 3465.10009765625,
    "NATURAL_GAS_future": 3.0789999961853027,
    "PLATINUM_future": 1356.0,
    "SILVER_future": 38.42499923706055,
    "Long_Term_Treasury_ETF": 87.66999816894531,
    "CORN_future": 407.0,
    "SOYBEANS_future": 994.5,
    "WHEAT_future": 538.75,
    "SP500_close": 6340.0,
    "NASDAQ_close": 21242.697265625,
    "US_10Y_Treasury_Yield": 4.24399995803833,
    "VIX_close": 17.100000381469727,
    "GOLD_basis_spot_vs_near": 0.099853515625,
    "China_10Y_Treasury_Yield": 1.6894
  }
}