{
  "latest_date": "2025-09-03",
  "latest_values": {
    "Shanghai_Composite_Index": 3813.556640625,
    "CSI_300_Index": 4459.82958984375,
    "Shenzhen_Component_Index": 12471.9951171875,
    "ALUMINUM_future": 2528.5,
    "BTC_price": 112492.765625,
    "OIL_price": 63.880001068115234,
    "USD_CNY_exchange_rate": 7.13040018081665,
    "Commodity_Index_ETF": 22.377199172973633,
    "US_Dollar_Index": 98.15499877929688,
    "ETH_price": 4477.17236328125,
    "GOLD_spot_price": 3637.199951171875,
    "LEAN_HOGS_future": 93.82499694824219,
    "COPPER_future": 4.618000030517578,
    "High_Yield_Bond_ETF": 80.55999755859375,
    "LIVE_CATTLE_future": 238.375,
    "GOLD_near_month_future": 3637.300048828125,
    "NATURAL_GAS_future": 3.0510001182556152,
    "PLATINUM_future": 1454.9000244140625,
    "SILVER_future": 42.04999923706055,
    "Long_Term_Treasury_ETF": 86.6449966430664,
    "CORN_future": 418.25,
    "SOYBEANS_future": 1031.0,
    "WHEAT_future": 522.0,
    "SP500_close": 6421.3798828125,
    "NASDAQ_close": 21403.0078125,
    "US_10Y_Treasury_Yield": 4.206999778747559,
    "VIX_close": 16.860000610351562,
    "GOLD_basis_spot_vs_near": -0.10009765625,
    "China_10Y_Treasury_Yield": 1.7984
  }
}