{
  "latest_date": "2025-08-19",
  "latest_values": {
    "Shanghai_Composite_Index": 3728.027099609375,
    "CSI_300_Index": 4239.41015625,
    "Shenzhen_Component_Index": 11835.5703125,
    "ALUMINUM_future": 2495.25,
    "BTC_price": 115039.921875,
    "OIL_price": 62.95000076293945,
    "USD_CNY_exchange_rate": 7.181700229644775,
    "Commodity_Index_ETF": 21.790000915527344,
    "US_Dollar_Index": 98.18399810791016,
    "ETH_price": 4230.07470703125,
    "GOLD_spot_price": 3380.60009765625,
    "LEAN_HOGS_future": 90.30000305175781,
    "COPPER_future": 4.468999862670898,
    "High_Yield_Bond_ETF": 80.4000015258789,
    "LIVE_CATTLE_future": 230.97500610351562,
    "GOLD_near_month_future": 3380.60009765625,
    "NATURAL_GAS_future": 2.871000051498413,
    "PLATINUM_future": 1333.0,
    "SILVER_future": 37.89500045776367,
    "Long_Term_Treasury_ETF": 86.1500015258789,
    "CORN_future": 404.5,
    "SOYBEANS_future": 1044.25,
    "WHEAT_future": 522.75,
    "SP500_close": 6449.14990234375,
    "NASDAQ_close": 21629.76953125,
    "US_10Y_Treasury_Yield": 4.341000080108643,
    "VIX_close": 14.989999771118164,
    "GOLD_basis_spot_vs_near": 0.0,
    "China_10Y_Treasury_Yield": 1.7872
  }
}