{
  "latest_date": "2025-08-28",
  "latest_values": {
    "Shanghai_Composite_Index": 3800.35009765625,
    "CSI_300_Index": 4386.1298828125,
    "Shenzhen_Component_Index": 12295.0703125,
    "ALUMINUM_future": 2539.75,
    "BTC_price": 112877.7265625,
    "OIL_price": 63.79999923706055,
    "USD_CNY_exchange_rate": 7.1519999504089355,
    "Commodity_Index_ETF": 22.039100646972656,
    "US_Dollar_Index": 97.94100189208984,
    "ETH_price": 4583.5029296875,
    "GOLD_spot_price": 3466.699951171875,
    "LEAN_HOGS_future": 94.1500015258789,
    "COPPER_future": 4.519999980926514,
    "High_Yield_Bond_ETF": 80.94499969482422,
    "LIVE_CATTLE_future": 239.27499389648438,
    "GOLD_near_month_future": 3466.5,
    "NATURAL_GAS_future": 2.875999927520752,
    "PLATINUM_future": 1348.0,
    "SILVER_future": 39.67499923706055,
    "Long_Term_Treasury_ETF": 86.90499877929688,
    "CORN_future": 404.0,
    "SOYBEANS_future": 1045.75,
    "WHEAT_future": 521.25,
    "SP500_close": 6474.06005859375,
    "NASDAQ_close": 21576.77734375,
    "US_10Y_Treasury_Yield": 4.23199987411499,
    "VIX_close": 14.579999923706055,
    "GOLD_basis_spot_vs_near": 0.199951171875,
    "China_10Y_Treasury_Yield": 1.8478
  }
}