{
  "latest_date": "2025-08-05",
  "latest_values": {
    "Shanghai_Composite_Index": 3617.59765625,
    "CSI_300_Index": 4103.4501953125,
    "Shenzhen_Component_Index": 11106.95703125,
    "ALUMINUM_future": 2481.25,
    "BTC_price": 113705.21875,
    "OIL_price": 65.11000061035156,
    "USD_CNY_exchange_rate": 7.1828999519348145,
    "Commodity_Index_ETF": 21.825000762939453,
    "US_Dollar_Index": 98.79000091552734,
    "ETH_price": 3588.677978515625,
    "GOLD_spot_price": 3434.10009765625,
    "LEAN_HOGS_future": 92.7750015258789,
    "COPPER_future": 4.380499839782715,
    "High_Yield_Bond_ETF": 80.22000122070312,
    "LIVE_CATTLE_future": 227.60000610351562,
    "GOLD_near_month_future": 3434.10009765625,
    "NATURAL_GAS_future": 3.003999948501587,
    "PLATINUM_future": 1329.9000244140625,
    "SILVER_future": 37.85499954223633,
    "Long_Term_Treasury_ETF": 88.2750015258789,
    "CORN_future": 401.5,
    "SOYBEANS_future": 990.5,
    "WHEAT_future": 528.5,
    "SP500_close": 6307.25,
    "NASDAQ_close": 20931.751953125,
    "US_10Y_Treasury_Yield": 4.197999954223633,
    "VIX_close": 17.940000534057617,
    "GOLD_basis_spot_vs_near": 0.0,
    "China_10Y_Treasury_Yield": 1.7061
  }
}