{
  "latest_date": "2025-09-09",
  "latest_values": {
    "Shanghai_Composite_Index": 3807.292236328125,
    "CSI_300_Index": 4436.25830078125,
    "Shenzhen_Component_Index": 12510.5966796875,
    "ALUMINUM_future": 2552.25,
    "BTC_price": 111172.5078125,
    "OIL_price": 62.709999084472656,
    "USD_CNY_exchange_rate": 7.132500171661377,
    "Commodity_Index_ETF": 22.260000228881836,
    "US_Dollar_Index": 97.7969970703125,
    "ETH_price": 4287.15283203125,
    "GOLD_spot_price": 3679.199951171875,
    "LEAN_HOGS_future": 96.1500015258789,
    "COPPER_future": 4.57450008392334,
    "High_Yield_Bond_ETF": 80.75499725341797,
    "LIVE_CATTLE_future": 230.02499389648438,
    "GOLD_near_month_future": 3679.199951171875,
    "NATURAL_GAS_future": 3.13700008392334,
    "PLATINUM_future": 1377.9000244140625,
    "SILVER_future": 41.42499923706055,
    "Long_Term_Treasury_ETF": 89.34500122070312,
    "CORN_future": 419.5,
    "SOYBEANS_future": 1030.5,
    "WHEAT_future": 519.5,
    "SP500_close": 6508.66015625,
    "NASDAQ_close": 21849.078125,
    "US_10Y_Treasury_Yield": 4.074000358581543,
    "VIX_close": 15.100000381469727,
    "GOLD_basis_spot_vs_near": 0.0,
    "China_10Y_Treasury_Yield": 1.8641
  }
}