{
  "latest_date": "2025-07-29",
  "latest_values": {
    "Shanghai_Composite_Index": 3609.711181640625,
    "CSI_300_Index": 4152.02490234375,
    "Shenzhen_Component_Index": 11289.40625,
    "ALUMINUM_future": 2569.5,
    "BTC_price": 117701.046875,
    "OIL_price": 68.94000244140625,
    "USD_CNY_exchange_rate": 7.176400184631348,
    "Commodity_Index_ETF": 22.622900009155273,
    "US_Dollar_Index": 98.95700073242188,
    "ETH_price": 3765.869140625,
    "GOLD_spot_price": 3326.10009765625,
    "LEAN_HOGS_future": 107.375,
    "COPPER_future": 5.650000095367432,
    "High_Yield_Bond_ETF": 80.51000213623047,
    "LIVE_CATTLE_future": 229.85000610351562,
    "GOLD_near_month_future": 3383.5,
    "NATURAL_GAS_future": 3.069999933242798,
    "PLATINUM_future": 1421.9000244140625,
    "SILVER_future": 38.35499954223633,
    "Long_Term_Treasury_ETF": 87.1050033569336,
    "CORN_future": 411.75,
    "SOYBEANS_future": 1009.0,
    "WHEAT_future": 530.0,
    "SP500_close": 6377.64013671875,
    "NASDAQ_close": 21152.283203125,
    "US_10Y_Treasury_Yield": 4.334000110626221,
    "VIX_close": 15.520000457763672,
    "GOLD_basis_spot_vs_near": -57.39990234375,
    "China_10Y_Treasury_Yield": 1.7466
  }
}