{
  "latest_date": "2025-07-18",
  "latest_values": {
    "Shanghai_Composite_Index": 3534.482666015625,
    "CSI_300_Index": 4058.548583984375,
    "Shenzhen_Component_Index": 10913.8388671875,
    "ALUMINUM_future": 2428.75,
    "BTC_price": 117576.796875,
    "OIL_price": 67.31999969482422,
    "USD_CNY_exchange_rate": 7.177700042724609,
    "Commodity_Index_ETF": 22.53499984741211,
    "US_Dollar_Index": 98.44400024414062,
    "ETH_price": 3600.19140625,
    "GOLD_spot_price": 3358.699951171875,
    "LEAN_HOGS_future": 106.5,
    "COPPER_future": 5.60099983215332,
    "High_Yield_Bond_ETF": 80.24500274658203,
    "LIVE_CATTLE_future": 223.375,
    "GOLD_near_month_future": 3414.39990234375,
    "NATURAL_GAS_future": 3.5139999389648438,
    "PLATINUM_future": 1460.4000244140625,
    "SILVER_future": 38.529998779296875,
    "Long_Term_Treasury_ETF": 85.38500213623047,
    "CORN_future": 427.5,
    "SOYBEANS_future": 1034.25,
    "WHEAT_future": 547.0,
    "SP500_close": 6293.72021484375,
    "NASDAQ_close": 20886.14453125,
    "US_10Y_Treasury_Yield": 4.420000076293945,
    "VIX_close": 16.68000030517578,
    "GOLD_basis_spot_vs_near": -55.699951171875,
    "China_10Y_Treasury_Yield": 1.6652
  }
}