{
  "latest_date": "2025-07-18",
  "latest_values": {
    "Shanghai_Composite_Index": 3534.482666015625,
    "CSI_300_Index": 4058.548583984375,
    "Shenzhen_Component_Index": 10913.8388671875,
    "ALUMINUM_future": 2428.75,
    "BTC_price": 117377.59375,
    "OIL_price": 67.4800033569336,
    "USD_CNY_exchange_rate": 7.178500175476074,
    "Commodity_Index_ETF": 22.56999969482422,
    "US_Dollar_Index": 98.48899841308594,
    "ETH_price": 3557.902587890625,
    "GOLD_spot_price": 3357.300048828125,
    "LEAN_HOGS_future": 106.5,
    "COPPER_future": 5.5960001945495605,
    "High_Yield_Bond_ETF": 80.21499633789062,
    "LIVE_CATTLE_future": 223.3000030517578,
    "GOLD_near_month_future": 3414.0,
    "NATURAL_GAS_future": 3.572000026702881,
    "PLATINUM_future": 1461.5999755859375,
    "SILVER_future": 38.47999954223633,
    "Long_Term_Treasury_ETF": 85.30500030517578,
    "CORN_future": 428.0,
    "SOYBEANS_future": 1035.0,
    "WHEAT_future": 547.0,
    "SP500_close": 6291.52001953125,
    "NASDAQ_close": 20877.4609375,
    "US_10Y_Treasury_Yield": 4.432000160217285,
    "VIX_close": 16.610000610351562,
    "GOLD_basis_spot_vs_near": -56.699951171875,
    "China_10Y_Treasury_Yield": 1.6652
  }
}