{
  "latest_date": "2025-09-15",
  "latest_values": {
    "Shanghai_Composite_Index": 3870.597900390625,
    "CSI_300_Index": 4522.0,
    "Shenzhen_Component_Index": 12924.1298828125,
    "ALUMINUM_future": 2617.0,
    "BTC_price": 116032.4609375,
    "OIL_price": 63.060001373291016,
    "USD_CNY_exchange_rate": 7.1184000968933105,
    "Commodity_Index_ETF": 22.350000381469727,
    "US_Dollar_Index": 97.58499908447266,
    "ETH_price": 4658.70068359375,
    "GOLD_spot_price": 3683.10009765625,
    "LEAN_HOGS_future": 97.07499694824219,
    "COPPER_future": 4.665999889373779,
    "High_Yield_Bond_ETF": 80.95999908447266,
    "LIVE_CATTLE_future": 229.89999389648438,
    "GOLD_near_month_future": 3683.0,
    "NATURAL_GAS_future": 2.9690001010894775,
    "PLATINUM_future": 1412.5999755859375,
    "SILVER_future": 42.790000915527344,
    "Long_Term_Treasury_ETF": 89.94999694824219,
    "CORN_future": 426.5,
    "SOYBEANS_future": 1042.75,
    "WHEAT_future": 523.5,
    "SP500_close": 6584.2900390625,
    "NASDAQ_close": 22141.099609375,
    "US_10Y_Treasury_Yield": 4.060999870300293,
    "VIX_close": 14.760000228881836,
    "GOLD_basis_spot_vs_near": 0.10009765625,
    "China_10Y_Treasury_Yield": 1.867
  }
}