{
  "latest_date": "2025-07-07",
  "latest_values": {
    "Shanghai_Composite_Index": 3472.319091796875,
    "CSI_300_Index": 3982.199951171875,
    "Shenzhen_Component_Index": 10508.759765625,
    "ALUMINUM_future": 2512.75,
    "BTC_price": 109057.0703125,
    "OIL_price": 66.68000030517578,
    "USD_CNY_exchange_rate": 7.164899826049805,
    "Commodity_Index_ETF": 22.280000686645508,
    "US_Dollar_Index": 97.25700378417969,
    "ETH_price": 2577.03271484375,
    "GOLD_spot_price": 3311.300048828125,
    "LEAN_HOGS_future": 107.9749984741211,
    "COPPER_future": 5.017499923706055,
    "High_Yield_Bond_ETF": 80.37000274658203,
    "LIVE_CATTLE_future": 214.0500030517578,
    "GOLD_near_month_future": 3366.0,
    "NATURAL_GAS_future": 3.2839999198913574,
    "PLATINUM_future": 1371.0999755859375,
    "SILVER_future": 36.66999816894531,
    "Long_Term_Treasury_ETF": 86.97000122070312,
    "CORN_future": 422.75,
    "SOYBEANS_future": 1026.0,
    "WHEAT_future": 542.5,
    "SP500_close": 6279.35009765625,
    "NASDAQ_close": 20601.099609375,
    "US_10Y_Treasury_Yield": 4.3480000495910645,
    "VIX_close": 17.860000610351562,
    "GOLD_basis_spot_vs_near": -54.699951171875,
    "China_10Y_Treasury_Yield": 1.6433
  }
}