{
  "latest_date": "2025-07-14",
  "latest_values": {
    "Shanghai_Composite_Index": 3519.64990234375,
    "CSI_300_Index": 4017.667724609375,
    "Shenzhen_Component_Index": 10696.099609375,
    "ALUMINUM_future": 2493.25,
    "BTC_price": 120935.734375,
    "OIL_price": 68.06999969482422,
    "USD_CNY_exchange_rate": 7.166500091552734,
    "Commodity_Index_ETF": 22.434999465942383,
    "US_Dollar_Index": 97.97200012207031,
    "ETH_price": 3026.444580078125,
    "GOLD_spot_price": 3350.300048828125,
    "LEAN_HOGS_future": 103.125,
    "COPPER_future": 5.543000221252441,
    "High_Yield_Bond_ETF": 80.04000091552734,
    "LIVE_CATTLE_future": 220.52499389648438,
    "GOLD_near_month_future": 3406.5,
    "NATURAL_GAS_future": 3.4600000381469727,
    "PLATINUM_future": 1419.0999755859375,
    "SILVER_future": 38.665000915527344,
    "Long_Term_Treasury_ETF": 85.40499877929688,
    "CORN_future": 416.5,
    "SOYBEANS_future": 1009.25,
    "WHEAT_future": 541.0,
    "SP500_close": 6255.35009765625,
    "NASDAQ_close": 20628.990234375,
    "US_10Y_Treasury_Yield": 4.434999942779541,
    "VIX_close": 17.239999771118164,
    "GOLD_basis_spot_vs_near": -56.199951171875,
    "China_10Y_Treasury_Yield": 1.6726
  }
}