{
  "latest_date": "2025-08-09",
  "latest_values": {
    "Shanghai_Composite_Index": 3635.1279296875,
    "CSI_300_Index": 4104.97021484375,
    "Shenzhen_Component_Index": 11128.669921875,
    "ALUMINUM_future": 2501.75,
    "BTC_price": 116870.359375,
    "OIL_price": 63.880001068115234,
    "USD_CNY_exchange_rate": 7.183899879455566,
    "Commodity_Index_ETF": 21.84000015258789,
    "US_Dollar_Index": 98.18000030517578,
    "ETH_price": 4169.837890625,
    "GOLD_spot_price": 3439.10009765625,
    "LEAN_HOGS_future": 108.9000015258789,
    "COPPER_future": 4.45550012588501,
    "High_Yield_Bond_ETF": 80.22000122070312,
    "LIVE_CATTLE_future": 232.5500030517578,
    "GOLD_near_month_future": 3439.10009765625,
    "NATURAL_GAS_future": 2.990000009536743,
    "PLATINUM_future": 1325.5999755859375,
    "SILVER_future": 38.41699981689453,
    "Long_Term_Treasury_ETF": 87.29000091552734,
    "CORN_future": 382.75,
    "SOYBEANS_future": 966.75,
    "WHEAT_future": 514.5,
    "SP500_close": 6389.4501953125,
    "NASDAQ_close": 21450.01953125,
    "US_10Y_Treasury_Yield": 4.284999847412109,
    "VIX_close": 15.149999618530273,
    "GOLD_basis_spot_vs_near": 0.0,
    "China_10Y_Treasury_Yield": 1.6891
  }
}