{
  "latest_date": "2025-08-07",
  "latest_values": {
    "Shanghai_Composite_Index": 3633.9951171875,
    "CSI_300_Index": 4113.47998046875,
    "Shenzhen_Component_Index": 11177.7802734375,
    "ALUMINUM_future": 2547.5,
    "BTC_price": 116509.5625,
    "OIL_price": 64.48999786376953,
    "USD_CNY_exchange_rate": 7.1834001541137695,
    "Commodity_Index_ETF": 21.895000457763672,
    "US_Dollar_Index": 98.24199676513672,
    "ETH_price": 3846.604248046875,
    "GOLD_spot_price": 3452.0,
    "LEAN_HOGS_future": 91.2249984741211,
    "COPPER_future": 4.433499813079834,
    "High_Yield_Bond_ETF": 80.31500244140625,
    "LIVE_CATTLE_future": 229.10000610351562,
    "GOLD_near_month_future": 3451.89990234375,
    "NATURAL_GAS_future": 3.0789999961853027,
    "PLATINUM_future": 1355.199951171875,
    "SILVER_future": 38.54499816894531,
    "Long_Term_Treasury_ETF": 88.13500213623047,
    "CORN_future": 406.25,
    "SOYBEANS_future": 988.75,
    "WHEAT_future": 538.25,
    "SP500_close": 6370.72998046875,
    "NASDAQ_close": 21362.728515625,
    "US_10Y_Treasury_Yield": 4.2270002365112305,
    "VIX_close": 16.360000610351562,
    "GOLD_basis_spot_vs_near": 0.10009765625,
    "China_10Y_Treasury_Yield": 1.6894
  }
}