{
  "latest_date": "2025-07-14",
  "latest_values": {
    "Shanghai_Composite_Index": 3510.177001953125,
    "CSI_300_Index": 4014.81005859375,
    "Shenzhen_Component_Index": 10696.099609375,
    "ALUMINUM_future": 2472.25,
    "BTC_price": 121789.59375,
    "OIL_price": 69.41000366210938,
    "USD_CNY_exchange_rate": 7.166500091552734,
    "Commodity_Index_ETF": 22.510000228881836,
    "US_Dollar_Index": 97.87100219726562,
    "ETH_price": 3065.30029296875,
    "GOLD_spot_price": 3382.89990234375,
    "LEAN_HOGS_future": 104.67500305175781,
    "COPPER_future": 5.506999969482422,
    "High_Yield_Bond_ETF": 80.02999877929688,
    "LIVE_CATTLE_future": 222.1999969482422,
    "GOLD_near_month_future": 3437.89990234375,
    "NATURAL_GAS_future": 3.486999988555908,
    "PLATINUM_future": 1454.0999755859375,
    "SILVER_future": 39.40999984741211,
    "Long_Term_Treasury_ETF": 85.79000091552734,
    "CORN_future": 414.0,
    "SOYBEANS_future": 1010.25,
    "WHEAT_future": 548.25,
    "SP500_close": 6259.75,
    "NASDAQ_close": 20585.529296875,
    "US_10Y_Treasury_Yield": 4.422999858856201,
    "VIX_close": 17.5,
    "GOLD_basis_spot_vs_near": -55.0,
    "China_10Y_Treasury_Yield": 1.6726
  }
}