{
  "latest_date": "2025-08-29",
  "latest_values": {
    "Shanghai_Composite_Index": 3857.927490234375,
    "CSI_300_Index": 4496.75927734375,
    "Shenzhen_Component_Index": 12696.150390625,
    "ALUMINUM_future": 2535.25,
    "BTC_price": 108156.3984375,
    "OIL_price": 63.9900016784668,
    "USD_CNY_exchange_rate": 7.1529998779296875,
    "Commodity_Index_ETF": 22.21500015258789,
    "US_Dollar_Index": 97.7760009765625,
    "ETH_price": 4344.7333984375,
    "GOLD_spot_price": 3515.300048828125,
    "LEAN_HOGS_future": 95.0,
    "COPPER_future": 4.58050012588501,
    "High_Yield_Bond_ETF": 80.875,
    "LIVE_CATTLE_future": 239.8000030517578,
    "GOLD_near_month_future": 3515.300048828125,
    "NATURAL_GAS_future": 3.0160000324249268,
    "PLATINUM_future": 1373.699951171875,
    "SILVER_future": 40.849998474121094,
    "Long_Term_Treasury_ETF": 86.5999984741211,
    "CORN_future": 420.0,
    "SOYBEANS_future": 1053.0,
    "WHEAT_future": 533.75,
    "SP500_close": 6460.259765625,
    "NASDAQ_close": 21455.552734375,
    "US_10Y_Treasury_Yield": 4.2270002365112305,
    "VIX_close": 15.4399995803833,
    "GOLD_basis_spot_vs_near": 0.0,
    "China_10Y_Treasury_Yield": 1.8379
  }
}