{
  "latest_date": "2025-07-28",
  "latest_values": {
    "Shanghai_Composite_Index": 3597.93701171875,
    "CSI_300_Index": 4135.82421875,
    "Shenzhen_Component_Index": 11217.5810546875,
    "ALUMINUM_future": 2587.75,
    "BTC_price": 118173.875,
    "OIL_price": 66.9800033569336,
    "USD_CNY_exchange_rate": 7.177299976348877,
    "Commodity_Index_ETF": 22.399999618530273,
    "US_Dollar_Index": 98.6500015258789,
    "ETH_price": 3793.3193359375,
    "GOLD_spot_price": 3314.0,
    "LEAN_HOGS_future": 108.3499984741211,
    "COPPER_future": 5.619999885559082,
    "High_Yield_Bond_ETF": 80.44999694824219,
    "LIVE_CATTLE_future": 227.75,
    "GOLD_near_month_future": 3370.89990234375,
    "NATURAL_GAS_future": 3.0320000648498535,
    "PLATINUM_future": 1424.5999755859375,
    "SILVER_future": 38.33000183105469,
    "Long_Term_Treasury_ETF": 85.87000274658203,
    "CORN_future": 413.25,
    "SOYBEANS_future": 1011.5,
    "WHEAT_future": 538.25,
    "SP500_close": 6389.77001953125,
    "NASDAQ_close": 21178.583984375,
    "US_10Y_Treasury_Yield": 4.420000076293945,
    "VIX_close": 15.029999732971191,
    "GOLD_basis_spot_vs_near": -56.89990234375,
    "China_10Y_Treasury_Yield": 1.7146
  }
}