{
  "latest_date": "2025-09-19",
  "latest_values": {
    "Shanghai_Composite_Index": 3831.656005859375,
    "CSI_300_Index": 4498.10986328125,
    "Shenzhen_Component_Index": 13075.66015625,
    "ALUMINUM_future": 2613.5,
    "BTC_price": 116286.640625,
    "OIL_price": 62.81999969482422,
    "USD_CNY_exchange_rate": 7.103300094604492,
    "Commodity_Index_ETF": 22.440000534057617,
    "US_Dollar_Index": 97.78500366210938,
    "ETH_price": 4518.53662109375,
    "GOLD_spot_price": 3681.300048828125,
    "LEAN_HOGS_future": 97.5,
    "COPPER_future": 4.605000019073486,
    "High_Yield_Bond_ETF": 81.2300033569336,
    "LIVE_CATTLE_future": 232.39999389648438,
    "GOLD_near_month_future": 3681.10009765625,
    "NATURAL_GAS_future": 2.890000104904175,
    "PLATINUM_future": 1395.0999755859375,
    "SILVER_future": 42.255001068115234,
    "Long_Term_Treasury_ETF": 89.19000244140625,
    "CORN_future": 426.5,
    "SOYBEANS_future": 1042.5,
    "WHEAT_future": 525.0,
    "SP500_close": 6631.9599609375,
    "NASDAQ_close": 22470.720703125,
    "US_10Y_Treasury_Yield": 4.134999752044678,
    "VIX_close": 15.430000305175781,
    "GOLD_basis_spot_vs_near": 0.199951171875,
    "China_10Y_Treasury_Yield": 1.8789
  }
}