{
  "latest_date": "2025-07-24",
  "latest_values": {
    "Shanghai_Composite_Index": 3582.298095703125,
    "CSI_300_Index": 4119.77001953125,
    "Shenzhen_Component_Index": 11059.0400390625,
    "ALUMINUM_future": 2636.5,
    "BTC_price": 118455.96875,
    "OIL_price": 65.98999786376953,
    "USD_CNY_exchange_rate": 7.156300067901611,
    "Commodity_Index_ETF": 22.354799270629883,
    "US_Dollar_Index": 97.2509994506836,
    "ETH_price": 3647.481689453125,
    "GOLD_spot_price": 3370.300048828125,
    "LEAN_HOGS_future": 108.2249984741211,
    "COPPER_future": 5.815999984741211,
    "High_Yield_Bond_ETF": 80.46499633789062,
    "LIVE_CATTLE_future": 225.35000610351562,
    "GOLD_near_month_future": 3428.5,
    "NATURAL_GAS_future": 3.1410000324249268,
    "PLATINUM_future": 1444.0,
    "SILVER_future": 39.25,
    "Long_Term_Treasury_ETF": 85.90499877929688,
    "CORN_future": 419.25,
    "SOYBEANS_future": 1023.5,
    "WHEAT_future": 540.75,
    "SP500_close": 6373.08984375,
    "NASDAQ_close": 21063.37890625,
    "US_10Y_Treasury_Yield": 4.415999889373779,
    "VIX_close": 15.09000015258789,
    "GOLD_basis_spot_vs_near": -58.199951171875,
    "China_10Y_Treasury_Yield": 1.7376
  }
}