{
  "latest_date": "2025-08-15",
  "latest_values": {
    "Shanghai_Composite_Index": 3683.465087890625,
    "CSI_300_Index": 4176.580078125,
    "Shenzhen_Component_Index": 11551.3701171875,
    "ALUMINUM_future": 2552.5,
    "BTC_price": 118544.921875,
    "OIL_price": 63.849998474121094,
    "USD_CNY_exchange_rate": 7.174300193786621,
    "Commodity_Index_ETF": 21.84000015258789,
    "US_Dollar_Index": 98.1709976196289,
    "ETH_price": 4587.39208984375,
    "GOLD_spot_price": 3379.0,
    "LEAN_HOGS_future": 88.9000015258789,
    "COPPER_future": 4.479000091552734,
    "High_Yield_Bond_ETF": 80.4000015258789,
    "LIVE_CATTLE_future": 226.77499389648438,
    "GOLD_near_month_future": 3379.300048828125,
    "NATURAL_GAS_future": 2.8480000495910645,
    "PLATINUM_future": 1361.199951171875,
    "SILVER_future": 37.900001525878906,
    "Long_Term_Treasury_ETF": 87.0199966430664,
    "CORN_future": 397.0,
    "SOYBEANS_future": 1029.75,
    "WHEAT_future": 524.5,
    "SP500_close": 6468.5400390625,
    "NASDAQ_close": 21710.669921875,
    "US_10Y_Treasury_Yield": 4.293000221252441,
    "VIX_close": 14.829999923706055,
    "GOLD_basis_spot_vs_near": -0.300048828125,
    "China_10Y_Treasury_Yield": 1.7341
  }
}