{
  "latest_date": "2025-07-10",
  "latest_values": {
    "Shanghai_Composite_Index": 3493.050048828125,
    "CSI_300_Index": 3991.39990234375,
    "Shenzhen_Component_Index": 10581.7998046875,
    "ALUMINUM_future": 2542.0,
    "BTC_price": 111120.6328125,
    "OIL_price": 68.27999877929688,
    "USD_CNY_exchange_rate": 7.173799991607666,
    "Commodity_Index_ETF": 22.290000915527344,
    "US_Dollar_Index": 97.36599731445312,
    "ETH_price": 2779.843505859375,
    "GOLD_spot_price": 3327.60009765625,
    "LEAN_HOGS_future": 107.5250015258789,
    "COPPER_future": 5.622000217437744,
    "High_Yield_Bond_ETF": 80.20999908447266,
    "LIVE_CATTLE_future": 220.125,
    "GOLD_near_month_future": 3383.300048828125,
    "NATURAL_GAS_future": 3.2109999656677246,
    "PLATINUM_future": 1384.699951171875,
    "SILVER_future": 36.65999984741211,
    "Long_Term_Treasury_ETF": 86.93000030517578,
    "CORN_future": 413.5,
    "SOYBEANS_future": 1009.25,
    "WHEAT_future": 542.5,
    "SP500_close": 6263.259765625,
    "NASDAQ_close": 20611.33984375,
    "US_10Y_Treasury_Yield": 4.3420000076293945,
    "VIX_close": 15.9399995803833,
    "GOLD_basis_spot_vs_near": -55.699951171875,
    "China_10Y_Treasury_Yield": 1.6446
  }
}