{
  "latest_date": "2025-07-10",
  "latest_values": {
    "Shanghai_Composite_Index": 3493.050048828125,
    "CSI_300_Index": 3991.39990234375,
    "Shenzhen_Component_Index": 10581.7998046875,
    "ALUMINUM_future": 2545.0,
    "BTC_price": 111203.0390625,
    "OIL_price": 68.30999755859375,
    "USD_CNY_exchange_rate": 7.173799991607666,
    "Commodity_Index_ETF": 22.290000915527344,
    "US_Dollar_Index": 97.4229965209961,
    "ETH_price": 2791.236572265625,
    "GOLD_spot_price": 3329.199951171875,
    "LEAN_HOGS_future": 107.5250015258789,
    "COPPER_future": 5.623499870300293,
    "High_Yield_Bond_ETF": 80.20999908447266,
    "LIVE_CATTLE_future": 220.125,
    "GOLD_near_month_future": 3384.10009765625,
    "NATURAL_GAS_future": 3.2279999256134033,
    "PLATINUM_future": 1397.9000244140625,
    "SILVER_future": 36.79999923706055,
    "Long_Term_Treasury_ETF": 86.93000030517578,
    "CORN_future": 413.0,
    "SOYBEANS_future": 1006.0,
    "WHEAT_future": 544.75,
    "SP500_close": 6263.259765625,
    "NASDAQ_close": 20611.33984375,
    "US_10Y_Treasury_Yield": 4.3420000076293945,
    "VIX_close": 16.1200008392334,
    "GOLD_basis_spot_vs_near": -54.900146484375,
    "China_10Y_Treasury_Yield": 1.6446
  }
}