{
  "latest_date": "2025-09-18",
  "latest_values": {
    "Shanghai_Composite_Index": 3831.65625,
    "CSI_300_Index": 4498.10888671875,
    "Shenzhen_Component_Index": 13215.4599609375,
    "ALUMINUM_future": 2626.5,
    "BTC_price": 117827.921875,
    "OIL_price": 63.61000061035156,
    "USD_CNY_exchange_rate": 7.114200115203857,
    "Commodity_Index_ETF": 22.42060089111328,
    "US_Dollar_Index": 97.41500091552734,
    "ETH_price": 4616.30078125,
    "GOLD_spot_price": 3676.89990234375,
    "LEAN_HOGS_future": 97.67500305175781,
    "COPPER_future": 4.603000164031982,
    "High_Yield_Bond_ETF": 81.24500274658203,
    "LIVE_CATTLE_future": 231.75,
    "GOLD_near_month_future": 3676.89990234375,
    "NATURAL_GAS_future": 2.947000026702881,
    "PLATINUM_future": 1394.9000244140625,
    "SILVER_future": 42.05500030517578,
    "Long_Term_Treasury_ETF": 89.29000091552734,
    "CORN_future": 424.0,
    "SOYBEANS_future": 1035.5,
    "WHEAT_future": 525.0,
    "SP500_close": 6641.47998046875,
    "NASDAQ_close": 22503.07421875,
    "US_10Y_Treasury_Yield": 4.122000217437744,
    "VIX_close": 15.640000343322754,
    "GOLD_basis_spot_vs_near": 0.0,
    "China_10Y_Treasury_Yield": 1.8546
  }
}