{
  "latest_date": "2025-08-15",
  "latest_values": {
    "Shanghai_Composite_Index": 3666.443115234375,
    "CSI_300_Index": 4173.31005859375,
    "Shenzhen_Component_Index": 11451.4296875,
    "ALUMINUM_future": 2539.75,
    "BTC_price": 119066.6015625,
    "OIL_price": 63.560001373291016,
    "USD_CNY_exchange_rate": 7.174300193786621,
    "Commodity_Index_ETF": 21.84000015258789,
    "US_Dollar_Index": 97.89800262451172,
    "ETH_price": 4640.1630859375,
    "GOLD_spot_price": 3392.39990234375,
    "LEAN_HOGS_future": 88.9000015258789,
    "COPPER_future": 4.488999843597412,
    "High_Yield_Bond_ETF": 80.4000015258789,
    "LIVE_CATTLE_future": 226.77499389648438,
    "GOLD_near_month_future": 3392.39990234375,
    "NATURAL_GAS_future": 2.86899995803833,
    "PLATINUM_future": 1373.0999755859375,
    "SILVER_future": 38.07500076293945,
    "Long_Term_Treasury_ETF": 87.0199966430664,
    "CORN_future": 398.0,
    "SOYBEANS_future": 1031.25,
    "WHEAT_future": 524.25,
    "SP500_close": 6468.5400390625,
    "NASDAQ_close": 21710.669921875,
    "US_10Y_Treasury_Yield": 4.293000221252441,
    "VIX_close": 14.449999809265137,
    "GOLD_basis_spot_vs_near": 0.0,
    "China_10Y_Treasury_Yield": 1.7341
  }
}