{
  "latest_date": "2025-09-29",
  "latest_values": {
    "Shanghai_Composite_Index": 3828.10595703125,
    "CSI_300_Index": 4550.0498046875,
    "Shenzhen_Component_Index": 13209.0,
    "ALUMINUM_future": 2612.75,
    "BTC_price": 112154.40625,
    "OIL_price": 64.5999984741211,
    "USD_CNY_exchange_rate": 7.133800029754639,
    "Commodity_Index_ETF": 22.809999465942383,
    "US_Dollar_Index": 97.96399688720703,
    "ETH_price": 4134.81591796875,
    "GOLD_spot_price": 3840.0,
    "LEAN_HOGS_future": 91.05000305175781,
    "COPPER_future": 4.807000160217285,
    "High_Yield_Bond_ETF": 81.08000183105469,
    "LIVE_CATTLE_future": 231.8000030517578,
    "GOLD_near_month_future": 3840.0,
    "NATURAL_GAS_future": 3.2070000171661377,
    "PLATINUM_future": 1636.4000244140625,
    "SILVER_future": 47.07500076293945,
    "Long_Term_Treasury_ETF": 88.9000015258789,
    "CORN_future": 420.0,
    "SOYBEANS_future": 1010.25,
    "WHEAT_future": 520.25,
    "SP500_close": 6643.7001953125,
    "NASDAQ_close": 22484.0703125,
    "US_10Y_Treasury_Yield": 4.186999797821045,
    "VIX_close": 15.850000381469727,
    "GOLD_basis_spot_vs_near": 0.0,
    "China_10Y_Treasury_Yield": 1.887
  }
}