{
  "latest_date": "2025-07-21",
  "latest_values": {
    "Shanghai_Composite_Index": 3559.791259765625,
    "CSI_300_Index": 4085.607177734375,
    "Shenzhen_Component_Index": 11007.4873046875,
    "ALUMINUM_future": 2605.0,
    "BTC_price": 117256.0234375,
    "OIL_price": 67.06999969482422,
    "USD_CNY_exchange_rate": 7.17549991607666,
    "Commodity_Index_ETF": 22.479999542236328,
    "US_Dollar_Index": 97.85600280761719,
    "ETH_price": 3753.95947265625,
    "GOLD_spot_price": 3410.300048828125,
    "LEAN_HOGS_future": 107.30000305175781,
    "COPPER_future": 5.640500068664551,
    "High_Yield_Bond_ETF": 80.36000061035156,
    "LIVE_CATTLE_future": 225.1750030517578,
    "GOLD_near_month_future": 3467.199951171875,
    "NATURAL_GAS_future": 3.318000078201294,
    "PLATINUM_future": 1493.0999755859375,
    "SILVER_future": 39.2400016784668,
    "Long_Term_Treasury_ETF": 86.0,
    "CORN_future": 422.5,
    "SOYBEANS_future": 1026.75,
    "WHEAT_future": 541.75,
    "SP500_close": 6305.60009765625,
    "NASDAQ_close": 20974.173828125,
    "US_10Y_Treasury_Yield": 4.372000217437744,
    "VIX_close": 16.649999618530273,
    "GOLD_basis_spot_vs_near": -56.89990234375,
    "China_10Y_Treasury_Yield": 1.6774
  }
}