{
  "latest_date": "2025-07-11",
  "latest_values": {
    "Shanghai_Composite_Index": 3510.17724609375,
    "CSI_300_Index": 4014.806884765625,
    "Shenzhen_Component_Index": 10631.1298828125,
    "ALUMINUM_future": 2530.75,
    "BTC_price": 117909.109375,
    "OIL_price": 68.12000274658203,
    "USD_CNY_exchange_rate": 7.179999828338623,
    "Commodity_Index_ETF": 22.459299087524414,
    "US_Dollar_Index": 97.83499908447266,
    "ETH_price": 2992.609130859375,
    "GOLD_spot_price": 3374.39990234375,
    "LEAN_HOGS_future": 106.19999694824219,
    "COPPER_future": 5.543499946594238,
    "High_Yield_Bond_ETF": 79.97000122070312,
    "LIVE_CATTLE_future": 221.77499389648438,
    "GOLD_near_month_future": 3430.0,
    "NATURAL_GAS_future": 3.4019999504089355,
    "PLATINUM_future": 1456.9000244140625,
    "SILVER_future": 38.77000045776367,
    "Long_Term_Treasury_ETF": 86.05999755859375,
    "CORN_future": 414.0,
    "SOYBEANS_future": 1011.25,
    "WHEAT_future": 551.0,
    "SP500_close": 6256.4599609375,
    "NASDAQ_close": 20590.814453125,
    "US_10Y_Treasury_Yield": 4.404999732971191,
    "VIX_close": 16.440000534057617,
    "GOLD_basis_spot_vs_near": -55.60009765625,
    "China_10Y_Treasury_Yield": 1.6653
  }
}