{
  "latest_date": "2025-07-18",
  "latest_values": {
    "Shanghai_Composite_Index": 3534.482666015625,
    "CSI_300_Index": 4058.548583984375,
    "Shenzhen_Component_Index": 10913.8388671875,
    "ALUMINUM_future": 2428.75,
    "BTC_price": 117397.046875,
    "OIL_price": 67.33999633789062,
    "USD_CNY_exchange_rate": 7.17710018157959,
    "Commodity_Index_ETF": 22.530000686645508,
    "US_Dollar_Index": 98.48100280761719,
    "ETH_price": 3543.150146484375,
    "GOLD_spot_price": 3353.5,
    "LEAN_HOGS_future": 106.5,
    "COPPER_future": 5.583499908447266,
    "High_Yield_Bond_ETF": 80.25499725341797,
    "LIVE_CATTLE_future": 223.3000030517578,
    "GOLD_near_month_future": 3410.39990234375,
    "NATURAL_GAS_future": 3.5799999237060547,
    "PLATINUM_future": 1458.0,
    "SILVER_future": 38.380001068115234,
    "Long_Term_Treasury_ETF": 85.23999786376953,
    "CORN_future": 428.0,
    "SOYBEANS_future": 1035.0,
    "WHEAT_future": 547.0,
    "SP500_close": 6296.7900390625,
    "NASDAQ_close": 20895.65625,
    "US_10Y_Treasury_Yield": 4.432000160217285,
    "VIX_close": 16.510000228881836,
    "GOLD_basis_spot_vs_near": -56.89990234375,
    "China_10Y_Treasury_Yield": 1.6652
  }
}