{
  "latest_date": "2025-08-19",
  "latest_values": {
    "Shanghai_Composite_Index": 3728.027099609375,
    "CSI_300_Index": 4239.41015625,
    "Shenzhen_Component_Index": 11835.5703125,
    "ALUMINUM_future": 2504.25,
    "BTC_price": 115378.3046875,
    "OIL_price": 62.970001220703125,
    "USD_CNY_exchange_rate": 7.181700229644775,
    "Commodity_Index_ETF": 21.790000915527344,
    "US_Dollar_Index": 98.15799713134766,
    "ETH_price": 4234.52880859375,
    "GOLD_spot_price": 3381.39990234375,
    "LEAN_HOGS_future": 90.30000305175781,
    "COPPER_future": 4.479000091552734,
    "High_Yield_Bond_ETF": 80.4000015258789,
    "LIVE_CATTLE_future": 230.97500610351562,
    "GOLD_near_month_future": 3381.300048828125,
    "NATURAL_GAS_future": 2.882999897003174,
    "PLATINUM_future": 1336.199951171875,
    "SILVER_future": 37.94499969482422,
    "Long_Term_Treasury_ETF": 86.1500015258789,
    "CORN_future": 404.75,
    "SOYBEANS_future": 1045.25,
    "WHEAT_future": 523.25,
    "SP500_close": 6449.14990234375,
    "NASDAQ_close": 21629.76953125,
    "US_10Y_Treasury_Yield": 4.341000080108643,
    "VIX_close": 14.989999771118164,
    "GOLD_basis_spot_vs_near": 0.099853515625,
    "China_10Y_Treasury_Yield": 1.7872
  }
}