{
  "latest_date": "2025-07-11",
  "latest_values": {
    "Shanghai_Composite_Index": 3509.681884765625,
    "CSI_300_Index": 4010.02001953125,
    "Shenzhen_Component_Index": 10631.1298828125,
    "ALUMINUM_future": 2547.5,
    "BTC_price": 117660.2265625,
    "OIL_price": 66.87000274658203,
    "USD_CNY_exchange_rate": 7.179999828338623,
    "Commodity_Index_ETF": 22.219999313354492,
    "US_Dollar_Index": 97.77200317382812,
    "ETH_price": 2975.790283203125,
    "GOLD_spot_price": 3350.89990234375,
    "LEAN_HOGS_future": 106.25,
    "COPPER_future": 5.5395002365112305,
    "High_Yield_Bond_ETF": 80.12999725341797,
    "LIVE_CATTLE_future": 219.0749969482422,
    "GOLD_near_month_future": 3405.800048828125,
    "NATURAL_GAS_future": 3.3420000076293945,
    "PLATINUM_future": 1409.9000244140625,
    "SILVER_future": 38.15999984741211,
    "Long_Term_Treasury_ETF": 86.98999786376953,
    "CORN_future": 415.75,
    "SOYBEANS_future": 1014.0,
    "WHEAT_future": 554.25,
    "SP500_close": 6280.4599609375,
    "NASDAQ_close": 20630.66015625,
    "US_10Y_Treasury_Yield": 4.3460001945495605,
    "VIX_close": 16.700000762939453,
    "GOLD_basis_spot_vs_near": -54.900146484375,
    "China_10Y_Treasury_Yield": 1.6616
  }
}