{
  "latest_date": "2025-07-01",
  "latest_values": {
    "Shanghai_Composite_Index": 3457.747314453125,
    "CSI_300_Index": 3942.761962890625,
    "Shenzhen_Component_Index": 10465.1201171875,
    "ALUMINUM_future": 2578.75,
    "BTC_price": 105986.8046875,
    "OIL_price": 65.25,
    "USD_CNY_exchange_rate": 7.172100067138672,
    "Commodity_Index_ETF": 21.850000381469727,
    "US_Dollar_Index": 96.80699920654297,
    "ETH_price": 2423.681640625,
    "GOLD_spot_price": 3356.0,
    "LEAN_HOGS_future": 109.6500015258789,
    "COPPER_future": 5.144000053405762,
    "High_Yield_Bond_ETF": 80.20500183105469,
    "LIVE_CATTLE_future": 211.5,
    "GOLD_near_month_future": 3356.0,
    "NATURAL_GAS_future": 3.3489999771118164,
    "PLATINUM_future": 1365.199951171875,
    "SILVER_future": 36.54999923706055,
    "Long_Term_Treasury_ETF": 87.86000061035156,
    "CORN_future": 422.25,
    "SOYBEANS_future": 1024.0,
    "WHEAT_future": 545.75,
    "SP500_close": 6194.22998046875,
    "NASDAQ_close": 20213.01953125,
    "US_10Y_Treasury_Yield": 4.256999969482422,
    "VIX_close": 16.989999771118164,
    "GOLD_basis_spot_vs_near": 0.0,
    "China_10Y_Treasury_Yield": 1.6433
  }
}