{
  "latest_date": "2025-07-11",
  "latest_values": {
    "Shanghai_Composite_Index": 3509.681884765625,
    "CSI_300_Index": 4010.0244140625,
    "Shenzhen_Component_Index": 10631.1259765625,
    "ALUMINUM_future": 2556.25,
    "BTC_price": 115926.5390625,
    "OIL_price": 66.9000015258789,
    "USD_CNY_exchange_rate": 7.174300193786621,
    "Commodity_Index_ETF": 22.219999313354492,
    "US_Dollar_Index": 97.59100341796875,
    "ETH_price": 2949.17626953125,
    "GOLD_spot_price": 3335.60009765625,
    "LEAN_HOGS_future": 106.25,
    "COPPER_future": 5.625999927520752,
    "High_Yield_Bond_ETF": 80.12999725341797,
    "LIVE_CATTLE_future": 219.0749969482422,
    "GOLD_near_month_future": 3390.60009765625,
    "NATURAL_GAS_future": 3.368000030517578,
    "PLATINUM_future": 1418.5999755859375,
    "SILVER_future": 37.79499816894531,
    "Long_Term_Treasury_ETF": 86.98999786376953,
    "CORN_future": 416.25,
    "SOYBEANS_future": 1013.5,
    "WHEAT_future": 554.25,
    "SP500_close": 6280.4599609375,
    "NASDAQ_close": 20630.6640625,
    "US_10Y_Treasury_Yield": 4.345999717712402,
    "VIX_close": 15.779999732971191,
    "GOLD_basis_spot_vs_near": -55.0,
    "China_10Y_Treasury_Yield": 1.6616
  }
}