{
  "latest_date": "2025-09-05",
  "latest_values": {
    "Shanghai_Composite_Index": 3812.514404296875,
    "CSI_300_Index": 4460.32470703125,
    "Shenzhen_Component_Index": 12590.5615234375,
    "ALUMINUM_future": 2527.5,
    "BTC_price": 111612.234375,
    "OIL_price": 61.95000076293945,
    "USD_CNY_exchange_rate": 7.14139986038208,
    "Commodity_Index_ETF": 22.030000686645508,
    "US_Dollar_Index": 97.72799682617188,
    "ETH_price": 4333.45703125,
    "GOLD_spot_price": 3640.89990234375,
    "LEAN_HOGS_future": 96.125,
    "COPPER_future": 4.539999961853027,
    "High_Yield_Bond_ETF": 80.87000274658203,
    "LIVE_CATTLE_future": 235.97500610351562,
    "GOLD_near_month_future": 3640.800048828125,
    "NATURAL_GAS_future": 3.0280001163482666,
    "PLATINUM_future": 1382.800048828125,
    "SILVER_future": 41.505001068115234,
    "Long_Term_Treasury_ETF": 88.55999755859375,
    "CORN_future": 418.0,
    "SOYBEANS_future": 1026.75,
    "WHEAT_future": 519.0,
    "SP500_close": 6481.5,
    "NASDAQ_close": 21700.388671875,
    "US_10Y_Treasury_Yield": 4.085999965667725,
    "VIX_close": 15.180000305175781,
    "GOLD_basis_spot_vs_near": 0.099853515625,
    "China_10Y_Treasury_Yield": 1.826
  }
}