{
  "latest_date": "2025-07-18",
  "latest_values": {
    "Shanghai_Composite_Index": 3534.482666015625,
    "CSI_300_Index": 4058.548583984375,
    "Shenzhen_Component_Index": 10913.8388671875,
    "ALUMINUM_future": 2428.75,
    "BTC_price": 117557.390625,
    "OIL_price": 67.27999877929688,
    "USD_CNY_exchange_rate": 7.183199882507324,
    "Commodity_Index_ETF": 22.530000686645508,
    "US_Dollar_Index": 98.49500274658203,
    "ETH_price": 3530.929931640625,
    "GOLD_spot_price": 3356.10009765625,
    "LEAN_HOGS_future": 106.5,
    "COPPER_future": 5.583499908447266,
    "High_Yield_Bond_ETF": 80.25,
    "LIVE_CATTLE_future": 223.3000030517578,
    "GOLD_near_month_future": 3412.60009765625,
    "NATURAL_GAS_future": 3.563999891281128,
    "PLATINUM_future": 1456.800048828125,
    "SILVER_future": 38.470001220703125,
    "Long_Term_Treasury_ETF": 85.23999786376953,
    "CORN_future": 428.0,
    "SOYBEANS_future": 1035.0,
    "WHEAT_future": 547.0,
    "SP500_close": 6296.7900390625,
    "NASDAQ_close": 20895.65625,
    "US_10Y_Treasury_Yield": 4.432000160217285,
    "VIX_close": 16.40999984741211,
    "GOLD_basis_spot_vs_near": -56.5,
    "China_10Y_Treasury_Yield": 1.6652
  }
}