{
  "latest_date": "2025-08-14",
  "latest_values": {
    "Shanghai_Composite_Index": 3666.442626953125,
    "CSI_300_Index": 4173.31298828125,
    "Shenzhen_Component_Index": 11451.4345703125,
    "ALUMINUM_future": 2543.25,
    "BTC_price": 118129.078125,
    "OIL_price": 64.05000305175781,
    "USD_CNY_exchange_rate": 7.178500175476074,
    "Commodity_Index_ETF": 21.84000015258789,
    "US_Dollar_Index": 98.26000213623047,
    "ETH_price": 4541.40771484375,
    "GOLD_spot_price": 3384.89990234375,
    "LEAN_HOGS_future": 88.9000015258789,
    "COPPER_future": 4.491499900817871,
    "High_Yield_Bond_ETF": 80.43000030517578,
    "LIVE_CATTLE_future": 226.77499389648438,
    "GOLD_near_month_future": 3384.800048828125,
    "NATURAL_GAS_future": 2.8269999027252197,
    "PLATINUM_future": 1363.699951171875,
    "SILVER_future": 38.09000015258789,
    "Long_Term_Treasury_ETF": 86.94499969482422,
    "CORN_future": 398.5,
    "SOYBEANS_future": 1031.0,
    "WHEAT_future": 525.25,
    "SP500_close": 6462.97021484375,
    "NASDAQ_close": 21703.427734375,
    "US_10Y_Treasury_Yield": 4.293000221252441,
    "VIX_close": 14.739999771118164,
    "GOLD_basis_spot_vs_near": 0.099853515625,
    "China_10Y_Treasury_Yield": 1.7341
  }
}