{
  "latest_date": "2025-09-26",
  "latest_values": {
    "Shanghai_Composite_Index": 3853.302001953125,
    "CSI_300_Index": 4593.490234375,
    "Shenzhen_Component_Index": 13445.900390625,
    "ALUMINUM_future": 2579.5,
    "BTC_price": 109461.2265625,
    "OIL_price": 65.0,
    "USD_CNY_exchange_rate": 7.131499767303467,
    "Commodity_Index_ETF": 22.799999237060547,
    "US_Dollar_Index": 98.36599731445312,
    "ETH_price": 3950.368896484375,
    "GOLD_spot_price": 3779.800048828125,
    "LEAN_HOGS_future": 89.94999694824219,
    "COPPER_future": 4.730000019073486,
    "High_Yield_Bond_ETF": 80.91999816894531,
    "LIVE_CATTLE_future": 232.02499389648438,
    "GOLD_near_month_future": 3780.800048828125,
    "NATURAL_GAS_future": 2.890000104904175,
    "PLATINUM_future": 1580.5,
    "SILVER_future": 45.32500076293945,
    "Long_Term_Treasury_ETF": 88.9800033569336,
    "CORN_future": 424.75,
    "SOYBEANS_future": 1011.5,
    "WHEAT_future": 523.0,
    "SP500_close": 6604.72021484375,
    "NASDAQ_close": 22384.69921875,
    "US_10Y_Treasury_Yield": 4.159999847412109,
    "VIX_close": 16.799999237060547,
    "GOLD_basis_spot_vs_near": -1.0,
    "China_10Y_Treasury_Yield": 1.8768
  }
}