{
  "latest_date": "2025-08-13",
  "latest_values": {
    "Shanghai_Composite_Index": 3665.91796875,
    "CSI_300_Index": 4143.830078125,
    "Shenzhen_Component_Index": 11351.6298828125,
    "ALUMINUM_future": 2564.75,
    "BTC_price": 119455.7421875,
    "OIL_price": 63.08000183105469,
    "USD_CNY_exchange_rate": 7.187699794769287,
    "Commodity_Index_ETF": 21.780000686645508,
    "US_Dollar_Index": 98.05000305175781,
    "ETH_price": 4580.6552734375,
    "GOLD_spot_price": 3394.300048828125,
    "LEAN_HOGS_future": 91.5,
    "COPPER_future": 4.510000228881836,
    "High_Yield_Bond_ETF": 80.4000015258789,
    "LIVE_CATTLE_future": 229.25,
    "GOLD_near_month_future": 3394.5,
    "NATURAL_GAS_future": 2.7929999828338623,
    "PLATINUM_future": 1349.699951171875,
    "SILVER_future": 37.974998474121094,
    "Long_Term_Treasury_ETF": 86.94999694824219,
    "CORN_future": 395.0,
    "SOYBEANS_future": 1037.5,
    "WHEAT_future": 524.5,
    "SP500_close": 6445.759765625,
    "NASDAQ_close": 21681.900390625,
    "US_10Y_Treasury_Yield": 4.293000221252441,
    "VIX_close": 14.729999542236328,
    "GOLD_basis_spot_vs_near": -0.199951171875,
    "China_10Y_Treasury_Yield": 1.7271
  }
}