{
  "latest_date": "2025-10-02",
  "latest_values": {
    "Shanghai_Composite_Index": 3882.777099609375,
    "CSI_300_Index": 4640.68994140625,
    "Shenzhen_Component_Index": 13526.509765625,
    "ALUMINUM_future": 2624.5,
    "BTC_price": 120196.140625,
    "OIL_price": 60.540000915527344,
    "USD_CNY_exchange_rate": 7.11899995803833,
    "Commodity_Index_ETF": 22.30500030517578,
    "US_Dollar_Index": 97.86499786376953,
    "ETH_price": 4486.3466796875,
    "GOLD_spot_price": 3870.300048828125,
    "LEAN_HOGS_future": 98.6500015258789,
    "COPPER_future": 4.94350004196167,
    "High_Yield_Bond_ETF": 80.93350219726562,
    "LIVE_CATTLE_future": 236.125,
    "GOLD_near_month_future": 3870.5,
    "NATURAL_GAS_future": 3.428999900817871,
    "PLATINUM_future": 1547.699951171875,
    "SILVER_future": 46.5,
    "Long_Term_Treasury_ETF": 89.5999984741211,
    "CORN_future": 421.25,
    "SOYBEANS_future": 1040.25,
    "WHEAT_future": 514.25,
    "SP500_close": 6721.14013671875,
    "NASDAQ_close": 22848.71484375,
    "US_10Y_Treasury_Yield": 4.088000297546387,
    "VIX_close": 16.469999313354492,
    "GOLD_basis_spot_vs_near": -0.199951171875,
    "China_10Y_Treasury_Yield": 1.8605
  }
}