{
  "latest_date": "2025-08-13",
  "latest_values": {
    "Shanghai_Composite_Index": 3665.91796875,
    "CSI_300_Index": 4143.830078125,
    "Shenzhen_Component_Index": 11351.6298828125,
    "ALUMINUM_future": 2564.75,
    "BTC_price": 119462.2890625,
    "OIL_price": 63.06999969482422,
    "USD_CNY_exchange_rate": 7.187699794769287,
    "Commodity_Index_ETF": 21.780000686645508,
    "US_Dollar_Index": 98.0479965209961,
    "ETH_price": 4620.58349609375,
    "GOLD_spot_price": 3401.300048828125,
    "LEAN_HOGS_future": 91.5,
    "COPPER_future": 4.509500026702881,
    "High_Yield_Bond_ETF": 80.4000015258789,
    "LIVE_CATTLE_future": 229.25,
    "GOLD_near_month_future": 3401.39990234375,
    "NATURAL_GAS_future": 2.7929999828338623,
    "PLATINUM_future": 1347.800048828125,
    "SILVER_future": 38.19499969482422,
    "Long_Term_Treasury_ETF": 86.94999694824219,
    "CORN_future": 395.75,
    "SOYBEANS_future": 1038.75,
    "WHEAT_future": 525.5,
    "SP500_close": 6445.759765625,
    "NASDAQ_close": 21681.900390625,
    "US_10Y_Treasury_Yield": 4.293000221252441,
    "VIX_close": 14.729999542236328,
    "GOLD_basis_spot_vs_near": -0.099853515625,
    "China_10Y_Treasury_Yield": 1.7271
  }
}