{
  "latest_date": "2025-10-01",
  "latest_values": {
    "Shanghai_Composite_Index": 3882.777099609375,
    "CSI_300_Index": 4640.68994140625,
    "Shenzhen_Component_Index": 13526.509765625,
    "ALUMINUM_future": 2641.5,
    "BTC_price": 117169.9296875,
    "OIL_price": 61.779998779296875,
    "USD_CNY_exchange_rate": 7.133800029754639,
    "Commodity_Index_ETF": 22.46500015258789,
    "US_Dollar_Index": 97.697998046875,
    "ETH_price": 4313.73828125,
    "GOLD_spot_price": 3890.5,
    "LEAN_HOGS_future": 88.92500305175781,
    "COPPER_future": 4.895999908447266,
    "High_Yield_Bond_ETF": 80.92500305175781,
    "LIVE_CATTLE_future": 237.22500610351562,
    "GOLD_near_month_future": 3890.39990234375,
    "NATURAL_GAS_future": 3.4700000286102295,
    "PLATINUM_future": 1590.4000244140625,
    "SILVER_future": 47.59000015258789,
    "Long_Term_Treasury_ETF": 89.25499725341797,
    "CORN_future": 418.25,
    "SOYBEANS_future": 1015.0,
    "WHEAT_future": 510.0,
    "SP500_close": 6714.64013671875,
    "NASDAQ_close": 22764.37890625,
    "US_10Y_Treasury_Yield": 4.1080002784729,
    "VIX_close": 16.079999923706055,
    "GOLD_basis_spot_vs_near": 0.10009765625,
    "China_10Y_Treasury_Yield": 1.8605
  }
}