{
  "latest_date": "2025-09-09",
  "latest_values": {
    "Shanghai_Composite_Index": 3826.841064453125,
    "CSI_300_Index": 4467.56982421875,
    "Shenzhen_Component_Index": 12666.83984375,
    "ALUMINUM_future": 2553.5,
    "BTC_price": 112773.7890625,
    "OIL_price": 62.709999084472656,
    "USD_CNY_exchange_rate": 7.121300220489502,
    "Commodity_Index_ETF": 22.18000030517578,
    "US_Dollar_Index": 97.38300323486328,
    "ETH_price": 4351.201171875,
    "GOLD_spot_price": 3689.89990234375,
    "LEAN_HOGS_future": 95.25,
    "COPPER_future": 4.56850004196167,
    "High_Yield_Bond_ETF": 80.87000274658203,
    "LIVE_CATTLE_future": 235.75,
    "GOLD_near_month_future": 3689.89990234375,
    "NATURAL_GAS_future": 3.1440000534057617,
    "PLATINUM_future": 1400.4000244140625,
    "SILVER_future": 41.834999084472656,
    "Long_Term_Treasury_ETF": 89.73999786376953,
    "CORN_future": 421.75,
    "SOYBEANS_future": 1035.5,
    "WHEAT_future": 523.75,
    "SP500_close": 6495.14990234375,
    "NASDAQ_close": 21798.69921875,
    "US_10Y_Treasury_Yield": 4.046000003814697,
    "VIX_close": 15.300000190734863,
    "GOLD_basis_spot_vs_near": 0.0,
    "China_10Y_Treasury_Yield": 1.8641
  }
}