{
  "latest_date": "2025-08-08",
  "latest_values": {
    "Shanghai_Composite_Index": 3639.6669921875,
    "CSI_300_Index": 4114.669921875,
    "Shenzhen_Component_Index": 11157.9404296875,
    "ALUMINUM_future": 2542.25,
    "BTC_price": 116779.7890625,
    "OIL_price": 63.79999923706055,
    "USD_CNY_exchange_rate": 7.182799816131592,
    "Commodity_Index_ETF": 21.84000015258789,
    "US_Dollar_Index": 98.11100006103516,
    "ETH_price": 3894.95361328125,
    "GOLD_spot_price": 3493.0,
    "LEAN_HOGS_future": 90.9000015258789,
    "COPPER_future": 4.4095001220703125,
    "High_Yield_Bond_ETF": 80.20999908447266,
    "LIVE_CATTLE_future": 232.5749969482422,
    "GOLD_near_month_future": 3493.0,
    "NATURAL_GAS_future": 3.0769999027252197,
    "PLATINUM_future": 1364.0999755859375,
    "SILVER_future": 38.5,
    "Long_Term_Treasury_ETF": 87.66999816894531,
    "CORN_future": 406.75,
    "SOYBEANS_future": 996.25,
    "WHEAT_future": 538.75,
    "SP500_close": 6340.0,
    "NASDAQ_close": 21242.69921875,
    "US_10Y_Treasury_Yield": 4.24399995803833,
    "VIX_close": 16.56999969482422,
    "GOLD_basis_spot_vs_near": 0.0,
    "China_10Y_Treasury_Yield": 1.6894
  }
}