{
  "latest_date": "2025-07-29",
  "latest_values": {
    "Shanghai_Composite_Index": 3597.93701171875,
    "CSI_300_Index": 4135.81982421875,
    "Shenzhen_Component_Index": 11217.580078125,
    "ALUMINUM_future": 2573.25,
    "BTC_price": 118889.1484375,
    "OIL_price": 67.37999725341797,
    "USD_CNY_exchange_rate": 7.153500080108643,
    "Commodity_Index_ETF": 22.399999618530273,
    "US_Dollar_Index": 99.08300018310547,
    "ETH_price": 3855.50927734375,
    "GOLD_spot_price": 3319.5,
    "LEAN_HOGS_future": 108.3499984741211,
    "COPPER_future": 5.636000156402588,
    "High_Yield_Bond_ETF": 80.44999694824219,
    "LIVE_CATTLE_future": 227.75,
    "GOLD_near_month_future": 3376.300048828125,
    "NATURAL_GAS_future": 3.052999973297119,
    "PLATINUM_future": 1426.4000244140625,
    "SILVER_future": 38.20000076293945,
    "Long_Term_Treasury_ETF": 85.87000274658203,
    "CORN_future": 413.5,
    "SOYBEANS_future": 1011.0,
    "WHEAT_future": 531.5,
    "SP500_close": 6389.77001953125,
    "NASDAQ_close": 21178.580078125,
    "US_10Y_Treasury_Yield": 4.388000011444092,
    "VIX_close": 14.84000015258789,
    "GOLD_basis_spot_vs_near": -56.800048828125,
    "China_10Y_Treasury_Yield": 1.7466
  }
}