{
  "latest_date": "2025-09-05",
  "latest_values": {
    "Shanghai_Composite_Index": 3812.514404296875,
    "CSI_300_Index": 4460.32470703125,
    "Shenzhen_Component_Index": 12118.7001953125,
    "ALUMINUM_future": 2529.5,
    "BTC_price": 110616.21875,
    "OIL_price": 61.540000915527344,
    "USD_CNY_exchange_rate": 7.14139986038208,
    "Commodity_Index_ETF": 21.985000610351562,
    "US_Dollar_Index": 97.44400024414062,
    "ETH_price": 4276.7705078125,
    "GOLD_spot_price": 3648.89990234375,
    "LEAN_HOGS_future": 96.80000305175781,
    "COPPER_future": 4.551000118255615,
    "High_Yield_Bond_ETF": 80.93000030517578,
    "LIVE_CATTLE_future": 235.1999969482422,
    "GOLD_near_month_future": 3649.0,
    "NATURAL_GAS_future": 3.056999921798706,
    "PLATINUM_future": 1384.0999755859375,
    "SILVER_future": 41.58000183105469,
    "Long_Term_Treasury_ETF": 88.55000305175781,
    "CORN_future": 422.5,
    "SOYBEANS_future": 1033.75,
    "WHEAT_future": 521.75,
    "SP500_close": 6467.7998046875,
    "NASDAQ_close": 21639.34375,
    "US_10Y_Treasury_Yield": 4.068999767303467,
    "VIX_close": 15.949999809265137,
    "GOLD_basis_spot_vs_near": -0.10009765625,
    "China_10Y_Treasury_Yield": 1.826
  }
}