{
  "latest_date": "2025-08-29",
  "latest_values": {
    "Shanghai_Composite_Index": 3843.596923828125,
    "CSI_300_Index": 4463.77978515625,
    "Shenzhen_Component_Index": 12571.3701171875,
    "ALUMINUM_future": 2537.25,
    "BTC_price": 110652.7890625,
    "OIL_price": 64.38999938964844,
    "USD_CNY_exchange_rate": 7.1529998779296875,
    "Commodity_Index_ETF": 22.18000030517578,
    "US_Dollar_Index": 98.0469970703125,
    "ETH_price": 4401.48388671875,
    "GOLD_spot_price": 3477.300048828125,
    "LEAN_HOGS_future": 94.2750015258789,
    "COPPER_future": 4.577000141143799,
    "High_Yield_Bond_ETF": 81.01000213623047,
    "LIVE_CATTLE_future": 237.0749969482422,
    "GOLD_near_month_future": 3477.300048828125,
    "NATURAL_GAS_future": 2.9679999351501465,
    "PLATINUM_future": 1348.0999755859375,
    "SILVER_future": 39.619998931884766,
    "Long_Term_Treasury_ETF": 87.22000122070312,
    "CORN_future": 412.0,
    "SOYBEANS_future": 1044.75,
    "WHEAT_future": 528.25,
    "SP500_close": 6501.85986328125,
    "NASDAQ_close": 21705.16015625,
    "US_10Y_Treasury_Yield": 4.230000019073486,
    "VIX_close": 14.520000457763672,
    "GOLD_basis_spot_vs_near": 0.0,
    "China_10Y_Treasury_Yield": 1.8379
  }
}