{
  "latest_date": "2025-07-03",
  "latest_values": {
    "Shanghai_Composite_Index": 3461.150634765625,
    "CSI_300_Index": 3968.067626953125,
    "Shenzhen_Component_Index": 10534.583984375,
    "ALUMINUM_future": 2580.0,
    "BTC_price": 109467.6015625,
    "OIL_price": 66.8499984741211,
    "USD_CNY_exchange_rate": 7.1645002365112305,
    "Commodity_Index_ETF": 22.280000686645508,
    "US_Dollar_Index": 97.15699768066406,
    "ETH_price": 2576.80712890625,
    "GOLD_spot_price": 3343.699951171875,
    "LEAN_HOGS_future": 106.0250015258789,
    "COPPER_future": 5.138000011444092,
    "High_Yield_Bond_ETF": 80.37000274658203,
    "LIVE_CATTLE_future": 213.10000610351562,
    "GOLD_near_month_future": 3399.800048828125,
    "NATURAL_GAS_future": 3.430000066757202,
    "PLATINUM_future": 1378.800048828125,
    "SILVER_future": 37.04999923706055,
    "Long_Term_Treasury_ETF": 86.97000122070312,
    "CORN_future": 438.0,
    "SOYBEANS_future": 1051.75,
    "WHEAT_future": 563.0,
    "SP500_close": 6279.35009765625,
    "NASDAQ_close": 20601.1015625,
    "US_10Y_Treasury_Yield": 4.340000152587891,
    "VIX_close": 16.459999084472656,
    "GOLD_basis_spot_vs_near": -56.10009765625,
    "China_10Y_Treasury_Yield": 1.6407
  }
}