{
  "latest_date": "2025-07-09",
  "latest_values": {
    "Shanghai_Composite_Index": 3497.47509765625,
    "CSI_300_Index": 3998.449951171875,
    "Shenzhen_Component_Index": 10588.3896484375,
    "ALUMINUM_future": 2513.5,
    "BTC_price": 108615.5859375,
    "OIL_price": 68.12000274658203,
    "USD_CNY_exchange_rate": 7.1743998527526855,
    "Commodity_Index_ETF": 22.329999923706055,
    "US_Dollar_Index": 97.6259994506836,
    "ETH_price": 2608.739990234375,
    "GOLD_spot_price": 3302.699951171875,
    "LEAN_HOGS_future": 106.92500305175781,
    "COPPER_future": 5.6479997634887695,
    "High_Yield_Bond_ETF": 79.98999786376953,
    "LIVE_CATTLE_future": 219.89999389648438,
    "GOLD_near_month_future": 3357.699951171875,
    "NATURAL_GAS_future": 3.3340001106262207,
    "PLATINUM_future": 1379.800048828125,
    "SILVER_future": 36.80500030517578,
    "Long_Term_Treasury_ETF": 86.02999877929688,
    "CORN_future": 416.0,
    "SOYBEANS_future": 1018.5,
    "WHEAT_future": 549.75,
    "SP500_close": 6225.52001953125,
    "NASDAQ_close": 20418.4609375,
    "US_10Y_Treasury_Yield": 4.414999961853027,
    "VIX_close": 16.809999465942383,
    "GOLD_basis_spot_vs_near": -55.0,
    "China_10Y_Treasury_Yield": 1.6444
  }
}