{
  "latest_date": "2025-08-29",
  "latest_values": {
    "Shanghai_Composite_Index": 3857.927490234375,
    "CSI_300_Index": 4496.75927734375,
    "Shenzhen_Component_Index": 12696.150390625,
    "ALUMINUM_future": 2535.25,
    "BTC_price": 108344.5234375,
    "OIL_price": 64.0,
    "USD_CNY_exchange_rate": 7.1529998779296875,
    "Commodity_Index_ETF": 22.21500015258789,
    "US_Dollar_Index": 97.77999877929688,
    "ETH_price": 4330.740234375,
    "GOLD_spot_price": 3513.89990234375,
    "LEAN_HOGS_future": 95.07499694824219,
    "COPPER_future": 4.579500198364258,
    "High_Yield_Bond_ETF": 80.93000030517578,
    "LIVE_CATTLE_future": 239.64999389648438,
    "GOLD_near_month_future": 3514.0,
    "NATURAL_GAS_future": 2.990000009536743,
    "PLATINUM_future": 1371.0,
    "SILVER_future": 40.599998474121094,
    "Long_Term_Treasury_ETF": 86.72260284423828,
    "CORN_future": 419.0,
    "SOYBEANS_future": 1051.5,
    "WHEAT_future": 533.75,
    "SP500_close": 6456.56005859375,
    "NASDAQ_close": 21442.591796875,
    "US_10Y_Treasury_Yield": 4.2230000495910645,
    "VIX_close": 15.489999771118164,
    "GOLD_basis_spot_vs_near": -0.10009765625,
    "China_10Y_Treasury_Yield": 1.8379
  }
}