{
  "latest_date": "2025-08-20",
  "latest_values": {
    "Shanghai_Composite_Index": 3727.2880859375,
    "CSI_300_Index": 4223.3701171875,
    "Shenzhen_Component_Index": 11821.6298828125,
    "ALUMINUM_future": 2494.0,
    "BTC_price": 112839.25,
    "OIL_price": 62.439998626708984,
    "USD_CNY_exchange_rate": 7.184599876403809,
    "Commodity_Index_ETF": 21.797199249267578,
    "US_Dollar_Index": 98.16899871826172,
    "ETH_price": 4147.923828125,
    "GOLD_spot_price": 3386.199951171875,
    "LEAN_HOGS_future": 88.8499984741211,
    "COPPER_future": 4.429999828338623,
    "High_Yield_Bond_ETF": 80.33499908447266,
    "LIVE_CATTLE_future": 233.375,
    "GOLD_near_month_future": 3386.39990234375,
    "NATURAL_GAS_future": 2.759999990463257,
    "PLATINUM_future": 1334.4000244140625,
    "SILVER_future": 37.709999084472656,
    "Long_Term_Treasury_ETF": 86.71499633789062,
    "CORN_future": 404.25,
    "SOYBEANS_future": 1036.0,
    "WHEAT_future": 528.5,
    "SP500_close": 6365.5,
    "NASDAQ_close": 21013.767578125,
    "US_10Y_Treasury_Yield": 4.300000190734863,
    "VIX_close": 16.190000534057617,
    "GOLD_basis_spot_vs_near": -0.199951171875,
    "China_10Y_Treasury_Yield": 1.782
  }
}