{
  "latest_date": "2025-07-25",
  "latest_values": {
    "Shanghai_Composite_Index": 3605.72705078125,
    "CSI_300_Index": 4149.0400390625,
    "Shenzhen_Component_Index": 11193.0595703125,
    "ALUMINUM_future": 2615.25,
    "BTC_price": 115277.2421875,
    "OIL_price": 66.25,
    "USD_CNY_exchange_rate": 7.1595001220703125,
    "Commodity_Index_ETF": 22.399999618530273,
    "US_Dollar_Index": 97.64399719238281,
    "ETH_price": 3656.888671875,
    "GOLD_spot_price": 3347.39990234375,
    "LEAN_HOGS_future": 108.19999694824219,
    "COPPER_future": 5.807000160217285,
    "High_Yield_Bond_ETF": 80.44000244140625,
    "LIVE_CATTLE_future": 225.875,
    "GOLD_near_month_future": 3405.10009765625,
    "NATURAL_GAS_future": 3.1029999256134033,
    "PLATINUM_future": 1429.5,
    "SILVER_future": 39.08000183105469,
    "Long_Term_Treasury_ETF": 85.88999938964844,
    "CORN_future": 419.5,
    "SOYBEANS_future": 1019.25,
    "WHEAT_future": 539.0,
    "SP500_close": 6363.35009765625,
    "NASDAQ_close": 21057.9609375,
    "US_10Y_Treasury_Yield": 4.4079999923706055,
    "VIX_close": 15.319999694824219,
    "GOLD_basis_spot_vs_near": -57.7001953125,
    "China_10Y_Treasury_Yield": 1.7376
  }
}