{
  "latest_date": "2025-09-16",
  "latest_values": {
    "Shanghai_Composite_Index": 3860.50390625,
    "CSI_300_Index": 4533.06005859375,
    "Shenzhen_Component_Index": 13005.76953125,
    "ALUMINUM_future": 2591.0,
    "BTC_price": 115430.125,
    "OIL_price": 63.97999954223633,
    "USD_CNY_exchange_rate": 7.124199867248535,
    "Commodity_Index_ETF": 22.549999237060547,
    "US_Dollar_Index": 97.11199951171875,
    "ETH_price": 4501.0478515625,
    "GOLD_spot_price": 3727.5,
    "LEAN_HOGS_future": 97.57499694824219,
    "COPPER_future": 4.695499897003174,
    "High_Yield_Bond_ETF": 81.19000244140625,
    "LIVE_CATTLE_future": 234.625,
    "GOLD_near_month_future": 3727.5,
    "NATURAL_GAS_future": 3.053999900817871,
    "PLATINUM_future": 1418.9000244140625,
    "SILVER_future": 43.2400016784668,
    "Long_Term_Treasury_ETF": 90.16000366210938,
    "CORN_future": 427.25,
    "SOYBEANS_future": 1049.25,
    "WHEAT_future": 529.0,
    "SP500_close": 6615.27978515625,
    "NASDAQ_close": 22348.75,
    "US_10Y_Treasury_Yield": 4.045000076293945,
    "VIX_close": 15.539999961853027,
    "GOLD_basis_spot_vs_near": 0.0,
    "China_10Y_Treasury_Yield": 1.8527
  }
}