{
  "latest_date": "2025-08-22",
  "latest_values": {
    "Shanghai_Composite_Index": 3771.09912109375,
    "CSI_300_Index": 4288.06982421875,
    "Shenzhen_Component_Index": 11919.759765625,
    "ALUMINUM_future": 2504.75,
    "BTC_price": 112746.296875,
    "OIL_price": 63.36000061035156,
    "USD_CNY_exchange_rate": 7.1757001876831055,
    "Commodity_Index_ETF": 21.989999771118164,
    "US_Dollar_Index": 98.63200378417969,
    "ETH_price": 4246.10107421875,
    "GOLD_spot_price": 3380.60009765625,
    "LEAN_HOGS_future": 89.9000015258789,
    "COPPER_future": 4.446499824523926,
    "High_Yield_Bond_ETF": 80.19999694824219,
    "LIVE_CATTLE_future": 234.77499389648438,
    "GOLD_near_month_future": 3380.89990234375,
    "NATURAL_GAS_future": 2.811000108718872,
    "PLATINUM_future": 1354.4000244140625,
    "SILVER_future": 38.11000061035156,
    "Long_Term_Treasury_ETF": 86.41000366210938,
    "CORN_future": 412.25,
    "SOYBEANS_future": 1053.0,
    "WHEAT_future": 529.25,
    "SP500_close": 6370.169921875,
    "NASDAQ_close": 21100.310546875,
    "US_10Y_Treasury_Yield": 4.329999923706055,
    "VIX_close": 16.600000381469727,
    "GOLD_basis_spot_vs_near": -0.2998046875,
    "China_10Y_Treasury_Yield": 1.7667
  }
}