{
  "latest_date": "2025-08-26",
  "latest_values": {
    "Shanghai_Composite_Index": 3868.382080078125,
    "CSI_300_Index": 4452.59033203125,
    "Shenzhen_Component_Index": 12441.0703125,
    "ALUMINUM_future": 2574.0,
    "BTC_price": 110548.015625,
    "OIL_price": 63.86000061035156,
    "USD_CNY_exchange_rate": 7.167500019073486,
    "Commodity_Index_ETF": 22.01059913635254,
    "US_Dollar_Index": 98.14299774169922,
    "ETH_price": 4575.8388671875,
    "GOLD_spot_price": 3427.5,
    "LEAN_HOGS_future": 92.7750015258789,
    "COPPER_future": 4.46150016784668,
    "High_Yield_Bond_ETF": 80.77010345458984,
    "LIVE_CATTLE_future": 237.125,
    "GOLD_near_month_future": 3427.60009765625,
    "NATURAL_GAS_future": 2.7049999237060547,
    "PLATINUM_future": 1341.9000244140625,
    "SILVER_future": 38.63999938964844,
    "Long_Term_Treasury_ETF": 86.45429992675781,
    "CORN_future": 410.0,
    "SOYBEANS_future": 1049.0,
    "WHEAT_future": 533.25,
    "SP500_close": 6440.419921875,
    "NASDAQ_close": 21478.390625,
    "US_10Y_Treasury_Yield": 4.289000034332275,
    "VIX_close": 14.960000038146973,
    "GOLD_basis_spot_vs_near": -0.10009765625,
    "China_10Y_Treasury_Yield": 1.7598
  }
}