{
  "latest_date": "2025-07-09",
  "latest_values": {
    "Shanghai_Composite_Index": 3493.049560546875,
    "CSI_300_Index": 3991.400634765625,
    "Shenzhen_Component_Index": 10581.7978515625,
    "ALUMINUM_future": 2544.25,
    "BTC_price": 109573.6796875,
    "OIL_price": 68.30999755859375,
    "USD_CNY_exchange_rate": 7.179999828338623,
    "Commodity_Index_ETF": 22.284799575805664,
    "US_Dollar_Index": 97.5510025024414,
    "ETH_price": 2720.552001953125,
    "GOLD_spot_price": 3321.60009765625,
    "LEAN_HOGS_future": 107.5250015258789,
    "COPPER_future": 5.520500183105469,
    "High_Yield_Bond_ETF": 80.19999694824219,
    "LIVE_CATTLE_future": 220.125,
    "GOLD_near_month_future": 3321.699951171875,
    "NATURAL_GAS_future": 3.197999954223633,
    "PLATINUM_future": 1362.9000244140625,
    "SILVER_future": 36.58000183105469,
    "Long_Term_Treasury_ETF": 86.80000305175781,
    "CORN_future": 416.0,
    "SOYBEANS_future": 1007.25,
    "WHEAT_future": 547.5,
    "SP500_close": 6255.740234375,
    "NASDAQ_close": 20585.8828125,
    "US_10Y_Treasury_Yield": 4.3420000076293945,
    "VIX_close": 15.800000190734863,
    "GOLD_basis_spot_vs_near": -0.099853515625,
    "China_10Y_Treasury_Yield": 1.6446
  }
}