{
  "latest_date": "2025-07-05",
  "latest_values": {
    "Shanghai_Composite_Index": 3472.319091796875,
    "CSI_300_Index": 3982.199951171875,
    "Shenzhen_Component_Index": 10508.759765625,
    "ALUMINUM_future": 2545.0,
    "BTC_price": 108141.328125,
    "OIL_price": 66.5,
    "USD_CNY_exchange_rate": 7.162799835205078,
    "Commodity_Index_ETF": 22.280000686645508,
    "US_Dollar_Index": 96.98600006103516,
    "ETH_price": 2515.8017578125,
    "GOLD_spot_price": 3346.5,
    "LEAN_HOGS_future": 107.9749984741211,
    "COPPER_future": 5.018499851226807,
    "High_Yield_Bond_ETF": 80.37000274658203,
    "LIVE_CATTLE_future": 214.0500030517578,
    "GOLD_near_month_future": 3401.0,
    "NATURAL_GAS_future": 3.38700008392334,
    "PLATINUM_future": 1407.0999755859375,
    "SILVER_future": 36.775001525878906,
    "Long_Term_Treasury_ETF": 86.97000122070312,
    "CORN_future": 431.5,
    "SOYBEANS_future": 1056.25,
    "WHEAT_future": 547.75,
    "SP500_close": 6279.35009765625,
    "NASDAQ_close": 20601.099609375,
    "US_10Y_Treasury_Yield": 4.3480000495910645,
    "VIX_close": 17.479999542236328,
    "GOLD_basis_spot_vs_near": -54.5,
    "China_10Y_Treasury_Yield": 1.6433
  }
}