{
  "latest_date": "2025-10-07",
  "latest_values": {
    "Shanghai_Composite_Index": 3882.777099609375,
    "CSI_300_Index": 4640.68994140625,
    "Shenzhen_Component_Index": 13526.509765625,
    "ALUMINUM_future": 2662.5,
    "BTC_price": 123956.9765625,
    "OIL_price": 61.720001220703125,
    "USD_CNY_exchange_rate": 7.11899995803833,
    "Commodity_Index_ETF": 22.639999389648438,
    "US_Dollar_Index": 98.31199645996094,
    "ETH_price": 4678.359375,
    "GOLD_spot_price": 3984.39990234375,
    "LEAN_HOGS_future": 89.5250015258789,
    "COPPER_future": 5.041500091552734,
    "High_Yield_Bond_ETF": 80.86000061035156,
    "LIVE_CATTLE_future": 239.47500610351562,
    "GOLD_near_month_future": 3984.10009765625,
    "NATURAL_GAS_future": 3.4000000953674316,
    "PLATINUM_future": 1642.9000244140625,
    "SILVER_future": 48.400001525878906,
    "Long_Term_Treasury_ETF": 88.66999816894531,
    "CORN_future": 421.75,
    "SOYBEANS_future": 1035.5,
    "WHEAT_future": 512.5,
    "SP500_close": 6740.27978515625,
    "NASDAQ_close": 22941.669921875,
    "US_10Y_Treasury_Yield": 4.161999702453613,
    "VIX_close": 16.3700008392334,
    "GOLD_basis_spot_vs_near": 0.2998046875,
    "China_10Y_Treasury_Yield": 1.8605
  }
}