{
  "latest_date": "2025-07-29",
  "latest_values": {
    "Shanghai_Composite_Index": 3597.93701171875,
    "CSI_300_Index": 4135.81982421875,
    "Shenzhen_Component_Index": 11217.580078125,
    "ALUMINUM_future": 2571.25,
    "BTC_price": 118897.2734375,
    "OIL_price": 67.2300033569336,
    "USD_CNY_exchange_rate": 7.153500080108643,
    "Commodity_Index_ETF": 22.399999618530273,
    "US_Dollar_Index": 98.80000305175781,
    "ETH_price": 3875.384765625,
    "GOLD_spot_price": 3324.0,
    "LEAN_HOGS_future": 108.3499984741211,
    "COPPER_future": 5.608500003814697,
    "High_Yield_Bond_ETF": 80.44999694824219,
    "LIVE_CATTLE_future": 227.75,
    "GOLD_near_month_future": 3380.0,
    "NATURAL_GAS_future": 3.0450000762939453,
    "PLATINUM_future": 1415.4000244140625,
    "SILVER_future": 38.349998474121094,
    "Long_Term_Treasury_ETF": 85.87000274658203,
    "CORN_future": 414.5,
    "SOYBEANS_future": 1012.0,
    "WHEAT_future": 534.75,
    "SP500_close": 6389.77001953125,
    "NASDAQ_close": 21178.580078125,
    "US_10Y_Treasury_Yield": 4.420000076293945,
    "VIX_close": 14.739999771118164,
    "GOLD_basis_spot_vs_near": -56.0,
    "China_10Y_Treasury_Yield": 1.7146
  }
}