{
  "latest_date": "2025-08-12",
  "latest_values": {
    "Shanghai_Composite_Index": 3665.917724609375,
    "CSI_300_Index": 4143.8251953125,
    "Shenzhen_Component_Index": 11351.6328125,
    "ALUMINUM_future": 2564.75,
    "BTC_price": 119787.7578125,
    "OIL_price": 63.209999084472656,
    "USD_CNY_exchange_rate": 7.181000232696533,
    "Commodity_Index_ETF": 21.790000915527344,
    "US_Dollar_Index": 98.0009994506836,
    "ETH_price": 4477.88720703125,
    "GOLD_spot_price": 3399.10009765625,
    "LEAN_HOGS_future": 91.875,
    "COPPER_future": 4.523499965667725,
    "High_Yield_Bond_ETF": 80.34500122070312,
    "LIVE_CATTLE_future": 229.0500030517578,
    "GOLD_near_month_future": 3399.199951171875,
    "NATURAL_GAS_future": 2.7850000858306885,
    "PLATINUM_future": 1357.800048828125,
    "SILVER_future": 38.0099983215332,
    "Long_Term_Treasury_ETF": 86.8499984741211,
    "CORN_future": 392.25,
    "SOYBEANS_future": 1023.5,
    "WHEAT_future": 525.0,
    "SP500_close": 6434.06982421875,
    "NASDAQ_close": 21640.77734375,
    "US_10Y_Treasury_Yield": 4.296000003814697,
    "VIX_close": 14.869999885559082,
    "GOLD_basis_spot_vs_near": -0.099853515625,
    "China_10Y_Treasury_Yield": 1.7271
  }
}