{
  "latest_date": "2025-08-05",
  "latest_values": {
    "Shanghai_Composite_Index": 3583.30908203125,
    "CSI_300_Index": 4070.699951171875,
    "Shenzhen_Component_Index": 11041.5595703125,
    "ALUMINUM_future": 2477.5,
    "BTC_price": 114239.2421875,
    "OIL_price": 66.19000244140625,
    "USD_CNY_exchange_rate": 7.211599826812744,
    "Commodity_Index_ETF": 22.010000228881836,
    "US_Dollar_Index": 98.8550033569336,
    "ETH_price": 3656.89306640625,
    "GOLD_spot_price": 3426.60009765625,
    "LEAN_HOGS_future": 108.1500015258789,
    "COPPER_future": 4.451000213623047,
    "High_Yield_Bond_ETF": 80.25,
    "LIVE_CATTLE_future": 230.5749969482422,
    "GOLD_near_month_future": 3426.60009765625,
    "NATURAL_GAS_future": 2.930999994277954,
    "PLATINUM_future": 1336.300048828125,
    "SILVER_future": 37.42499923706055,
    "Long_Term_Treasury_ETF": 88.05999755859375,
    "CORN_future": 403.75,
    "SOYBEANS_future": 990.75,
    "WHEAT_future": 533.25,
    "SP500_close": 6329.93994140625,
    "NASDAQ_close": 21053.580078125,
    "US_10Y_Treasury_Yield": 4.199999809265137,
    "VIX_close": 17.520000457763672,
    "GOLD_basis_spot_vs_near": 0.0,
    "China_10Y_Treasury_Yield": 1.7083
  }
}