{
  "latest_date": "2025-08-11",
  "latest_values": {
    "Shanghai_Composite_Index": 3647.546630859375,
    "CSI_300_Index": 4122.5107421875,
    "Shenzhen_Component_Index": 11291.42578125,
    "ALUMINUM_future": 2508.5,
    "BTC_price": 118648.1796875,
    "OIL_price": 64.0,
    "USD_CNY_exchange_rate": 7.187600135803223,
    "Commodity_Index_ETF": 21.8700008392334,
    "US_Dollar_Index": 98.50700378417969,
    "ETH_price": 4215.615234375,
    "GOLD_spot_price": 3393.699951171875,
    "LEAN_HOGS_future": 91.625,
    "COPPER_future": 4.444499969482422,
    "High_Yield_Bond_ETF": 80.22000122070312,
    "LIVE_CATTLE_future": 226.375,
    "GOLD_near_month_future": 3393.800048828125,
    "NATURAL_GAS_future": 2.9839999675750732,
    "PLATINUM_future": 1341.699951171875,
    "SILVER_future": 37.64500045776367,
    "Long_Term_Treasury_ETF": 87.38999938964844,
    "CORN_future": 407.75,
    "SOYBEANS_future": 1010.25,
    "WHEAT_future": 535.25,
    "SP500_close": 6373.4501953125,
    "NASDAQ_close": 21385.404296875,
    "US_10Y_Treasury_Yield": 4.2729997634887695,
    "VIX_close": 16.25,
    "GOLD_basis_spot_vs_near": -0.10009765625,
    "China_10Y_Treasury_Yield": 1.7203
  }
}