{
  "latest_date": "2025-08-12",
  "latest_values": {
    "Shanghai_Composite_Index": 3647.547119140625,
    "CSI_300_Index": 4122.509765625,
    "Shenzhen_Component_Index": 11291.4296875,
    "ALUMINUM_future": 2566.5,
    "BTC_price": 118405.296875,
    "OIL_price": 63.52000045776367,
    "USD_CNY_exchange_rate": 7.181000232696533,
    "Commodity_Index_ETF": 21.8700008392334,
    "US_Dollar_Index": 98.58100128173828,
    "ETH_price": 4288.52490234375,
    "GOLD_spot_price": 3395.199951171875,
    "LEAN_HOGS_future": 91.625,
    "COPPER_future": 4.473499774932861,
    "High_Yield_Bond_ETF": 80.22000122070312,
    "LIVE_CATTLE_future": 226.375,
    "GOLD_near_month_future": 3395.300048828125,
    "NATURAL_GAS_future": 2.9230000972747803,
    "PLATINUM_future": 1345.699951171875,
    "SILVER_future": 37.775001525878906,
    "Long_Term_Treasury_ETF": 87.38999938964844,
    "CORN_future": 405.0,
    "SOYBEANS_future": 1001.5,
    "WHEAT_future": 531.25,
    "SP500_close": 6373.4501953125,
    "NASDAQ_close": 21385.400390625,
    "US_10Y_Treasury_Yield": 4.2729997634887695,
    "VIX_close": 16.510000228881836,
    "GOLD_basis_spot_vs_near": -0.10009765625,
    "China_10Y_Treasury_Yield": 1.7271
  }
}