{
  "latest_date": "2025-09-04",
  "latest_values": {
    "Shanghai_Composite_Index": 3813.556884765625,
    "CSI_300_Index": 4459.830078125,
    "Shenzhen_Component_Index": 12472.0,
    "ALUMINUM_future": 2521.25,
    "BTC_price": 110101.3515625,
    "OIL_price": 63.16999816894531,
    "USD_CNY_exchange_rate": 7.138999938964844,
    "Commodity_Index_ETF": 22.184999465942383,
    "US_Dollar_Index": 98.26300048828125,
    "ETH_price": 4365.75244140625,
    "GOLD_spot_price": 3605.0,
    "LEAN_HOGS_future": 94.9000015258789,
    "COPPER_future": 4.576000213623047,
    "High_Yield_Bond_ETF": 80.65499877929688,
    "LIVE_CATTLE_future": 237.4499969482422,
    "GOLD_near_month_future": 3604.60009765625,
    "NATURAL_GAS_future": 3.069000005722046,
    "PLATINUM_future": 1379.0999755859375,
    "SILVER_future": 41.290000915527344,
    "Long_Term_Treasury_ETF": 86.84500122070312,
    "CORN_future": 415.75,
    "SOYBEANS_future": 1025.0,
    "WHEAT_future": 515.75,
    "SP500_close": 6451.9501953125,
    "NASDAQ_close": 21496.45703125,
    "US_10Y_Treasury_Yield": 4.185999870300293,
    "VIX_close": 16.049999237060547,
    "GOLD_basis_spot_vs_near": 0.39990234375,
    "China_10Y_Treasury_Yield": 1.806
  }
}