{
  "latest_date": "2025-09-02",
  "latest_values": {
    "Shanghai_Composite_Index": 3875.531005859375,
    "CSI_300_Index": 4523.7099609375,
    "Shenzhen_Component_Index": 12828.9501953125,
    "ALUMINUM_future": 2520.25,
    "BTC_price": 111166.0625,
    "OIL_price": 64.98999786376953,
    "USD_CNY_exchange_rate": 7.13040018081665,
    "Commodity_Index_ETF": 22.395000457763672,
    "US_Dollar_Index": 98.28700256347656,
    "ETH_price": 4370.291015625,
    "GOLD_spot_price": 3549.800048828125,
    "LEAN_HOGS_future": 95.30000305175781,
    "COPPER_future": 4.572000026702881,
    "High_Yield_Bond_ETF": 80.32499694824219,
    "LIVE_CATTLE_future": 240.14999389648438,
    "GOLD_near_month_future": 3549.5,
    "NATURAL_GAS_future": 2.9179999828338623,
    "PLATINUM_future": 1396.4000244140625,
    "SILVER_future": 41.29499816894531,
    "Long_Term_Treasury_ETF": 85.77999877929688,
    "CORN_future": 415.75,
    "SOYBEANS_future": 1039.5,
    "WHEAT_future": 523.5,
    "SP500_close": 6403.93994140625,
    "NASDAQ_close": 21235.884765625,
    "US_10Y_Treasury_Yield": 4.281000137329102,
    "VIX_close": 18.40999984741211,
    "GOLD_basis_spot_vs_near": 0.300048828125,
    "China_10Y_Treasury_Yield": 1.8167
  }
}