{
  "latest_date": "2025-09-30",
  "latest_values": {
    "Shanghai_Composite_Index": 3882.77734375,
    "CSI_300_Index": 4640.693359375,
    "Shenzhen_Component_Index": 13526.5087890625,
    "ALUMINUM_future": 2625.0,
    "BTC_price": 114175.1328125,
    "OIL_price": 62.5099983215332,
    "USD_CNY_exchange_rate": 7.133800029754639,
    "Commodity_Index_ETF": 22.530000686645508,
    "US_Dollar_Index": 97.79199981689453,
    "ETH_price": 4164.9384765625,
    "GOLD_spot_price": 3887.10009765625,
    "LEAN_HOGS_future": 90.42500305175781,
    "COPPER_future": 4.875999927520752,
    "High_Yield_Bond_ETF": 81.19000244140625,
    "LIVE_CATTLE_future": 231.8249969482422,
    "GOLD_near_month_future": 3886.800048828125,
    "NATURAL_GAS_future": 3.3329999446868896,
    "PLATINUM_future": 1614.0,
    "SILVER_future": 46.85499954223633,
    "Long_Term_Treasury_ETF": 89.37000274658203,
    "CORN_future": 416.0,
    "SOYBEANS_future": 1000.75,
    "WHEAT_future": 507.5,
    "SP500_close": 6688.4599609375,
    "NASDAQ_close": 22660.009765625,
    "US_10Y_Treasury_Yield": 4.1479997634887695,
    "VIX_close": 16.280000686645508,
    "GOLD_basis_spot_vs_near": 0.300048828125,
    "China_10Y_Treasury_Yield": 1.8605
  }
}