{
  "latest_date": "2025-06-30",
  "latest_values": {
    "Shanghai_Composite_Index": 3444.425537109375,
    "CSI_300_Index": 3936.0791015625,
    "Shenzhen_Component_Index": 10465.1201171875,
    "ALUMINUM_future": 2563.0,
    "BTC_price": 107368.234375,
    "OIL_price": 65.0199966430664,
    "USD_CNY_exchange_rate": 7.167500019073486,
    "Commodity_Index_ETF": 21.78499984741211,
    "US_Dollar_Index": 96.88400268554688,
    "ETH_price": 2494.1015625,
    "GOLD_spot_price": 3310.5,
    "LEAN_HOGS_future": 109.94999694824219,
    "COPPER_future": 5.098499774932861,
    "High_Yield_Bond_ETF": 80.6050033569336,
    "LIVE_CATTLE_future": 213.97500610351562,
    "GOLD_near_month_future": 3310.300048828125,
    "NATURAL_GAS_future": 3.447000026702881,
    "PLATINUM_future": 1354.300048828125,
    "SILVER_future": 36.2599983215332,
    "Long_Term_Treasury_ETF": 88.31390380859375,
    "CORN_future": 425.5,
    "SOYBEANS_future": 1027.5,
    "WHEAT_future": 537.5,
    "SP500_close": 6193.18994140625,
    "NASDAQ_close": 20338.138671875,
    "US_10Y_Treasury_Yield": 4.23199987411499,
    "VIX_close": 16.889999389648438,
    "GOLD_basis_spot_vs_near": 0.199951171875,
    "China_10Y_Treasury_Yield": 1.6469
  }
}