{
  "latest_date": "2025-08-26",
  "latest_values": {
    "Shanghai_Composite_Index": 3868.382080078125,
    "CSI_300_Index": 4452.59033203125,
    "Shenzhen_Component_Index": 12473.173828125,
    "ALUMINUM_future": 2584.5,
    "BTC_price": 111750.6484375,
    "OIL_price": 63.310001373291016,
    "USD_CNY_exchange_rate": 7.151500225067139,
    "Commodity_Index_ETF": 22.020000457763672,
    "US_Dollar_Index": 98.2229995727539,
    "ETH_price": 4598.51123046875,
    "GOLD_spot_price": 3443.199951171875,
    "LEAN_HOGS_future": 93.4000015258789,
    "COPPER_future": 4.4720001220703125,
    "High_Yield_Bond_ETF": 80.87000274658203,
    "LIVE_CATTLE_future": 238.125,
    "GOLD_near_month_future": 3442.800048828125,
    "NATURAL_GAS_future": 2.7339999675750732,
    "PLATINUM_future": 1354.300048828125,
    "SILVER_future": 38.69499969482422,
    "Long_Term_Treasury_ETF": 86.75,
    "CORN_future": 409.25,
    "SOYBEANS_future": 1049.0,
    "WHEAT_future": 531.75,
    "SP500_close": 6465.93994140625,
    "NASDAQ_close": 21544.26953125,
    "US_10Y_Treasury_Yield": 4.258000373840332,
    "VIX_close": 14.619999885559082,
    "GOLD_basis_spot_vs_near": 0.39990234375,
    "China_10Y_Treasury_Yield": 1.7598
  }
}