{
  "latest_date": "2025-10-03",
  "latest_values": {
    "Shanghai_Composite_Index": 3882.777099609375,
    "CSI_300_Index": 4640.68994140625,
    "Shenzhen_Component_Index": 13526.509765625,
    "ALUMINUM_future": 2624.25,
    "BTC_price": 120308.0859375,
    "OIL_price": 60.70000076293945,
    "USD_CNY_exchange_rate": 7.118500232696533,
    "Commodity_Index_ETF": 22.34000015258789,
    "US_Dollar_Index": 97.875,
    "ETH_price": 4513.20751953125,
    "GOLD_spot_price": 3875.300048828125,
    "LEAN_HOGS_future": 86.7750015258789,
    "COPPER_future": 4.958000183105469,
    "High_Yield_Bond_ETF": 80.93000030517578,
    "LIVE_CATTLE_future": 233.5,
    "GOLD_near_month_future": 3875.39990234375,
    "NATURAL_GAS_future": 3.433000087738037,
    "PLATINUM_future": 1592.9000244140625,
    "SILVER_future": 46.779998779296875,
    "Long_Term_Treasury_ETF": 89.55000305175781,
    "CORN_future": 421.5,
    "SOYBEANS_future": 1040.0,
    "WHEAT_future": 513.75,
    "SP500_close": 6715.35009765625,
    "NASDAQ_close": 22844.05078125,
    "US_10Y_Treasury_Yield": 4.0879998207092285,
    "VIX_close": 16.6299991607666,
    "GOLD_basis_spot_vs_near": -0.099853515625,
    "China_10Y_Treasury_Yield": 1.8605
  }
}