{
  "latest_date": "2025-08-12",
  "latest_values": {
    "Shanghai_Composite_Index": 3665.917724609375,
    "CSI_300_Index": 4143.8251953125,
    "Shenzhen_Component_Index": 11291.4296875,
    "ALUMINUM_future": 2563.5,
    "BTC_price": 119452.21875,
    "OIL_price": 63.5,
    "USD_CNY_exchange_rate": 7.181000232696533,
    "Commodity_Index_ETF": 21.810699462890625,
    "US_Dollar_Index": 98.19000244140625,
    "ETH_price": 4429.3125,
    "GOLD_spot_price": 3383.60009765625,
    "LEAN_HOGS_future": 92.2249984741211,
    "COPPER_future": 4.517499923706055,
    "High_Yield_Bond_ETF": 80.29000091552734,
    "LIVE_CATTLE_future": 226.5500030517578,
    "GOLD_near_month_future": 3383.60009765625,
    "NATURAL_GAS_future": 2.8350000381469727,
    "PLATINUM_future": 1338.5,
    "SILVER_future": 37.66999816894531,
    "Long_Term_Treasury_ETF": 86.81999969482422,
    "CORN_future": 403.25,
    "SOYBEANS_future": 997.25,
    "WHEAT_future": 528.5,
    "SP500_close": 6423.7001953125,
    "NASDAQ_close": 21552.494140625,
    "US_10Y_Treasury_Yield": 4.296000003814697,
    "VIX_close": 14.989999771118164,
    "GOLD_basis_spot_vs_near": 0.0,
    "China_10Y_Treasury_Yield": 1.7271
  }
}