{
  "latest_date": "2025-09-05",
  "latest_values": {
    "Shanghai_Composite_Index": 3812.514404296875,
    "CSI_300_Index": 4460.32470703125,
    "Shenzhen_Component_Index": 12590.5615234375,
    "ALUMINUM_future": 2517.25,
    "BTC_price": 111171.6484375,
    "OIL_price": 62.04999923706055,
    "USD_CNY_exchange_rate": 7.14139986038208,
    "Commodity_Index_ETF": 22.020000457763672,
    "US_Dollar_Index": 97.7699966430664,
    "ETH_price": 4309.18701171875,
    "GOLD_spot_price": 3649.199951171875,
    "LEAN_HOGS_future": 96.125,
    "COPPER_future": 4.540999889373779,
    "High_Yield_Bond_ETF": 80.88009643554688,
    "LIVE_CATTLE_future": 235.97500610351562,
    "GOLD_near_month_future": 3649.39990234375,
    "NATURAL_GAS_future": 3.0429999828338623,
    "PLATINUM_future": 1384.9000244140625,
    "SILVER_future": 41.470001220703125,
    "Long_Term_Treasury_ETF": 88.49500274658203,
    "CORN_future": 418.0,
    "SOYBEANS_future": 1026.75,
    "WHEAT_future": 519.0,
    "SP500_close": 6474.72998046875,
    "NASDAQ_close": 21672.16015625,
    "US_10Y_Treasury_Yield": 4.0889997482299805,
    "VIX_close": 15.550000190734863,
    "GOLD_basis_spot_vs_near": -0.199951171875,
    "China_10Y_Treasury_Yield": 1.826
  }
}