{
  "latest_date": "2025-07-07",
  "latest_values": {
    "Shanghai_Composite_Index": 3472.319091796875,
    "CSI_300_Index": 3982.199951171875,
    "Shenzhen_Component_Index": 10508.759765625,
    "ALUMINUM_future": 2529.0,
    "BTC_price": 109589.7421875,
    "OIL_price": 66.06999969482422,
    "USD_CNY_exchange_rate": 7.164899826049805,
    "Commodity_Index_ETF": 22.280000686645508,
    "US_Dollar_Index": 97.05999755859375,
    "ETH_price": 2584.6015625,
    "GOLD_spot_price": 3323.89990234375,
    "LEAN_HOGS_future": 107.9749984741211,
    "COPPER_future": 5.0279998779296875,
    "High_Yield_Bond_ETF": 80.37000274658203,
    "LIVE_CATTLE_future": 214.0500030517578,
    "GOLD_near_month_future": 3377.89990234375,
    "NATURAL_GAS_future": 3.316999912261963,
    "PLATINUM_future": 1386.9000244140625,
    "SILVER_future": 37.01499938964844,
    "Long_Term_Treasury_ETF": 86.97000122070312,
    "CORN_future": 427.0,
    "SOYBEANS_future": 1032.75,
    "WHEAT_future": 545.75,
    "SP500_close": 6279.35009765625,
    "NASDAQ_close": 20601.099609375,
    "US_10Y_Treasury_Yield": 4.3480000495910645,
    "VIX_close": 17.479999542236328,
    "GOLD_basis_spot_vs_near": -54.0,
    "China_10Y_Treasury_Yield": 1.6433
  }
}