{
  "latest_date": "2025-08-08",
  "latest_values": {
    "Shanghai_Composite_Index": 3639.6669921875,
    "CSI_300_Index": 4114.669921875,
    "Shenzhen_Component_Index": 11157.9404296875,
    "ALUMINUM_future": 2582.75,
    "BTC_price": 117210.90625,
    "OIL_price": 64.43000030517578,
    "USD_CNY_exchange_rate": 7.182799816131592,
    "Commodity_Index_ETF": 21.760000228881836,
    "US_Dollar_Index": 98.26000213623047,
    "ETH_price": 3985.179931640625,
    "GOLD_spot_price": 3494.89990234375,
    "LEAN_HOGS_future": 90.67500305175781,
    "COPPER_future": 4.452499866485596,
    "High_Yield_Bond_ETF": 80.19650268554688,
    "LIVE_CATTLE_future": 231.9250030517578,
    "GOLD_near_month_future": 3494.800048828125,
    "NATURAL_GAS_future": 3.0510001182556152,
    "PLATINUM_future": 1343.5,
    "SILVER_future": 38.665000915527344,
    "Long_Term_Treasury_ETF": 87.26499938964844,
    "CORN_future": 409.0,
    "SOYBEANS_future": 994.25,
    "WHEAT_future": 541.75,
    "SP500_close": 6385.22021484375,
    "NASDAQ_close": 21395.154296875,
    "US_10Y_Treasury_Yield": 4.2829999923706055,
    "VIX_close": 15.960000038146973,
    "GOLD_basis_spot_vs_near": 0.099853515625,
    "China_10Y_Treasury_Yield": 1.6891
  }
}