{
  "latest_date": "2025-09-30",
  "latest_values": {
    "Shanghai_Composite_Index": 3862.531982421875,
    "CSI_300_Index": 4620.0498046875,
    "Shenzhen_Component_Index": 13479.4296875,
    "ALUMINUM_future": 2583.5,
    "BTC_price": 114344.90625,
    "OIL_price": 63.08000183105469,
    "USD_CNY_exchange_rate": 7.133800029754639,
    "Commodity_Index_ETF": 22.6200008392334,
    "US_Dollar_Index": 97.95500183105469,
    "ETH_price": 4200.86767578125,
    "GOLD_spot_price": 3890.699951171875,
    "LEAN_HOGS_future": 101.0999984741211,
    "COPPER_future": 4.908999919891357,
    "High_Yield_Bond_ETF": 81.22000122070312,
    "LIVE_CATTLE_future": 231.3000030517578,
    "GOLD_near_month_future": 3890.60009765625,
    "NATURAL_GAS_future": 3.2780001163482666,
    "PLATINUM_future": 1612.0,
    "SILVER_future": 47.224998474121094,
    "Long_Term_Treasury_ETF": 89.62999725341797,
    "CORN_future": 420.5,
    "SOYBEANS_future": 1006.75,
    "WHEAT_future": 517.25,
    "SP500_close": 6661.2099609375,
    "NASDAQ_close": 22591.150390625,
    "US_10Y_Treasury_Yield": 4.140999794006348,
    "VIX_close": 16.1200008392334,
    "GOLD_basis_spot_vs_near": 0.099853515625,
    "China_10Y_Treasury_Yield": 1.887
  }
}