{
  "latest_date": "2025-10-03",
  "latest_values": {
    "Shanghai_Composite_Index": 3882.777099609375,
    "CSI_300_Index": 4640.68994140625,
    "Shenzhen_Component_Index": 13526.509765625,
    "ALUMINUM_future": 2637.75,
    "BTC_price": 123431.109375,
    "OIL_price": 61.13999938964844,
    "USD_CNY_exchange_rate": 7.11899995803833,
    "Commodity_Index_ETF": 22.469999313354492,
    "US_Dollar_Index": 97.6969985961914,
    "ETH_price": 4544.693359375,
    "GOLD_spot_price": 3908.5,
    "LEAN_HOGS_future": 87.375,
    "COPPER_future": 5.107999801635742,
    "High_Yield_Bond_ETF": 80.9000015258789,
    "LIVE_CATTLE_future": 233.85000610351562,
    "GOLD_near_month_future": 3908.300048828125,
    "NATURAL_GAS_future": 3.3469998836517334,
    "PLATINUM_future": 1643.800048828125,
    "SILVER_future": 48.04999923706055,
    "Long_Term_Treasury_ETF": 89.36150360107422,
    "CORN_future": 421.25,
    "SOYBEANS_future": 1044.5,
    "WHEAT_future": 516.5,
    "SP500_close": 6748.18994140625,
    "NASDAQ_close": 22902.7421875,
    "US_10Y_Treasury_Yield": 4.109999656677246,
    "VIX_close": 16.280000686645508,
    "GOLD_basis_spot_vs_near": 0.199951171875,
    "China_10Y_Treasury_Yield": 1.8605
  }
}