{
  "latest_date": "2025-08-06",
  "latest_values": {
    "Shanghai_Composite_Index": 3617.597900390625,
    "CSI_300_Index": 4103.4501953125,
    "Shenzhen_Component_Index": 11106.9599609375,
    "ALUMINUM_future": 2488.0,
    "BTC_price": 114093.4375,
    "OIL_price": 65.63999938964844,
    "USD_CNY_exchange_rate": 7.177999973297119,
    "Commodity_Index_ETF": 21.81999969482422,
    "US_Dollar_Index": 98.73799896240234,
    "ETH_price": 3632.4443359375,
    "GOLD_spot_price": 3428.89990234375,
    "LEAN_HOGS_future": 92.7750015258789,
    "COPPER_future": 4.401500225067139,
    "High_Yield_Bond_ETF": 80.20999908447266,
    "LIVE_CATTLE_future": 227.60000610351562,
    "GOLD_near_month_future": 3429.0,
    "NATURAL_GAS_future": 2.9539999961853027,
    "PLATINUM_future": 1331.5999755859375,
    "SILVER_future": 37.849998474121094,
    "Long_Term_Treasury_ETF": 88.33000183105469,
    "CORN_future": 401.5,
    "SOYBEANS_future": 993.0,
    "WHEAT_future": 528.75,
    "SP500_close": 6299.18994140625,
    "NASDAQ_close": 20916.55078125,
    "US_10Y_Treasury_Yield": 4.196000099182129,
    "VIX_close": 17.850000381469727,
    "GOLD_basis_spot_vs_near": -0.10009765625,
    "China_10Y_Treasury_Yield": 1.7061
  }
}