{
  "latest_date": "2025-08-12",
  "latest_values": {
    "Shanghai_Composite_Index": 3647.547119140625,
    "CSI_300_Index": 4122.509765625,
    "Shenzhen_Component_Index": 11291.4296875,
    "ALUMINUM_future": 2523.5,
    "BTC_price": 119044.0703125,
    "OIL_price": 64.16999816894531,
    "USD_CNY_exchange_rate": 7.181000232696533,
    "Commodity_Index_ETF": 21.8700008392334,
    "US_Dollar_Index": 98.54000091552734,
    "ETH_price": 4302.32958984375,
    "GOLD_spot_price": 3393.60009765625,
    "LEAN_HOGS_future": 91.625,
    "COPPER_future": 4.46750020980835,
    "High_Yield_Bond_ETF": 80.22000122070312,
    "LIVE_CATTLE_future": 226.375,
    "GOLD_near_month_future": 3393.60009765625,
    "NATURAL_GAS_future": 2.9590001106262207,
    "PLATINUM_future": 1333.4000244140625,
    "SILVER_future": 37.8849983215332,
    "Long_Term_Treasury_ETF": 87.38999938964844,
    "CORN_future": 404.25,
    "SOYBEANS_future": 1001.0,
    "WHEAT_future": 532.5,
    "SP500_close": 6373.4501953125,
    "NASDAQ_close": 21385.400390625,
    "US_10Y_Treasury_Yield": 4.2729997634887695,
    "VIX_close": 16.25,
    "GOLD_basis_spot_vs_near": 0.0,
    "China_10Y_Treasury_Yield": 1.7203
  }
}