{
  "latest_date": "2025-07-22",
  "latest_values": {
    "Shanghai_Composite_Index": 3559.791015625,
    "CSI_300_Index": 4085.610107421875,
    "Shenzhen_Component_Index": 11007.490234375,
    "ALUMINUM_future": 2604.75,
    "BTC_price": 117381.5078125,
    "OIL_price": 66.61000061035156,
    "USD_CNY_exchange_rate": 7.177700042724609,
    "Commodity_Index_ETF": 22.479999542236328,
    "US_Dollar_Index": 97.89099884033203,
    "ETH_price": 3769.103759765625,
    "GOLD_spot_price": 3402.300048828125,
    "LEAN_HOGS_future": 107.30000305175781,
    "COPPER_future": 5.607999801635742,
    "High_Yield_Bond_ETF": 80.36000061035156,
    "LIVE_CATTLE_future": 225.1750030517578,
    "GOLD_near_month_future": 3459.0,
    "NATURAL_GAS_future": 3.322999954223633,
    "PLATINUM_future": 1496.0,
    "SILVER_future": 39.10499954223633,
    "Long_Term_Treasury_ETF": 86.0,
    "CORN_future": 422.75,
    "SOYBEANS_future": 1027.0,
    "WHEAT_future": 539.5,
    "SP500_close": 6305.60009765625,
    "NASDAQ_close": 20974.1796875,
    "US_10Y_Treasury_Yield": 4.372000217437744,
    "VIX_close": 16.649999618530273,
    "GOLD_basis_spot_vs_near": -56.699951171875,
    "China_10Y_Treasury_Yield": 1.6774
  }
}