{
  "latest_date": "2025-08-13",
  "latest_values": {
    "Shanghai_Composite_Index": 3665.91796875,
    "CSI_300_Index": 4143.830078125,
    "Shenzhen_Component_Index": 11351.6298828125,
    "ALUMINUM_future": 2570.75,
    "BTC_price": 120589.6328125,
    "OIL_price": 62.779998779296875,
    "USD_CNY_exchange_rate": 7.187699794769287,
    "Commodity_Index_ETF": 21.780000686645508,
    "US_Dollar_Index": 97.70099639892578,
    "ETH_price": 4686.599609375,
    "GOLD_spot_price": 3412.699951171875,
    "LEAN_HOGS_future": 91.5,
    "COPPER_future": 4.53000020980835,
    "High_Yield_Bond_ETF": 80.4000015258789,
    "LIVE_CATTLE_future": 229.25,
    "GOLD_near_month_future": 3412.800048828125,
    "NATURAL_GAS_future": 2.802999973297119,
    "PLATINUM_future": 1356.9000244140625,
    "SILVER_future": 38.63999938964844,
    "Long_Term_Treasury_ETF": 86.94999694824219,
    "CORN_future": 397.0,
    "SOYBEANS_future": 1045.5,
    "WHEAT_future": 527.5,
    "SP500_close": 6445.759765625,
    "NASDAQ_close": 21681.900390625,
    "US_10Y_Treasury_Yield": 4.293000221252441,
    "VIX_close": 14.569999694824219,
    "GOLD_basis_spot_vs_near": -0.10009765625,
    "China_10Y_Treasury_Yield": 1.7262
  }
}