{
  "latest_date": "2025-06-30",
  "latest_values": {
    "Shanghai_Composite_Index": 3424.22705078125,
    "CSI_300_Index": 3921.760009765625,
    "Shenzhen_Component_Index": 10378.5498046875,
    "ALUMINUM_future": 2560.0,
    "BTC_price": 107728.78125,
    "OIL_price": 65.19000244140625,
    "USD_CNY_exchange_rate": 7.167500019073486,
    "Commodity_Index_ETF": 21.799999237060547,
    "US_Dollar_Index": 97.18299865722656,
    "ETH_price": 2483.34033203125,
    "GOLD_spot_price": 3302.39990234375,
    "LEAN_HOGS_future": 113.0999984741211,
    "COPPER_future": 5.0904998779296875,
    "High_Yield_Bond_ETF": 80.33999633789062,
    "LIVE_CATTLE_future": 213.60000610351562,
    "GOLD_near_month_future": 3302.10009765625,
    "NATURAL_GAS_future": 3.628999948501587,
    "PLATINUM_future": 1376.699951171875,
    "SILVER_future": 36.310001373291016,
    "Long_Term_Treasury_ETF": 87.38999938964844,
    "CORN_future": 424.5,
    "SOYBEANS_future": 1025.75,
    "WHEAT_future": 537.25,
    "SP500_close": 6173.06982421875,
    "NASDAQ_close": 20273.4609375,
    "US_10Y_Treasury_Yield": 4.2829999923706055,
    "VIX_close": 17.15999984741211,
    "GOLD_basis_spot_vs_near": 0.2998046875,
    "China_10Y_Treasury_Yield": 1.6462
  }
}