{
  "latest_date": "2025-09-30",
  "latest_values": {
    "Shanghai_Composite_Index": 3882.77734375,
    "CSI_300_Index": 4640.693359375,
    "Shenzhen_Component_Index": 13479.4296875,
    "ALUMINUM_future": 2583.5,
    "BTC_price": 113225.8046875,
    "OIL_price": 62.790000915527344,
    "USD_CNY_exchange_rate": 7.118500232696533,
    "Commodity_Index_ETF": 22.56999969482422,
    "US_Dollar_Index": 97.82099914550781,
    "ETH_price": 4123.41064453125,
    "GOLD_spot_price": 3870.199951171875,
    "LEAN_HOGS_future": 90.8499984741211,
    "COPPER_future": 4.827000141143799,
    "High_Yield_Bond_ETF": 81.13999938964844,
    "LIVE_CATTLE_future": 236.64999389648438,
    "GOLD_near_month_future": 3870.300048828125,
    "NATURAL_GAS_future": 3.3269999027252197,
    "PLATINUM_future": 1587.9000244140625,
    "SILVER_future": 46.5,
    "Long_Term_Treasury_ETF": 89.55000305175781,
    "CORN_future": 416.5,
    "SOYBEANS_future": 1004.0,
    "WHEAT_future": 510.25,
    "SP500_close": 6658.33984375,
    "NASDAQ_close": 22564.033203125,
    "US_10Y_Treasury_Yield": 4.134999752044678,
    "VIX_close": 16.389999389648438,
    "GOLD_basis_spot_vs_near": -0.10009765625,
    "China_10Y_Treasury_Yield": 1.8605
  }
}