{
  "latest_date": "2025-09-02",
  "latest_values": {
    "Shanghai_Composite_Index": 3875.531005859375,
    "CSI_300_Index": 4523.7099609375,
    "Shenzhen_Component_Index": 12828.9501953125,
    "ALUMINUM_future": 2542.75,
    "BTC_price": 110209.3125,
    "OIL_price": 64.91999816894531,
    "USD_CNY_exchange_rate": 7.13040018081665,
    "Commodity_Index_ETF": 22.209999084472656,
    "US_Dollar_Index": 97.8489990234375,
    "ETH_price": 4382.86181640625,
    "GOLD_spot_price": 3565.800048828125,
    "LEAN_HOGS_future": 95.0250015258789,
    "COPPER_future": 4.5894999504089355,
    "High_Yield_Bond_ETF": 80.86000061035156,
    "LIVE_CATTLE_future": 239.64999389648438,
    "GOLD_near_month_future": 3565.89990234375,
    "NATURAL_GAS_future": 2.9549999237060547,
    "PLATINUM_future": 1433.5999755859375,
    "SILVER_future": 41.77000045776367,
    "Long_Term_Treasury_ETF": 86.5999984741211,
    "CORN_future": 417.5,
    "SOYBEANS_future": 1045.25,
    "WHEAT_future": 528.75,
    "SP500_close": 6460.259765625,
    "NASDAQ_close": 21455.55078125,
    "US_10Y_Treasury_Yield": 4.2270002365112305,
    "VIX_close": 16.1200008392334,
    "GOLD_basis_spot_vs_near": -0.099853515625,
    "China_10Y_Treasury_Yield": 1.8257
  }
}