{
  "latest_date": "2025-07-22",
  "latest_values": {
    "Shanghai_Composite_Index": 3581.861083984375,
    "CSI_300_Index": 4118.9580078125,
    "Shenzhen_Component_Index": 11099.8310546875,
    "ALUMINUM_future": 2654.0,
    "BTC_price": 119429.78125,
    "OIL_price": 66.36000061035156,
    "USD_CNY_exchange_rate": 7.177700042724609,
    "Commodity_Index_ETF": 22.44499969482422,
    "US_Dollar_Index": 97.36900329589844,
    "ETH_price": 3673.1728515625,
    "GOLD_spot_price": 3443.800048828125,
    "LEAN_HOGS_future": 107.625,
    "COPPER_future": 5.732500076293945,
    "High_Yield_Bond_ETF": 80.4800033569336,
    "LIVE_CATTLE_future": 224.89999389648438,
    "GOLD_near_month_future": 3501.89990234375,
    "NATURAL_GAS_future": 3.257999897003174,
    "PLATINUM_future": 1478.300048828125,
    "SILVER_future": 39.6150016784668,
    "Long_Term_Treasury_ETF": 86.5199966430664,
    "CORN_future": 417.5,
    "SOYBEANS_future": 1026.0,
    "WHEAT_future": 549.5,
    "SP500_close": 6309.6201171875,
    "NASDAQ_close": 20892.685546875,
    "US_10Y_Treasury_Yield": 4.335999965667725,
    "VIX_close": 16.489999771118164,
    "GOLD_basis_spot_vs_near": -58.099853515625,
    "China_10Y_Treasury_Yield": 1.6907
  }
}