{
  "latest_date": "2025-09-02",
  "latest_values": {
    "Shanghai_Composite_Index": 3858.13330078125,
    "CSI_300_Index": 4490.45263671875,
    "Shenzhen_Component_Index": 12553.837890625,
    "ALUMINUM_future": 2565.0,
    "BTC_price": 110672.0546875,
    "OIL_price": 65.63999938964844,
    "USD_CNY_exchange_rate": 7.138500213623047,
    "Commodity_Index_ETF": 22.575000762939453,
    "US_Dollar_Index": 98.33699798583984,
    "ETH_price": 4274.38525390625,
    "GOLD_spot_price": 3600.0,
    "LEAN_HOGS_future": 95.5,
    "COPPER_future": 4.638999938964844,
    "High_Yield_Bond_ETF": 80.40499877929688,
    "LIVE_CATTLE_future": 239.52499389648438,
    "GOLD_near_month_future": 3599.699951171875,
    "NATURAL_GAS_future": 2.999000072479248,
    "PLATINUM_future": 1415.9000244140625,
    "SILVER_future": 41.69499969482422,
    "Long_Term_Treasury_ETF": 85.61000061035156,
    "CORN_future": 423.0,
    "SOYBEANS_future": 1040.0,
    "WHEAT_future": 528.5,
    "SP500_close": 6413.9599609375,
    "NASDAQ_close": 21276.107421875,
    "US_10Y_Treasury_Yield": 4.2769999504089355,
    "VIX_close": 17.670000076293945,
    "GOLD_basis_spot_vs_near": 0.300048828125,
    "China_10Y_Treasury_Yield": 1.8167
  }
}