{
  "latest_date": "2025-08-01",
  "latest_values": {
    "Shanghai_Composite_Index": 3559.951904296875,
    "CSI_300_Index": 4054.9287109375,
    "Shenzhen_Component_Index": 10991.3212890625,
    "ALUMINUM_future": 2482.25,
    "BTC_price": 114715.4140625,
    "OIL_price": 67.55999755859375,
    "USD_CNY_exchange_rate": 7.176400184631348,
    "Commodity_Index_ETF": 22.1299991607666,
    "US_Dollar_Index": 99.00700378417969,
    "ETH_price": 3575.5458984375,
    "GOLD_spot_price": 3400.0,
    "LEAN_HOGS_future": 90.19999694824219,
    "COPPER_future": 4.433499813079834,
    "High_Yield_Bond_ETF": 79.94499969482422,
    "LIVE_CATTLE_future": 223.5,
    "GOLD_near_month_future": 3399.800048828125,
    "NATURAL_GAS_future": 3.0759999752044678,
    "PLATINUM_future": 1319.800048828125,
    "SILVER_future": 36.904998779296875,
    "Long_Term_Treasury_ETF": 87.8207015991211,
    "CORN_future": 410.0,
    "SOYBEANS_future": 990.25,
    "WHEAT_future": 537.5,
    "SP500_close": 6232.830078125,
    "NASDAQ_close": 20648.26953125,
    "US_10Y_Treasury_Yield": 4.234000205993652,
    "VIX_close": 20.40999984741211,
    "GOLD_basis_spot_vs_near": 0.199951171875,
    "China_10Y_Treasury_Yield": 1.7059
  }
}