{
  "latest_date": "2025-08-15",
  "latest_values": {
    "Shanghai_Composite_Index": 3666.443115234375,
    "CSI_300_Index": 4173.31005859375,
    "Shenzhen_Component_Index": 11451.4296875,
    "ALUMINUM_future": 2533.0,
    "BTC_price": 118605.3671875,
    "OIL_price": 63.02000045776367,
    "USD_CNY_exchange_rate": 7.174300193786621,
    "Commodity_Index_ETF": 21.84000015258789,
    "US_Dollar_Index": 97.81199645996094,
    "ETH_price": 4613.234375,
    "GOLD_spot_price": 3390.5,
    "LEAN_HOGS_future": 88.9000015258789,
    "COPPER_future": 4.491000175476074,
    "High_Yield_Bond_ETF": 80.4000015258789,
    "LIVE_CATTLE_future": 226.77499389648438,
    "GOLD_near_month_future": 3390.5,
    "NATURAL_GAS_future": 2.8929998874664307,
    "PLATINUM_future": 1353.699951171875,
    "SILVER_future": 37.90999984741211,
    "Long_Term_Treasury_ETF": 87.0199966430664,
    "CORN_future": 401.0,
    "SOYBEANS_future": 1036.25,
    "WHEAT_future": 527.25,
    "SP500_close": 6468.5400390625,
    "NASDAQ_close": 21710.669921875,
    "US_10Y_Treasury_Yield": 4.289000034332275,
    "VIX_close": 14.550000190734863,
    "GOLD_basis_spot_vs_near": 0.0,
    "China_10Y_Treasury_Yield": 1.7465
  }
}