{
  "latest_date": "2025-08-21",
  "latest_values": {
    "Shanghai_Composite_Index": 3771.098876953125,
    "CSI_300_Index": 4288.07080078125,
    "Shenzhen_Component_Index": 11926.740234375,
    "ALUMINUM_future": 2502.0,
    "BTC_price": 112777.9921875,
    "OIL_price": 63.2400016784668,
    "USD_CNY_exchange_rate": 7.1819000244140625,
    "Commodity_Index_ETF": 21.969999313354492,
    "US_Dollar_Index": 98.63600158691406,
    "ETH_price": 4248.77197265625,
    "GOLD_spot_price": 3387.5,
    "LEAN_HOGS_future": 89.875,
    "COPPER_future": 4.428999900817871,
    "High_Yield_Bond_ETF": 80.20500183105469,
    "LIVE_CATTLE_future": 234.89999389648438,
    "GOLD_near_month_future": 3387.699951171875,
    "NATURAL_GAS_future": 2.8450000286102295,
    "PLATINUM_future": 1351.5999755859375,
    "SILVER_future": 38.150001525878906,
    "Long_Term_Treasury_ETF": 86.16999816894531,
    "CORN_future": 409.75,
    "SOYBEANS_future": 1049.0,
    "WHEAT_future": 527.5,
    "SP500_close": 6365.7900390625,
    "NASDAQ_close": 21091.6953125,
    "US_10Y_Treasury_Yield": 4.3429999351501465,
    "VIX_close": 16.270000457763672,
    "GOLD_basis_spot_vs_near": -0.199951171875,
    "China_10Y_Treasury_Yield": 1.7667
  }
}