{
  "latest_date": "2025-08-08",
  "latest_values": {
    "Shanghai_Composite_Index": 3639.6669921875,
    "CSI_300_Index": 4114.669921875,
    "Shenzhen_Component_Index": 11157.9404296875,
    "ALUMINUM_future": 2546.5,
    "BTC_price": 116849.0,
    "OIL_price": 63.900001525878906,
    "USD_CNY_exchange_rate": 7.182799816131592,
    "Commodity_Index_ETF": 21.84000015258789,
    "US_Dollar_Index": 98.13300323486328,
    "ETH_price": 3924.120849609375,
    "GOLD_spot_price": 3492.800048828125,
    "COPPER_future": 4.434000015258789,
    "High_Yield_Bond_ETF": 80.20999908447266,
    "LIVE_CATTLE_future": 232.5749969482422,
    "GOLD_near_month_future": 3492.699951171875,
    "NATURAL_GAS_future": 3.0969998836517334,
    "PLATINUM_future": 1359.0999755859375,
    "SILVER_future": 38.709999084472656,
    "Long_Term_Treasury_ETF": 87.66999816894531,
    "CORN_future": 408.75,
    "SOYBEANS_future": 997.75,
    "WHEAT_future": 541.5,
    "SP500_close": 6340.0,
    "NASDAQ_close": 21242.69921875,
    "US_10Y_Treasury_Yield": 4.24399995803833,
    "VIX_close": 16.469999313354492,
    "GOLD_basis_spot_vs_near": 0.10009765625,
    "China_10Y_Treasury_Yield": 1.6894
  }
}