{
  "latest_date": "2025-08-11",
  "latest_values": {
    "Shanghai_Composite_Index": 3635.1279296875,
    "CSI_300_Index": 4104.97021484375,
    "Shenzhen_Component_Index": 11128.669921875,
    "ALUMINUM_future": 2590.5,
    "BTC_price": 120984.046875,
    "OIL_price": 63.970001220703125,
    "USD_CNY_exchange_rate": 7.181000232696533,
    "Commodity_Index_ETF": 21.84000015258789,
    "US_Dollar_Index": 98.27300262451172,
    "ETH_price": 4226.62939453125,
    "GOLD_spot_price": 3413.60009765625,
    "LEAN_HOGS_future": 90.55000305175781,
    "COPPER_future": 4.445499897003174,
    "High_Yield_Bond_ETF": 80.22000122070312,
    "LIVE_CATTLE_future": 225.9499969482422,
    "GOLD_near_month_future": 3413.5,
    "NATURAL_GAS_future": 2.927999973297119,
    "PLATINUM_future": 1321.800048828125,
    "SILVER_future": 37.83000183105469,
    "Long_Term_Treasury_ETF": 87.29000091552734,
    "CORN_future": 407.75,
    "SOYBEANS_future": 1009.0,
    "WHEAT_future": 537.0,
    "SP500_close": 6389.4501953125,
    "NASDAQ_close": 21450.01953125,
    "US_10Y_Treasury_Yield": 4.284999847412109,
    "VIX_close": 15.890000343322754,
    "GOLD_basis_spot_vs_near": 0.10009765625,
    "China_10Y_Treasury_Yield": 1.7203
  }
}