{
  "latest_date": "2025-08-26",
  "latest_values": {
    "Shanghai_Composite_Index": 3868.382080078125,
    "CSI_300_Index": 4452.59033203125,
    "Shenzhen_Component_Index": 12473.173828125,
    "ALUMINUM_future": 2578.5,
    "BTC_price": 110635.390625,
    "OIL_price": 63.290000915527344,
    "USD_CNY_exchange_rate": 7.151500225067139,
    "Commodity_Index_ETF": 22.0049991607666,
    "US_Dollar_Index": 98.21800231933594,
    "ETH_price": 4543.36962890625,
    "GOLD_spot_price": 3433.39990234375,
    "LEAN_HOGS_future": 93.4000015258789,
    "COPPER_future": 4.4664998054504395,
    "High_Yield_Bond_ETF": 80.84500122070312,
    "LIVE_CATTLE_future": 238.125,
    "GOLD_near_month_future": 3433.300048828125,
    "NATURAL_GAS_future": 2.7260000705718994,
    "PLATINUM_future": 1349.199951171875,
    "SILVER_future": 38.57500076293945,
    "Long_Term_Treasury_ETF": 86.69999694824219,
    "CORN_future": 409.25,
    "SOYBEANS_future": 1049.0,
    "WHEAT_future": 531.75,
    "SP500_close": 6450.3798828125,
    "NASDAQ_close": 21492.21484375,
    "US_10Y_Treasury_Yield": 4.258000373840332,
    "VIX_close": 14.960000038146973,
    "GOLD_basis_spot_vs_near": 0.099853515625,
    "China_10Y_Treasury_Yield": 1.7598
  }
}