{
  "latest_date": "2025-07-02",
  "latest_values": {
    "Shanghai_Composite_Index": 3454.79248046875,
    "CSI_300_Index": 3943.684814453125,
    "Shenzhen_Component_Index": 10412.6279296875,
    "ALUMINUM_future": 2581.5,
    "BTC_price": 109605.609375,
    "OIL_price": 67.29000091552734,
    "USD_CNY_exchange_rate": 7.164899826049805,
    "Commodity_Index_ETF": 22.30500030517578,
    "US_Dollar_Index": 96.7959976196289,
    "ETH_price": 2582.884765625,
    "GOLD_spot_price": 3362.60009765625,
    "LEAN_HOGS_future": 107.7750015258789,
    "COPPER_future": 5.197999954223633,
    "High_Yield_Bond_ETF": 80.30000305175781,
    "LIVE_CATTLE_future": 212.625,
    "GOLD_near_month_future": 3418.5,
    "NATURAL_GAS_future": 3.4809999465942383,
    "PLATINUM_future": 1436.9000244140625,
    "SILVER_future": 36.73500061035156,
    "Long_Term_Treasury_ETF": 87.46499633789062,
    "CORN_future": 433.75,
    "SOYBEANS_future": 1047.75,
    "WHEAT_future": 565.0,
    "SP500_close": 6223.56005859375,
    "NASDAQ_close": 20375.99609375,
    "US_10Y_Treasury_Yield": 4.290999889373779,
    "VIX_close": 16.639999389648438,
    "GOLD_basis_spot_vs_near": -55.89990234375,
    "China_10Y_Treasury_Yield": 1.6396
  }
}