{
  "latest_date": "2025-09-24",
  "latest_values": {
    "Shanghai_Composite_Index": 3821.8330078125,
    "CSI_300_Index": 4519.77978515625,
    "Shenzhen_Component_Index": 13119.8203125,
    "ALUMINUM_future": 2564.25,
    "BTC_price": 111455.234375,
    "OIL_price": 63.61000061035156,
    "USD_CNY_exchange_rate": 7.113999843597412,
    "Commodity_Index_ETF": 22.489999771118164,
    "US_Dollar_Index": 97.35600280761719,
    "ETH_price": 4102.22607421875,
    "GOLD_spot_price": 3799.5,
    "LEAN_HOGS_future": 100.44999694824219,
    "COPPER_future": 4.642000198364258,
    "High_Yield_Bond_ETF": 81.26000213623047,
    "LIVE_CATTLE_future": 241.4250030517578,
    "GOLD_near_month_future": 3799.39990234375,
    "NATURAL_GAS_future": 3.1489999294281006,
    "PLATINUM_future": 1499.5,
    "SILVER_future": 44.41999816894531,
    "Long_Term_Treasury_ETF": 89.31999969482422,
    "CORN_future": 426.25,
    "SOYBEANS_future": 1010.75,
    "WHEAT_future": 522.25,
    "SP500_close": 6656.919921875,
    "NASDAQ_close": 22573.470703125,
    "US_10Y_Treasury_Yield": 4.119999885559082,
    "VIX_close": 16.639999389648438,
    "GOLD_basis_spot_vs_near": 0.10009765625,
    "China_10Y_Treasury_Yield": 1.877
  }
}