{
  "latest_date": "2025-07-08",
  "latest_values": {
    "Shanghai_Composite_Index": 3497.475341796875,
    "CSI_300_Index": 3998.45263671875,
    "Shenzhen_Component_Index": 10588.39453125,
    "ALUMINUM_future": 2521.0,
    "BTC_price": 109120.7109375,
    "OIL_price": 68.4000015258789,
    "USD_CNY_exchange_rate": 7.164899826049805,
    "Commodity_Index_ETF": 22.339099884033203,
    "US_Dollar_Index": 97.50399780273438,
    "ETH_price": 2620.79443359375,
    "GOLD_spot_price": 3313.699951171875,
    "LEAN_HOGS_future": 106.92500305175781,
    "COPPER_future": 5.5229997634887695,
    "High_Yield_Bond_ETF": 79.95999908447266,
    "LIVE_CATTLE_future": 219.89999389648438,
    "GOLD_near_month_future": 3370.199951171875,
    "NATURAL_GAS_future": 3.3320000171661377,
    "PLATINUM_future": 1395.0999755859375,
    "SILVER_future": 36.8849983215332,
    "Long_Term_Treasury_ETF": 85.83499908447266,
    "CORN_future": 415.0,
    "SOYBEANS_future": 1017.75,
    "WHEAT_future": 547.75,
    "SP500_close": 6227.72998046875,
    "NASDAQ_close": 20415.9453125,
    "US_10Y_Treasury_Yield": 4.416999816894531,
    "VIX_close": 16.760000228881836,
    "GOLD_basis_spot_vs_near": -56.5,
    "China_10Y_Treasury_Yield": 1.6444
  }
}