{
  "latest_date": "2025-09-11",
  "latest_values": {
    "Shanghai_Composite_Index": 3812.220947265625,
    "CSI_300_Index": 4445.3701171875,
    "Shenzhen_Component_Index": 12557.6796875,
    "ALUMINUM_future": 2595.75,
    "BTC_price": 113769.8515625,
    "OIL_price": 62.56999969482422,
    "USD_CNY_exchange_rate": 7.1209001541137695,
    "Commodity_Index_ETF": 22.389999389648438,
    "US_Dollar_Index": 97.67900085449219,
    "ETH_price": 4412.0244140625,
    "GOLD_spot_price": 3666.699951171875,
    "LEAN_HOGS_future": 96.69999694824219,
    "COPPER_future": 4.610000133514404,
    "High_Yield_Bond_ETF": 80.83999633789062,
    "LIVE_CATTLE_future": 231.27499389648438,
    "GOLD_near_month_future": 3666.699951171875,
    "NATURAL_GAS_future": 3.006999969482422,
    "PLATINUM_future": 1395.0,
    "SILVER_future": 41.60499954223633,
    "Long_Term_Treasury_ETF": 89.73999786376953,
    "CORN_future": 417.0,
    "SOYBEANS_future": 1031.75,
    "WHEAT_future": 512.25,
    "SP500_close": 6532.0400390625,
    "NASDAQ_close": 21886.060546875,
    "US_10Y_Treasury_Yield": 4.0279998779296875,
    "VIX_close": 14.789999961853027,
    "GOLD_basis_spot_vs_near": 0.0,
    "China_10Y_Treasury_Yield": 1.8743
  }
}