{
  "latest_date": "2025-09-26",
  "latest_values": {
    "Shanghai_Composite_Index": 3853.302001953125,
    "CSI_300_Index": 4593.490234375,
    "Shenzhen_Component_Index": 13445.900390625,
    "ALUMINUM_future": 2578.25,
    "BTC_price": 109508.296875,
    "OIL_price": 65.06999969482422,
    "USD_CNY_exchange_rate": 7.131499767303467,
    "Commodity_Index_ETF": 22.799999237060547,
    "US_Dollar_Index": 98.36900329589844,
    "ETH_price": 3931.888671875,
    "GOLD_spot_price": 3780.199951171875,
    "LEAN_HOGS_future": 100.125,
    "COPPER_future": 4.759500026702881,
    "High_Yield_Bond_ETF": 80.91999816894531,
    "LIVE_CATTLE_future": 232.02499389648438,
    "GOLD_near_month_future": 3780.199951171875,
    "NATURAL_GAS_future": 3.2339999675750732,
    "PLATINUM_future": 1579.5,
    "SILVER_future": 45.35499954223633,
    "Long_Term_Treasury_ETF": 88.9800033569336,
    "CORN_future": 424.75,
    "SOYBEANS_future": 1010.25,
    "WHEAT_future": 524.0,
    "SP500_close": 6604.72021484375,
    "NASDAQ_close": 22384.69921875,
    "US_10Y_Treasury_Yield": 4.171999931335449,
    "VIX_close": 16.719999313354492,
    "GOLD_basis_spot_vs_near": 0.0,
    "China_10Y_Treasury_Yield": 1.884
  }
}