{
  "latest_date": "2025-09-08",
  "latest_values": {
    "Shanghai_Composite_Index": 3826.8408203125,
    "CSI_300_Index": 4467.5732421875,
    "Shenzhen_Component_Index": 12666.841796875,
    "ALUMINUM_future": 2553.5,
    "BTC_price": 111939.0703125,
    "OIL_price": 62.439998626708984,
    "USD_CNY_exchange_rate": 7.132500171661377,
    "Commodity_Index_ETF": 22.18000030517578,
    "US_Dollar_Index": 97.447998046875,
    "ETH_price": 4296.9736328125,
    "GOLD_spot_price": 3676.60009765625,
    "LEAN_HOGS_future": 95.25,
    "COPPER_future": 4.565000057220459,
    "High_Yield_Bond_ETF": 80.87000274658203,
    "LIVE_CATTLE_future": 235.75,
    "GOLD_near_month_future": 3676.60009765625,
    "NATURAL_GAS_future": 3.0980000495910645,
    "PLATINUM_future": 1388.800048828125,
    "SILVER_future": 41.92499923706055,
    "Long_Term_Treasury_ETF": 89.73999786376953,
    "CORN_future": 421.5,
    "SOYBEANS_future": 1034.0,
    "WHEAT_future": 524.25,
    "SP500_close": 6495.14990234375,
    "NASDAQ_close": 21798.69921875,
    "US_10Y_Treasury_Yield": 4.046000003814697,
    "VIX_close": 15.109999656677246,
    "GOLD_basis_spot_vs_near": 0.0,
    "China_10Y_Treasury_Yield": 1.8514
  }
}