{
  "latest_date": "2025-10-03",
  "latest_values": {
    "Shanghai_Composite_Index": 3882.777099609375,
    "CSI_300_Index": 4640.68994140625,
    "Shenzhen_Component_Index": 13526.509765625,
    "ALUMINUM_future": 2637.75,
    "BTC_price": 119571.3203125,
    "OIL_price": 60.970001220703125,
    "USD_CNY_exchange_rate": 7.11899995803833,
    "Commodity_Index_ETF": 22.34000015258789,
    "US_Dollar_Index": 97.76399993896484,
    "ETH_price": 4450.380859375,
    "GOLD_spot_price": 3885.60009765625,
    "LEAN_HOGS_future": 98.6500015258789,
    "COPPER_future": 5.001500129699707,
    "High_Yield_Bond_ETF": 80.93000030517578,
    "LIVE_CATTLE_future": 233.5,
    "GOLD_near_month_future": 3885.5,
    "NATURAL_GAS_future": 3.4170000553131104,
    "PLATINUM_future": 1547.699951171875,
    "SILVER_future": 47.209999084472656,
    "Long_Term_Treasury_ETF": 89.55000305175781,
    "CORN_future": 422.0,
    "SOYBEANS_future": 1040.25,
    "WHEAT_future": 513.75,
    "SP500_close": 6715.35009765625,
    "NASDAQ_close": 22844.05078125,
    "US_10Y_Treasury_Yield": 4.0879998207092285,
    "VIX_close": 16.31999969482422,
    "GOLD_basis_spot_vs_near": 0.10009765625,
    "China_10Y_Treasury_Yield": 1.8605
  }
}