{
  "latest_date": "2025-09-10",
  "latest_values": {
    "Shanghai_Composite_Index": 3807.2919921875,
    "CSI_300_Index": 4436.259765625,
    "Shenzhen_Component_Index": 12510.599609375,
    "ALUMINUM_future": 2546.25,
    "BTC_price": 112331.3046875,
    "OIL_price": 63.27000045776367,
    "USD_CNY_exchange_rate": 7.129300117492676,
    "Commodity_Index_ETF": 22.239999771118164,
    "US_Dollar_Index": 97.81600189208984,
    "ETH_price": 4329.68115234375,
    "GOLD_spot_price": 3685.800048828125,
    "LEAN_HOGS_future": 96.1500015258789,
    "COPPER_future": 4.569499969482422,
    "High_Yield_Bond_ETF": 80.77999877929688,
    "LIVE_CATTLE_future": 230.02499389648438,
    "GOLD_near_month_future": 3685.89990234375,
    "NATURAL_GAS_future": 3.109999895095825,
    "PLATINUM_future": 1392.0999755859375,
    "SILVER_future": 41.59000015258789,
    "Long_Term_Treasury_ETF": 89.2300033569336,
    "CORN_future": 419.0,
    "SOYBEANS_future": 1027.5,
    "WHEAT_future": 521.5,
    "SP500_close": 6512.60986328125,
    "NASDAQ_close": 21879.490234375,
    "US_10Y_Treasury_Yield": 4.073999881744385,
    "VIX_close": 15.170000076293945,
    "GOLD_basis_spot_vs_near": -0.099853515625,
    "China_10Y_Treasury_Yield": 1.8641
  }
}