{
  "latest_date": "2025-09-02",
  "latest_values": {
    "Shanghai_Composite_Index": 3875.531005859375,
    "CSI_300_Index": 4523.7099609375,
    "Shenzhen_Component_Index": 12828.9501953125,
    "ALUMINUM_future": 2514.75,
    "BTC_price": 110200.5,
    "OIL_price": 65.9000015258789,
    "USD_CNY_exchange_rate": 7.13040018081665,
    "Commodity_Index_ETF": 22.209999084472656,
    "US_Dollar_Index": 98.38600158691406,
    "ETH_price": 4386.61279296875,
    "GOLD_spot_price": 3554.10009765625,
    "LEAN_HOGS_future": 95.0,
    "COPPER_future": 4.569499969482422,
    "High_Yield_Bond_ETF": 80.86000061035156,
    "LIVE_CATTLE_future": 239.8000030517578,
    "GOLD_near_month_future": 3554.0,
    "NATURAL_GAS_future": 2.9630000591278076,
    "PLATINUM_future": 1414.699951171875,
    "SILVER_future": 41.52000045776367,
    "Long_Term_Treasury_ETF": 86.5999984741211,
    "CORN_future": 418.25,
    "SOYBEANS_future": 1044.75,
    "WHEAT_future": 526.25,
    "SP500_close": 6460.259765625,
    "NASDAQ_close": 21455.55078125,
    "US_10Y_Treasury_Yield": 4.2270002365112305,
    "VIX_close": 17.979999542236328,
    "GOLD_basis_spot_vs_near": 0.10009765625,
    "China_10Y_Treasury_Yield": 1.8167
  }
}