{
  "latest_date": "2025-08-21",
  "latest_values": {
    "Shanghai_Composite_Index": 3766.2099609375,
    "CSI_300_Index": 4271.39990234375,
    "Shenzhen_Component_Index": 11926.740234375,
    "ALUMINUM_future": 2494.0,
    "BTC_price": 113366.125,
    "OIL_price": 63.2400016784668,
    "USD_CNY_exchange_rate": 7.1819000244140625,
    "Commodity_Index_ETF": 21.860000610351562,
    "US_Dollar_Index": 98.28399658203125,
    "ETH_price": 4294.86279296875,
    "GOLD_spot_price": 3371.60009765625,
    "LEAN_HOGS_future": 90.0,
    "COPPER_future": 4.409999847412109,
    "High_Yield_Bond_ETF": 80.3499984741211,
    "LIVE_CATTLE_future": 235.1750030517578,
    "GOLD_near_month_future": 3371.5,
    "NATURAL_GAS_future": 2.7780001163482666,
    "PLATINUM_future": 1320.0,
    "SILVER_future": 37.560001373291016,
    "Long_Term_Treasury_ETF": 86.83999633789062,
    "CORN_future": 405.25,
    "SOYBEANS_future": 1035.25,
    "WHEAT_future": 533.75,
    "SP500_close": 6395.77978515625,
    "NASDAQ_close": 21172.859375,
    "US_10Y_Treasury_Yield": 4.296000003814697,
    "VIX_close": 16.079999923706055,
    "GOLD_basis_spot_vs_near": 0.10009765625,
    "China_10Y_Treasury_Yield": 1.7667
  }
}