{
  "latest_date": "2025-08-13",
  "latest_values": {
    "Shanghai_Composite_Index": 3683.46484375,
    "CSI_300_Index": 4176.57763671875,
    "Shenzhen_Component_Index": 11551.365234375,
    "ALUMINUM_future": 2548.0,
    "BTC_price": 122576.3203125,
    "OIL_price": 62.810001373291016,
    "USD_CNY_exchange_rate": 7.187699794769287,
    "Commodity_Index_ETF": 21.7549991607666,
    "US_Dollar_Index": 97.83699798583984,
    "ETH_price": 4721.37646484375,
    "GOLD_spot_price": 3408.5,
    "LEAN_HOGS_future": 90.7249984741211,
    "COPPER_future": 4.49399995803833,
    "High_Yield_Bond_ETF": 80.58499908447266,
    "LIVE_CATTLE_future": 229.47500610351562,
    "GOLD_near_month_future": 3408.60009765625,
    "NATURAL_GAS_future": 2.818000078201294,
    "PLATINUM_future": 1348.4000244140625,
    "SILVER_future": 38.584999084472656,
    "Long_Term_Treasury_ETF": 87.69499969482422,
    "CORN_future": 396.75,
    "SOYBEANS_future": 1042.0,
    "WHEAT_future": 528.0,
    "SP500_close": 6466.580078125,
    "NASDAQ_close": 21713.140625,
    "US_10Y_Treasury_Yield": 4.23799991607666,
    "VIX_close": 14.430000305175781,
    "GOLD_basis_spot_vs_near": -0.10009765625,
    "China_10Y_Treasury_Yield": 1.7262
  }
}