{
  "latest_date": "2025-08-19",
  "latest_values": {
    "Shanghai_Composite_Index": 3727.287841796875,
    "CSI_300_Index": 4223.3740234375,
    "Shenzhen_Component_Index": 11821.6259765625,
    "ALUMINUM_future": 2476.75,
    "BTC_price": 113520.0390625,
    "OIL_price": 62.5,
    "USD_CNY_exchange_rate": 7.184599876403809,
    "Commodity_Index_ETF": 21.6200008392334,
    "US_Dollar_Index": 98.2770004272461,
    "ETH_price": 4150.63134765625,
    "GOLD_spot_price": 3359.0,
    "LEAN_HOGS_future": 90.0999984741211,
    "COPPER_future": 4.431000232696533,
    "High_Yield_Bond_ETF": 80.37999725341797,
    "LIVE_CATTLE_future": 231.3000030517578,
    "GOLD_near_month_future": 3359.0,
    "NATURAL_GAS_future": 2.759999990463257,
    "PLATINUM_future": 1311.800048828125,
    "SILVER_future": 37.34000015258789,
    "Long_Term_Treasury_ETF": 86.6500015258789,
    "CORN_future": 403.0,
    "SOYBEANS_future": 1033.25,
    "WHEAT_future": 520.75,
    "SP500_close": 6411.3701171875,
    "NASDAQ_close": 21314.951171875,
    "US_10Y_Treasury_Yield": 4.302000045776367,
    "VIX_close": 15.569999694824219,
    "GOLD_basis_spot_vs_near": 0.0,
    "China_10Y_Treasury_Yield": 1.7725
  }
}