{
  "latest_date": "2025-08-12",
  "latest_values": {
    "Shanghai_Composite_Index": 3665.917724609375,
    "CSI_300_Index": 4143.8251953125,
    "Shenzhen_Component_Index": 11291.4296875,
    "ALUMINUM_future": 2563.75,
    "BTC_price": 119857.421875,
    "OIL_price": 63.27000045776367,
    "USD_CNY_exchange_rate": 7.181000232696533,
    "Commodity_Index_ETF": 21.765399932861328,
    "US_Dollar_Index": 98.06600189208984,
    "ETH_price": 4477.64892578125,
    "GOLD_spot_price": 3400.0,
    "LEAN_HOGS_future": 91.2750015258789,
    "COPPER_future": 4.5289998054504395,
    "High_Yield_Bond_ETF": 80.30500030517578,
    "LIVE_CATTLE_future": 227.72500610351562,
    "GOLD_near_month_future": 3400.39990234375,
    "NATURAL_GAS_future": 2.806999921798706,
    "PLATINUM_future": 1352.9000244140625,
    "SILVER_future": 38.029998779296875,
    "Long_Term_Treasury_ETF": 86.72789764404297,
    "CORN_future": 402.25,
    "SOYBEANS_future": 996.75,
    "WHEAT_future": 529.5,
    "SP500_close": 6428.43017578125,
    "NASDAQ_close": 21598.05859375,
    "US_10Y_Treasury_Yield": 4.296000003814697,
    "VIX_close": 14.920000076293945,
    "GOLD_basis_spot_vs_near": -0.39990234375,
    "China_10Y_Treasury_Yield": 1.7271
  }
}