{
  "latest_date": "2025-08-28",
  "latest_values": {
    "Shanghai_Composite_Index": 3800.35009765625,
    "CSI_300_Index": 4386.1298828125,
    "Shenzhen_Component_Index": 12295.0703125,
    "ALUMINUM_future": 2541.25,
    "BTC_price": 112876.5703125,
    "OIL_price": 63.58000183105469,
    "USD_CNY_exchange_rate": 7.1519999504089355,
    "Commodity_Index_ETF": 22.040000915527344,
    "US_Dollar_Index": 98.15399932861328,
    "ETH_price": 4568.22265625,
    "GOLD_spot_price": 3445.199951171875,
    "LEAN_HOGS_future": 93.875,
    "COPPER_future": 4.4120001792907715,
    "High_Yield_Bond_ETF": 80.97000122070312,
    "LIVE_CATTLE_future": 239.5749969482422,
    "GOLD_near_month_future": 3445.199951171875,
    "NATURAL_GAS_future": 2.8540000915527344,
    "PLATINUM_future": 1348.300048828125,
    "SILVER_future": 38.845001220703125,
    "Long_Term_Treasury_ETF": 86.6500015258789,
    "CORN_future": 406.5,
    "SOYBEANS_future": 1045.5,
    "WHEAT_future": 526.0,
    "SP500_close": 6481.39990234375,
    "NASDAQ_close": 21590.140625,
    "US_10Y_Treasury_Yield": 4.23799991607666,
    "VIX_close": 14.850000381469727,
    "GOLD_basis_spot_vs_near": 0.0,
    "China_10Y_Treasury_Yield": 1.7988
  }
}