{
  "latest_date": "2025-08-15",
  "latest_values": {
    "Shanghai_Composite_Index": 3666.443115234375,
    "CSI_300_Index": 4173.31005859375,
    "Shenzhen_Component_Index": 11451.4296875,
    "ALUMINUM_future": 2513.5,
    "BTC_price": 118128.78125,
    "OIL_price": 63.209999084472656,
    "USD_CNY_exchange_rate": 7.174300193786621,
    "Commodity_Index_ETF": 21.729799270629883,
    "US_Dollar_Index": 97.80400085449219,
    "ETH_price": 4562.10400390625,
    "GOLD_spot_price": 3383.699951171875,
    "LEAN_HOGS_future": 89.1500015258789,
    "COPPER_future": 4.492000102996826,
    "High_Yield_Bond_ETF": 80.4198989868164,
    "LIVE_CATTLE_future": 227.14999389648438,
    "GOLD_near_month_future": 3383.699951171875,
    "NATURAL_GAS_future": 2.947999954223633,
    "PLATINUM_future": 1341.0,
    "SILVER_future": 37.80500030517578,
    "Long_Term_Treasury_ETF": 86.73999786376953,
    "CORN_future": 400.5,
    "SOYBEANS_future": 1034.75,
    "WHEAT_future": 527.75,
    "SP500_close": 6458.580078125,
    "NASDAQ_close": 21666.9765625,
    "US_10Y_Treasury_Yield": 4.296000003814697,
    "VIX_close": 14.890000343322754,
    "GOLD_basis_spot_vs_near": 0.0,
    "China_10Y_Treasury_Yield": 1.7465
  }
}