{
  "latest_date": "2025-07-01",
  "latest_values": {
    "Shanghai_Composite_Index": 3457.747314453125,
    "CSI_300_Index": 3942.761962890625,
    "Shenzhen_Component_Index": 10465.1201171875,
    "ALUMINUM_future": 2566.75,
    "BTC_price": 105964.9375,
    "OIL_price": 65.68000030517578,
    "USD_CNY_exchange_rate": 7.172100067138672,
    "Commodity_Index_ETF": 21.864999771118164,
    "US_Dollar_Index": 96.87000274658203,
    "ETH_price": 2423.588623046875,
    "GOLD_spot_price": 3349.89990234375,
    "LEAN_HOGS_future": 106.75,
    "COPPER_future": 5.107500076293945,
    "High_Yield_Bond_ETF": 80.18000030517578,
    "LIVE_CATTLE_future": 210.89999389648438,
    "GOLD_near_month_future": 3349.699951171875,
    "NATURAL_GAS_future": 3.374000072479248,
    "PLATINUM_future": 1352.0,
    "SILVER_future": 36.400001525878906,
    "Long_Term_Treasury_ETF": 87.75499725341797,
    "CORN_future": 423.5,
    "SOYBEANS_future": 1025.5,
    "WHEAT_future": 546.0,
    "SP500_close": 6191.0498046875,
    "NASDAQ_close": 20157.171875,
    "US_10Y_Treasury_Yield": 4.275000095367432,
    "VIX_close": 17.0,
    "GOLD_basis_spot_vs_near": 0.199951171875,
    "China_10Y_Treasury_Yield": 1.6433
  }
}