{
  "latest_date": "2025-08-26",
  "latest_values": {
    "Shanghai_Composite_Index": 3868.382080078125,
    "CSI_300_Index": 4452.59033203125,
    "Shenzhen_Component_Index": 12473.173828125,
    "ALUMINUM_future": 2578.5,
    "BTC_price": 110139.71875,
    "OIL_price": 63.36000061035156,
    "USD_CNY_exchange_rate": 7.167500019073486,
    "Commodity_Index_ETF": 22.014999389648438,
    "US_Dollar_Index": 98.23400115966797,
    "ETH_price": 4531.3486328125,
    "GOLD_spot_price": 3431.0,
    "LEAN_HOGS_future": 93.5250015258789,
    "COPPER_future": 4.46150016784668,
    "High_Yield_Bond_ETF": 80.81999969482422,
    "LIVE_CATTLE_future": 238.39999389648438,
    "GOLD_near_month_future": 3431.199951171875,
    "NATURAL_GAS_future": 2.6989998817443848,
    "PLATINUM_future": 1348.4000244140625,
    "SILVER_future": 38.564998626708984,
    "Long_Term_Treasury_ETF": 86.69000244140625,
    "CORN_future": 409.0,
    "SOYBEANS_future": 1049.0,
    "WHEAT_future": 531.25,
    "SP500_close": 6443.9501953125,
    "NASDAQ_close": 21470.111328125,
    "US_10Y_Treasury_Yield": 4.25600004196167,
    "VIX_close": 15.0,
    "GOLD_basis_spot_vs_near": -0.199951171875,
    "China_10Y_Treasury_Yield": 1.7598
  }
}