{
  "latest_date": "2025-07-15",
  "latest_values": {
    "Shanghai_Composite_Index": 3519.64990234375,
    "CSI_300_Index": 4017.669921875,
    "Shenzhen_Component_Index": 10684.51953125,
    "ALUMINUM_future": 2523.25,
    "BTC_price": 117167.6171875,
    "OIL_price": 66.9000015258789,
    "USD_CNY_exchange_rate": 7.173299789428711,
    "Commodity_Index_ETF": 22.31999969482422,
    "US_Dollar_Index": 98.09500122070312,
    "ETH_price": 2979.875732421875,
    "GOLD_spot_price": 3363.300048828125,
    "LEAN_HOGS_future": 103.30000305175781,
    "COPPER_future": 5.547999858856201,
    "High_Yield_Bond_ETF": 80.08999633789062,
    "LIVE_CATTLE_future": 219.25,
    "GOLD_near_month_future": 3420.0,
    "NATURAL_GAS_future": 3.4140000343322754,
    "PLATINUM_future": 1427.699951171875,
    "SILVER_future": 38.619998931884766,
    "Long_Term_Treasury_ETF": 85.61000061035156,
    "CORN_future": 414.25,
    "SOYBEANS_future": 1005.0,
    "WHEAT_future": 538.0,
    "SP500_close": 6268.56005859375,
    "NASDAQ_close": 20640.330078125,
    "US_10Y_Treasury_Yield": 4.427000045776367,
    "VIX_close": 16.8700008392334,
    "GOLD_basis_spot_vs_near": -56.699951171875,
    "China_10Y_Treasury_Yield": 1.6557
  }
}