{
  "latest_date": "2025-09-24",
  "latest_values": {
    "Shanghai_Composite_Index": 3821.8330078125,
    "CSI_300_Index": 4519.77978515625,
    "Shenzhen_Component_Index": 13119.8203125,
    "ALUMINUM_future": 2565.0,
    "BTC_price": 112468.8125,
    "OIL_price": 63.599998474121094,
    "USD_CNY_exchange_rate": 7.113999843597412,
    "Commodity_Index_ETF": 22.489999771118164,
    "US_Dollar_Index": 97.54100036621094,
    "ETH_price": 4172.16552734375,
    "GOLD_spot_price": 3805.800048828125,
    "LEAN_HOGS_future": 100.44999694824219,
    "COPPER_future": 4.626500129699707,
    "High_Yield_Bond_ETF": 81.26000213623047,
    "LIVE_CATTLE_future": 235.6750030517578,
    "GOLD_near_month_future": 3805.800048828125,
    "NATURAL_GAS_future": 3.114000082015991,
    "PLATINUM_future": 1491.0999755859375,
    "SILVER_future": 44.45500183105469,
    "Long_Term_Treasury_ETF": 89.31999969482422,
    "CORN_future": 426.5,
    "SOYBEANS_future": 1009.75,
    "WHEAT_future": 521.5,
    "SP500_close": 6656.919921875,
    "NASDAQ_close": 22573.470703125,
    "US_10Y_Treasury_Yield": 4.119999885559082,
    "VIX_close": 16.420000076293945,
    "GOLD_basis_spot_vs_near": 0.0,
    "China_10Y_Treasury_Yield": 1.877
  }
}