{
  "latest_date": "2025-08-13",
  "latest_values": {
    "Shanghai_Composite_Index": 3665.917724609375,
    "CSI_300_Index": 4143.8251953125,
    "Shenzhen_Component_Index": 11351.6328125,
    "ALUMINUM_future": 2564.75,
    "BTC_price": 120045.3984375,
    "OIL_price": 63.15999984741211,
    "USD_CNY_exchange_rate": 7.187699794769287,
    "Commodity_Index_ETF": 21.780000686645508,
    "US_Dollar_Index": 98.0199966430664,
    "ETH_price": 4602.76123046875,
    "GOLD_spot_price": 3400.5,
    "LEAN_HOGS_future": 91.5,
    "COPPER_future": 4.511000156402588,
    "High_Yield_Bond_ETF": 80.4000015258789,
    "LIVE_CATTLE_future": 229.25,
    "GOLD_near_month_future": 3400.5,
    "NATURAL_GAS_future": 2.7899999618530273,
    "PLATINUM_future": 1350.9000244140625,
    "SILVER_future": 37.93000030517578,
    "Long_Term_Treasury_ETF": 86.94999694824219,
    "CORN_future": 395.0,
    "SOYBEANS_future": 1031.5,
    "WHEAT_future": 524.75,
    "SP500_close": 6445.759765625,
    "NASDAQ_close": 21681.904296875,
    "US_10Y_Treasury_Yield": 4.293000221252441,
    "VIX_close": 14.729999542236328,
    "GOLD_basis_spot_vs_near": 0.0,
    "China_10Y_Treasury_Yield": 1.7271
  }
}