{
  "latest_date": "2025-08-06",
  "latest_values": {
    "Shanghai_Composite_Index": 3617.597900390625,
    "CSI_300_Index": 4103.4501953125,
    "Shenzhen_Component_Index": 11106.9599609375,
    "ALUMINUM_future": 2542.75,
    "BTC_price": 114453.8515625,
    "OIL_price": 66.37999725341797,
    "USD_CNY_exchange_rate": 7.177999973297119,
    "Commodity_Index_ETF": 21.950000762939453,
    "US_Dollar_Index": 98.37100219726562,
    "ETH_price": 3621.9638671875,
    "GOLD_spot_price": 3427.199951171875,
    "LEAN_HOGS_future": 93.0,
    "COPPER_future": 4.4085001945495605,
    "High_Yield_Bond_ETF": 80.21499633789062,
    "LIVE_CATTLE_future": 226.64999389648438,
    "GOLD_near_month_future": 3427.10009765625,
    "NATURAL_GAS_future": 3.053999900817871,
    "PLATINUM_future": 1348.0999755859375,
    "SILVER_future": 37.95000076293945,
    "Long_Term_Treasury_ETF": 87.96880340576172,
    "CORN_future": 400.25,
    "SOYBEANS_future": 991.5,
    "WHEAT_future": 528.75,
    "SP500_close": 6324.1201171875,
    "NASDAQ_close": 21039.990234375,
    "US_10Y_Treasury_Yield": 4.223999977111816,
    "VIX_close": 17.43000030517578,
    "GOLD_basis_spot_vs_near": 0.099853515625,
    "China_10Y_Treasury_Yield": 1.6999
  }
}