{
  "latest_date": "2025-09-23",
  "latest_values": {
    "Shanghai_Composite_Index": 3821.832763671875,
    "CSI_300_Index": 4519.7783203125,
    "Shenzhen_Component_Index": 13119.8173828125,
    "ALUMINUM_future": 2530.25,
    "BTC_price": 112042.0546875,
    "OIL_price": 63.349998474121094,
    "USD_CNY_exchange_rate": 7.111100196838379,
    "Commodity_Index_ETF": 22.43000030517578,
    "US_Dollar_Index": 97.23600006103516,
    "ETH_price": 4161.283203125,
    "GOLD_spot_price": 3810.5,
    "LEAN_HOGS_future": 100.44999694824219,
    "COPPER_future": 4.640500068664551,
    "High_Yield_Bond_ETF": 81.2750015258789,
    "LIVE_CATTLE_future": 235.6750030517578,
    "GOLD_near_month_future": 3810.699951171875,
    "NATURAL_GAS_future": 3.131999969482422,
    "PLATINUM_future": 1490.4000244140625,
    "SILVER_future": 44.45000076293945,
    "Long_Term_Treasury_ETF": 89.24500274658203,
    "CORN_future": 425.75,
    "SOYBEANS_future": 1012.5,
    "WHEAT_future": 520.75,
    "SP500_close": 6653.93017578125,
    "NASDAQ_close": 22570.501953125,
    "US_10Y_Treasury_Yield": 4.113999843597412,
    "VIX_close": 16.920000076293945,
    "GOLD_basis_spot_vs_near": -0.199951171875,
    "China_10Y_Treasury_Yield": 1.877
  }
}