{
  "latest_date": "2025-09-05",
  "latest_values": {
    "Shanghai_Composite_Index": 3765.8759765625,
    "CSI_300_Index": 4365.2099609375,
    "Shenzhen_Component_Index": 12118.7001953125,
    "ALUMINUM_future": 2524.5,
<<<<<<< Updated upstream
    "BTC_price": 111851.984375,
    "OIL_price": 63.20000076293945,
    "USD_CNY_exchange_rate": 7.14139986038208,
    "Commodity_Index_ETF": 22.209999084472656,
    "US_Dollar_Index": 98.10800170898438,
    "ETH_price": 4330.21142578125,
    "GOLD_spot_price": 3612.0,
    "LEAN_HOGS_future": 95.0999984741211,
    "COPPER_future": 4.605500221252441,
    "High_Yield_Bond_ETF": 80.83000183105469,
    "LIVE_CATTLE_future": 236.97500610351562,
    "GOLD_near_month_future": 3612.0,
    "NATURAL_GAS_future": 3.0899999141693115,
    "PLATINUM_future": 1390.5,
    "SILVER_future": 41.54999923706055,
    "Long_Term_Treasury_ETF": 87.2300033569336,
    "CORN_future": 419.0,
    "SOYBEANS_future": 1033.5,
=======
    "BTC_price": 111913.015625,
    "OIL_price": 63.11000061035156,
    "USD_CNY_exchange_rate": 7.14139986038208,
    "Commodity_Index_ETF": 22.209999084472656,
    "US_Dollar_Index": 98.125,
    "ETH_price": 4333.09619140625,
    "GOLD_spot_price": 3611.699951171875,
    "LEAN_HOGS_future": 95.0999984741211,
    "COPPER_future": 4.6020002365112305,
    "High_Yield_Bond_ETF": 80.83000183105469,
    "LIVE_CATTLE_future": 236.97500610351562,
    "GOLD_near_month_future": 3611.800048828125,
    "NATURAL_GAS_future": 3.0959999561309814,
    "PLATINUM_future": 1389.699951171875,
    "SILVER_future": 41.53499984741211,
    "Long_Term_Treasury_ETF": 87.2300033569336,
    "CORN_future": 419.0,
    "SOYBEANS_future": 1033.25,
>>>>>>> Stashed changes
    "WHEAT_future": 520.0,
    "SP500_close": 6502.080078125,
    "NASDAQ_close": 21707.689453125,
    "US_10Y_Treasury_Yield": 4.176000118255615,
    "VIX_close": 15.300000190734863,
<<<<<<< Updated upstream
    "GOLD_basis_spot_vs_near": 0.0,
=======
    "GOLD_basis_spot_vs_near": -0.10009765625,
>>>>>>> Stashed changes
    "China_10Y_Treasury_Yield": 1.806
  }
}