{
  "latest_date": "2025-07-03",
  "latest_values": {
    "Shanghai_Composite_Index": 3454.7919921875,
    "CSI_300_Index": 3943.68994140625,
    "Shenzhen_Component_Index": 10412.6298828125,
    "ALUMINUM_future": 2586.5,
    "BTC_price": 109567.96875,
    "OIL_price": 67.44999694824219,
    "USD_CNY_exchange_rate": 7.1645002365112305,
    "Commodity_Index_ETF": 22.290000915527344,
    "US_Dollar_Index": 96.87200164794922,
    "ETH_price": 2597.807861328125,
    "GOLD_spot_price": 3355.800048828125,
    "LEAN_HOGS_future": 109.6500015258789,
    "COPPER_future": 5.170000076293945,
    "High_Yield_Bond_ETF": 80.31999969482422,
    "LIVE_CATTLE_future": 212.4499969482422,
    "GOLD_near_month_future": 3411.39990234375,
    "NATURAL_GAS_future": 3.5299999713897705,
    "PLATINUM_future": 1385.4000244140625,
    "SILVER_future": 37.06999969482422,
    "Long_Term_Treasury_ETF": 87.58000183105469,
    "CORN_future": 437.0,
    "SOYBEANS_future": 1052.25,
    "WHEAT_future": 563.75,
    "SP500_close": 6227.419921875,
    "NASDAQ_close": 20393.130859375,
    "US_10Y_Treasury_Yield": 4.293000221252441,
    "VIX_close": 16.770000457763672,
    "GOLD_basis_spot_vs_near": -55.599853515625,
    "China_10Y_Treasury_Yield": 1.6407
  }
}