{
  "latest_date": "2025-09-02",
  "latest_values": {
    "Shanghai_Composite_Index": 3875.531005859375,
    "CSI_300_Index": 4523.7099609375,
    "Shenzhen_Component_Index": 12828.9501953125,
    "ALUMINUM_future": 2542.75,
    "BTC_price": 110245.40625,
    "OIL_price": 64.97000122070312,
    "USD_CNY_exchange_rate": 7.13040018081665,
    "Commodity_Index_ETF": 22.209999084472656,
    "US_Dollar_Index": 97.86299896240234,
    "ETH_price": 4390.5927734375,
    "GOLD_spot_price": 3561.800048828125,
    "LEAN_HOGS_future": 95.0,
    "COPPER_future": 4.5929999351501465,
    "High_Yield_Bond_ETF": 80.86000061035156,
    "LIVE_CATTLE_future": 239.8000030517578,
    "GOLD_near_month_future": 3561.800048828125,
    "NATURAL_GAS_future": 2.9590001106262207,
    "PLATINUM_future": 1431.9000244140625,
    "SILVER_future": 41.70500183105469,
    "Long_Term_Treasury_ETF": 86.5999984741211,
    "CORN_future": 418.0,
    "SOYBEANS_future": 1046.75,
    "WHEAT_future": 529.0,
    "SP500_close": 6460.259765625,
    "NASDAQ_close": 21455.55078125,
    "US_10Y_Treasury_Yield": 4.2270002365112305,
    "VIX_close": 16.1200008392334,
    "GOLD_basis_spot_vs_near": 0.0,
    "China_10Y_Treasury_Yield": 1.8257
  }
}