{
  "latest_date": "2025-08-21",
  "latest_values": {
    "Shanghai_Composite_Index": 3771.098876953125,
    "CSI_300_Index": 4288.07080078125,
    "Shenzhen_Component_Index": 11919.7626953125,
    "ALUMINUM_future": 2513.5,
    "BTC_price": 112164.4453125,
    "OIL_price": 63.41999816894531,
    "USD_CNY_exchange_rate": 7.179599761962891,
    "Commodity_Index_ETF": 22.0,
    "US_Dollar_Index": 98.66000366210938,
    "ETH_price": 4227.79345703125,
    "GOLD_spot_price": 3382.699951171875,
    "LEAN_HOGS_future": 89.9000015258789,
    "COPPER_future": 4.453000068664551,
    "High_Yield_Bond_ETF": 80.22000122070312,
    "LIVE_CATTLE_future": 234.77499389648438,
    "GOLD_near_month_future": 3383.0,
    "NATURAL_GAS_future": 2.8289999961853027,
    "PLATINUM_future": 1356.0,
    "SILVER_future": 38.08000183105469,
    "Long_Term_Treasury_ETF": 86.41000366210938,
    "CORN_future": 412.75,
    "SOYBEANS_future": 1055.0,
    "WHEAT_future": 530.0,
    "SP500_close": 6370.169921875,
    "NASDAQ_close": 21100.3125,
    "US_10Y_Treasury_Yield": 4.329999923706055,
    "VIX_close": 16.719999313354492,
    "GOLD_basis_spot_vs_near": -0.300048828125,
    "China_10Y_Treasury_Yield": 1.7667
  }
}