{
  "latest_date": "2025-07-01",
  "latest_values": {
    "Shanghai_Composite_Index": 3457.747314453125,
    "CSI_300_Index": 3942.761962890625,
    "Shenzhen_Component_Index": 10476.2939453125,
    "ALUMINUM_future": 2570.25,
    "BTC_price": 105958.8203125,
    "OIL_price": 65.66000366210938,
    "USD_CNY_exchange_rate": 7.1641998291015625,
    "Commodity_Index_ETF": 21.885000228881836,
    "US_Dollar_Index": 96.93199920654297,
    "ETH_price": 2420.0,
    "GOLD_spot_price": 3353.39990234375,
    "LEAN_HOGS_future": 107.07499694824219,
    "COPPER_future": 5.093999862670898,
    "High_Yield_Bond_ETF": 80.19499969482422,
    "LIVE_CATTLE_future": 211.8000030517578,
    "GOLD_near_month_future": 3353.89990234375,
    "NATURAL_GAS_future": 3.3940000534057617,
    "PLATINUM_future": 1358.0,
    "SILVER_future": 36.40999984741211,
    "Long_Term_Treasury_ETF": 87.94999694824219,
    "CORN_future": 421.0,
    "SOYBEANS_future": 1027.0,
    "WHEAT_future": 546.0,
    "SP500_close": 6197.43017578125,
    "NASDAQ_close": 20244.365234375,
    "US_10Y_Treasury_Yield": 4.265000343322754,
    "VIX_close": 16.860000610351562,
    "GOLD_basis_spot_vs_near": -0.5,
    "China_10Y_Treasury_Yield": 1.6433
  }
}