{
  "latest_date": "2025-09-03",
  "latest_values": {
    "Shanghai_Composite_Index": 3858.133056640625,
    "CSI_300_Index": 4490.4501953125,
    "Shenzhen_Component_Index": 12553.83984375,
    "ALUMINUM_future": 2528.75,
    "BTC_price": 111594.53125,
    "OIL_price": 64.25,
    "USD_CNY_exchange_rate": 7.13040018081665,
    "Commodity_Index_ETF": 22.389999389648438,
    "US_Dollar_Index": 98.31099700927734,
    "ETH_price": 4420.73193359375,
    "GOLD_spot_price": 3619.10009765625,
    "LEAN_HOGS_future": 94.82499694824219,
    "COPPER_future": 4.632999897003174,
    "High_Yield_Bond_ETF": 80.49500274658203,
    "LIVE_CATTLE_future": 238.72500610351562,
    "GOLD_near_month_future": 3619.10009765625,
    "NATURAL_GAS_future": 3.0799999237060547,
    "PLATINUM_future": 1448.199951171875,
    "SILVER_future": 41.875,
    "Long_Term_Treasury_ETF": 86.375,
    "CORN_future": 419.25,
    "SOYBEANS_future": 1035.75,
    "WHEAT_future": 528.0,
    "SP500_close": 6436.669921875,
    "NASDAQ_close": 21486.296875,
    "US_10Y_Treasury_Yield": 4.25600004196167,
    "VIX_close": 17.170000076293945,
    "GOLD_basis_spot_vs_near": 0.0,
    "China_10Y_Treasury_Yield": 1.7984
  }
}