{
  "latest_date": "2025-09-25",
  "latest_values": {
    "Shanghai_Composite_Index": 3853.64208984375,
    "CSI_300_Index": 4566.06982421875,
    "Shenzhen_Component_Index": 13356.1396484375,
    "ALUMINUM_future": 2569.25,
    "BTC_price": 112807.8671875,
    "OIL_price": 64.77999877929688,
    "USD_CNY_exchange_rate": 7.111599922180176,
    "Commodity_Index_ETF": 22.639999389648438,
    "US_Dollar_Index": 97.78299713134766,
    "ETH_price": 4098.01318359375,
    "GOLD_spot_price": 3767.60009765625,
    "LEAN_HOGS_future": 89.6500015258789,
    "COPPER_future": 4.881999969482422,
    "High_Yield_Bond_ETF": 81.1500015258789,
    "LIVE_CATTLE_future": 234.25,
    "GOLD_near_month_future": 3767.60009765625,
    "NATURAL_GAS_future": 3.1530001163482666,
    "PLATINUM_future": 1489.5999755859375,
    "SILVER_future": 44.2599983215332,
    "Long_Term_Treasury_ETF": 88.9800033569336,
    "CORN_future": 425.5,
    "SOYBEANS_future": 1012.25,
    "WHEAT_future": 521.75,
    "SP500_close": 6637.97021484375,
    "NASDAQ_close": 22497.859375,
    "US_10Y_Treasury_Yield": 4.146999835968018,
    "VIX_close": 16.18000030517578,
    "GOLD_basis_spot_vs_near": 0.0,
    "China_10Y_Treasury_Yield": 1.9022
  }
}