{
  "latest_date": "2025-09-02",
  "latest_values": {
    "Shanghai_Composite_Index": 3858.13330078125,
    "CSI_300_Index": 4490.45263671875,
    "Shenzhen_Component_Index": 12553.837890625,
    "ALUMINUM_future": 2542.75,
    "BTC_price": 110625.171875,
    "OIL_price": 65.58000183105469,
    "USD_CNY_exchange_rate": 7.138500213623047,
    "Commodity_Index_ETF": 22.565000534057617,
    "US_Dollar_Index": 98.41899871826172,
    "ETH_price": 4297.6611328125,
    "GOLD_spot_price": 3592.89990234375,
    "LEAN_HOGS_future": 95.5,
    "COPPER_future": 4.633999824523926,
    "High_Yield_Bond_ETF": 80.31999969482422,
    "LIVE_CATTLE_future": 239.52499389648438,
    "GOLD_near_month_future": 3593.0,
    "NATURAL_GAS_future": 3.003999948501587,
    "PLATINUM_future": 1412.4000244140625,
    "SILVER_future": 41.619998931884766,
    "Long_Term_Treasury_ETF": 85.57499694824219,
    "CORN_future": 423.0,
    "SOYBEANS_future": 1040.0,
    "WHEAT_future": 528.5,
    "SP500_close": 6395.27978515625,
    "NASDAQ_close": 21211.421875,
    "US_10Y_Treasury_Yield": 4.279000282287598,
    "VIX_close": 18.200000762939453,
    "GOLD_basis_spot_vs_near": -0.10009765625,
    "China_10Y_Treasury_Yield": 1.8167
  }
}