{
  "latest_date": "2025-08-11",
  "latest_values": {
    "Shanghai_Composite_Index": 3635.1279296875,
    "CSI_300_Index": 4104.97021484375,
    "Shenzhen_Component_Index": 11128.669921875,
    "ALUMINUM_future": 2541.75,
    "BTC_price": 119195.5625,
    "OIL_price": 63.33000183105469,
    "USD_CNY_exchange_rate": 7.1834001541137695,
    "Commodity_Index_ETF": 21.84000015258789,
    "US_Dollar_Index": 98.24700164794922,
    "ETH_price": 4244.8564453125,
    "GOLD_spot_price": 3451.199951171875,
    "LEAN_HOGS_future": 90.55000305175781,
    "COPPER_future": 4.457499980926514,
    "High_Yield_Bond_ETF": 80.22000122070312,
    "LIVE_CATTLE_future": 225.9499969482422,
    "GOLD_near_month_future": 3451.10009765625,
    "NATURAL_GAS_future": 2.9019999504089355,
    "PLATINUM_future": 1338.300048828125,
    "SILVER_future": 38.2599983215332,
    "Long_Term_Treasury_ETF": 87.29000091552734,
    "CORN_future": 405.5,
    "SOYBEANS_future": 987.5,
    "WHEAT_future": 535.0,
    "SP500_close": 6389.4501953125,
    "NASDAQ_close": 21450.01953125,
    "US_10Y_Treasury_Yield": 4.284999847412109,
    "VIX_close": 15.149999618530273,
    "GOLD_basis_spot_vs_near": 0.099853515625,
    "China_10Y_Treasury_Yield": 1.6891
  }
}