{
  "latest_date": "2025-08-01",
  "latest_values": {
    "Shanghai_Composite_Index": 3573.2080078125,
    "CSI_300_Index": 4075.590087890625,
    "Shenzhen_Component_Index": 11009.76953125,
    "ALUMINUM_future": 2467.75,
    "BTC_price": 114632.1953125,
    "OIL_price": 68.58000183105469,
    "USD_CNY_exchange_rate": 7.176400184631348,
    "Commodity_Index_ETF": 22.450000762939453,
    "US_Dollar_Index": 100.10199737548828,
    "ETH_price": 3606.903076171875,
    "GOLD_spot_price": 3351.199951171875,
    "LEAN_HOGS_future": 89.55000305175781,
    "COPPER_future": 4.394499778747559,
    "High_Yield_Bond_ETF": 80.37999725341797,
    "LIVE_CATTLE_future": 228.3000030517578,
    "GOLD_near_month_future": 3351.300048828125,
    "NATURAL_GAS_future": 3.0969998836517334,
    "PLATINUM_future": 1281.300048828125,
    "SILVER_future": 36.53499984741211,
    "Long_Term_Treasury_ETF": 86.91999816894531,
    "CORN_future": 414.5,
    "SOYBEANS_future": 988.25,
    "WHEAT_future": 519.75,
    "SP500_close": 6339.39013671875,
    "NASDAQ_close": 21122.44921875,
    "US_10Y_Treasury_Yield": 4.360000133514404,
    "VIX_close": 19.260000228881836,
    "GOLD_basis_spot_vs_near": -0.10009765625,
    "China_10Y_Treasury_Yield": 1.7059
  }
}