{
  "latest_date": "2025-06-30",
  "latest_values": {
    "Shanghai_Composite_Index": 3444.425537109375,
    "CSI_300_Index": 3936.0791015625,
    "Shenzhen_Component_Index": 10465.1201171875,
    "ALUMINUM_future": 2549.5,
    "BTC_price": 107149.6171875,
    "OIL_price": 65.01000213623047,
    "USD_CNY_exchange_rate": 7.172100067138672,
    "Commodity_Index_ETF": 21.809999465942383,
    "US_Dollar_Index": 96.78500366210938,
    "ETH_price": 2491.381591796875,
    "GOLD_spot_price": 3324.60009765625,
    "LEAN_HOGS_future": 109.94999694824219,
    "COPPER_future": 5.105500221252441,
    "High_Yield_Bond_ETF": 80.6500015258789,
    "LIVE_CATTLE_future": 213.97500610351562,
    "GOLD_near_month_future": 3324.5,
    "NATURAL_GAS_future": 3.4600000381469727,
    "PLATINUM_future": 1375.0,
    "SILVER_future": 36.33000183105469,
    "Long_Term_Treasury_ETF": 88.25,
    "CORN_future": 425.5,
    "SOYBEANS_future": 1027.5,
    "WHEAT_future": 537.5,
    "SP500_close": 6204.9501953125,
    "NASDAQ_close": 20369.734375,
    "US_10Y_Treasury_Yield": 4.230000019073486,
    "VIX_close": 16.729999542236328,
    "GOLD_basis_spot_vs_near": 0.10009765625,
    "China_10Y_Treasury_Yield": 1.6469
  }
}