{
  "latest_date": "2025-07-24",
  "latest_values": {
    "Shanghai_Composite_Index": 3605.726806640625,
    "CSI_300_Index": 4149.03662109375,
    "Shenzhen_Component_Index": 11193.0595703125,
    "ALUMINUM_future": 2636.5,
    "BTC_price": 118318.9609375,
    "OIL_price": 66.12999725341797,
    "USD_CNY_exchange_rate": 7.1595001220703125,
    "Commodity_Index_ETF": 22.399999618530273,
    "US_Dollar_Index": 97.51799774169922,
    "ETH_price": 3712.5673828125,
    "GOLD_spot_price": 3369.60009765625,
    "LEAN_HOGS_future": 108.19999694824219,
    "COPPER_future": 5.822500228881836,
    "High_Yield_Bond_ETF": 80.44000244140625,
    "LIVE_CATTLE_future": 225.875,
    "GOLD_near_month_future": 3426.699951171875,
    "NATURAL_GAS_future": 3.1080000400543213,
    "PLATINUM_future": 1446.699951171875,
    "SILVER_future": 39.32500076293945,
    "Long_Term_Treasury_ETF": 85.88999938964844,
    "CORN_future": 421.0,
    "SOYBEANS_future": 1025.0,
    "WHEAT_future": 541.75,
    "SP500_close": 6363.35009765625,
    "NASDAQ_close": 21057.958984375,
    "US_10Y_Treasury_Yield": 4.4079999923706055,
    "VIX_close": 15.390000343322754,
    "GOLD_basis_spot_vs_near": -57.099853515625,
    "China_10Y_Treasury_Yield": 1.7376
  }
}