{
  "latest_date": "2025-07-03",
  "latest_values": {
    "Shanghai_Composite_Index": 3454.79248046875,
    "CSI_300_Index": 3943.684814453125,
    "Shenzhen_Component_Index": 10412.6279296875,
    "ALUMINUM_future": 2575.75,
    "BTC_price": 108998.6875,
    "OIL_price": 67.26000213623047,
    "USD_CNY_exchange_rate": 7.1645002365112305,
    "Commodity_Index_ETF": 22.290000915527344,
    "US_Dollar_Index": 96.72699737548828,
    "ETH_price": 2575.168701171875,
    "GOLD_spot_price": 3356.39990234375,
    "LEAN_HOGS_future": 109.4000015258789,
    "COPPER_future": 5.196499824523926,
    "High_Yield_Bond_ETF": 80.31999969482422,
    "LIVE_CATTLE_future": 212.625,
    "GOLD_near_month_future": 3356.699951171875,
    "NATURAL_GAS_future": 3.503000020980835,
    "PLATINUM_future": 1426.0999755859375,
    "SILVER_future": 36.654998779296875,
    "Long_Term_Treasury_ETF": 87.58000183105469,
    "CORN_future": 436.0,
    "SOYBEANS_future": 1049.25,
    "WHEAT_future": 566.75,
    "SP500_close": 6227.419921875,
    "NASDAQ_close": 20393.12890625,
    "US_10Y_Treasury_Yield": 4.293000221252441,
    "VIX_close": 16.639999389648438,
    "GOLD_basis_spot_vs_near": -0.300048828125,
    "China_10Y_Treasury_Yield": 1.6396
  }
}