{
  "latest_date": "2025-08-26",
  "latest_values": {
    "Shanghai_Composite_Index": 3868.382080078125,
    "CSI_300_Index": 4452.59033203125,
    "Shenzhen_Component_Index": 12473.173828125,
    "ALUMINUM_future": 2580.25,
    "BTC_price": 110081.1953125,
    "OIL_price": 63.38999938964844,
    "USD_CNY_exchange_rate": 7.167500019073486,
    "Commodity_Index_ETF": 22.000999450683594,
    "US_Dollar_Index": 98.16600036621094,
    "ETH_price": 4543.6533203125,
    "GOLD_spot_price": 3432.10009765625,
    "LEAN_HOGS_future": 92.8499984741211,
    "COPPER_future": 4.452000141143799,
    "High_Yield_Bond_ETF": 80.83999633789062,
    "LIVE_CATTLE_future": 237.85000610351562,
    "GOLD_near_month_future": 3432.10009765625,
    "NATURAL_GAS_future": 2.700000047683716,
    "PLATINUM_future": 1346.0999755859375,
    "SILVER_future": 38.59000015258789,
    "Long_Term_Treasury_ETF": 86.69000244140625,
    "CORN_future": 409.75,
    "SOYBEANS_future": 1048.5,
    "WHEAT_future": 534.0,
    "SP500_close": 6447.31005859375,
    "NASDAQ_close": 21497.8125,
    "US_10Y_Treasury_Yield": 4.263000011444092,
    "VIX_close": 14.850000381469727,
    "GOLD_basis_spot_vs_near": 0.0,
    "China_10Y_Treasury_Yield": 1.7598
  }
}