{
  "latest_date": "2025-08-26",
  "latest_values": {
    "Shanghai_Composite_Index": 3868.382080078125,
    "CSI_300_Index": 4452.59033203125,
    "Shenzhen_Component_Index": 12473.173828125,
    "ALUMINUM_future": 2583.25,
    "BTC_price": 112008.265625,
    "OIL_price": 63.43000030517578,
    "USD_CNY_exchange_rate": 7.151000022888184,
    "Commodity_Index_ETF": 22.020000457763672,
    "US_Dollar_Index": 98.20999908447266,
    "ETH_price": 4605.259765625,
    "GOLD_spot_price": 3440.5,
    "LEAN_HOGS_future": 93.4000015258789,
    "COPPER_future": 4.46999979019165,
    "High_Yield_Bond_ETF": 80.87000274658203,
    "LIVE_CATTLE_future": 238.125,
    "GOLD_near_month_future": 3440.39990234375,
    "NATURAL_GAS_future": 2.744999885559082,
    "PLATINUM_future": 1353.5999755859375,
    "SILVER_future": 38.685001373291016,
    "Long_Term_Treasury_ETF": 86.75,
    "CORN_future": 409.25,
    "SOYBEANS_future": 1049.0,
    "WHEAT_future": 531.75,
    "SP500_close": 6465.93994140625,
    "NASDAQ_close": 21544.26953125,
    "US_10Y_Treasury_Yield": 4.258000373840332,
    "VIX_close": 14.619999885559082,
    "GOLD_basis_spot_vs_near": 0.10009765625,
    "China_10Y_Treasury_Yield": 1.7598
  }
}