{
  "latest_date": "2025-10-07",
  "latest_values": {
    "Shanghai_Composite_Index": 3882.777099609375,
    "CSI_300_Index": 4640.68994140625,
    "Shenzhen_Component_Index": 13526.509765625,
    "ALUMINUM_future": 2660.0,
    "BTC_price": 124530.5078125,
    "OIL_price": 61.72999954223633,
    "USD_CNY_exchange_rate": 7.11899995803833,
    "Commodity_Index_ETF": 22.639999389648438,
    "US_Dollar_Index": 98.25,
    "ETH_price": 4712.11376953125,
    "GOLD_spot_price": 3987.5,
    "LEAN_HOGS_future": 87.25,
    "COPPER_future": 5.081999778747559,
    "High_Yield_Bond_ETF": 80.86000061035156,
    "LIVE_CATTLE_future": 236.625,
    "GOLD_near_month_future": 3987.800048828125,
    "NATURAL_GAS_future": 3.381999969482422,
    "PLATINUM_future": 1658.199951171875,
    "SILVER_future": 48.369998931884766,
    "Long_Term_Treasury_ETF": 88.66999816894531,
    "CORN_future": 421.0,
    "SOYBEANS_future": 1036.25,
    "WHEAT_future": 511.0,
    "SP500_close": 6740.27978515625,
    "NASDAQ_close": 22941.669921875,
    "US_10Y_Treasury_Yield": 4.1620001792907715,
    "VIX_close": 16.3700008392334,
    "GOLD_basis_spot_vs_near": -0.300048828125,
    "China_10Y_Treasury_Yield": 1.8605
  }
}