{
  "latest_date": "2025-09-25",
  "latest_values": {
    "Shanghai_Composite_Index": 3853.64208984375,
    "CSI_300_Index": 4566.06982421875,
    "Shenzhen_Component_Index": 13356.1396484375,
    "ALUMINUM_future": 2605.0,
    "BTC_price": 111404.03125,
    "OIL_price": 64.66999816894531,
    "USD_CNY_exchange_rate": 7.111599922180176,
    "Commodity_Index_ETF": 22.639999389648438,
    "US_Dollar_Index": 98.12100219726562,
    "ETH_price": 3985.686767578125,
    "GOLD_spot_price": 3776.300048828125,
    "LEAN_HOGS_future": 99.32499694824219,
    "COPPER_future": 4.790999889373779,
    "High_Yield_Bond_ETF": 81.1500015258789,
    "LIVE_CATTLE_future": 234.25,
    "GOLD_near_month_future": 3776.10009765625,
    "NATURAL_GAS_future": 3.193000078201294,
    "PLATINUM_future": 1516.9000244140625,
    "SILVER_future": 45.04999923706055,
    "Long_Term_Treasury_ETF": 88.9800033569336,
    "CORN_future": 427.75,
    "SOYBEANS_future": 1014.0,
    "WHEAT_future": 525.5,
    "SP500_close": 6637.97021484375,
    "NASDAQ_close": 22497.859375,
    "US_10Y_Treasury_Yield": 4.1519999504089355,
    "VIX_close": 17.020000457763672,
    "GOLD_basis_spot_vs_near": 0.199951171875,
    "China_10Y_Treasury_Yield": 1.884
  }
}