{
  "latest_date": "2025-08-21",
  "latest_values": {
    "Shanghai_Composite_Index": 3766.2099609375,
    "CSI_300_Index": 4271.39990234375,
    "Shenzhen_Component_Index": 11926.740234375,
    "ALUMINUM_future": 2494.0,
    "BTC_price": 113629.2734375,
    "OIL_price": 62.63999938964844,
    "USD_CNY_exchange_rate": 7.1819000244140625,
    "Commodity_Index_ETF": 21.850000381469727,
    "US_Dollar_Index": 98.48899841308594,
    "ETH_price": 4276.27880859375,
    "GOLD_spot_price": 3380.89990234375,
    "LEAN_HOGS_future": 89.9749984741211,
    "COPPER_future": 4.434000015258789,
    "High_Yield_Bond_ETF": 80.25,
    "LIVE_CATTLE_future": 234.3249969482422,
    "GOLD_near_month_future": 3380.699951171875,
    "NATURAL_GAS_future": 2.796999931335449,
    "PLATINUM_future": 1343.0,
    "SILVER_future": 37.98500061035156,
    "Long_Term_Treasury_ETF": 86.29499816894531,
    "CORN_future": 407.0,
    "SOYBEANS_future": 1041.5,
    "WHEAT_future": 528.25,
    "SP500_close": 6382.419921875,
    "NASDAQ_close": 21116.140625,
    "US_10Y_Treasury_Yield": 4.324000358581543,
    "VIX_close": 16.56999969482422,
    "GOLD_basis_spot_vs_near": 0.199951171875,
    "China_10Y_Treasury_Yield": 1.7667
  }
}