{
  "latest_date": "2025-09-16",
  "latest_values": {
    "Shanghai_Composite_Index": 3860.50390625,
    "CSI_300_Index": 4533.06005859375,
    "Shenzhen_Component_Index": 13005.76953125,
    "ALUMINUM_future": 2591.0,
    "BTC_price": 115020.65625,
    "OIL_price": 64.01000213623047,
    "USD_CNY_exchange_rate": 7.124199867248535,
    "Commodity_Index_ETF": 22.719999313354492,
    "US_Dollar_Index": 96.80899810791016,
    "ETH_price": 4432.0185546875,
    "GOLD_spot_price": 3734.800048828125,
    "LEAN_HOGS_future": 98.6500015258789,
    "COPPER_future": 4.709000110626221,
    "High_Yield_Bond_ETF": 81.13999938964844,
    "LIVE_CATTLE_future": 233.47500610351562,
    "GOLD_near_month_future": 3734.800048828125,
    "NATURAL_GAS_future": 3.0869998931884766,
    "PLATINUM_future": 1409.0,
    "SILVER_future": 43.275001525878906,
    "Long_Term_Treasury_ETF": 90.13500213623047,
    "CORN_future": 428.0,
    "SOYBEANS_future": 1049.0,
    "WHEAT_future": 531.5,
    "SP500_close": 6612.8798828125,
    "NASDAQ_close": 22355.98828125,
    "US_10Y_Treasury_Yield": 4.0279998779296875,
    "VIX_close": 16.110000610351562,
    "GOLD_basis_spot_vs_near": 0.0,
    "China_10Y_Treasury_Yield": 1.8527
  }
}