{
  "latest_date": "2025-07-03",
  "latest_values": {
    "Shanghai_Composite_Index": 3454.7919921875,
    "CSI_300_Index": 3943.68994140625,
    "Shenzhen_Component_Index": 10412.6298828125,
    "ALUMINUM_future": 2571.25,
    "BTC_price": 109486.6875,
    "OIL_price": 67.0199966430664,
    "USD_CNY_exchange_rate": 7.1645002365112305,
    "Commodity_Index_ETF": 22.290000915527344,
    "US_Dollar_Index": 96.77799987792969,
    "ETH_price": 2590.439697265625,
    "GOLD_spot_price": 3366.699951171875,
    "LEAN_HOGS_future": 109.6500015258789,
    "COPPER_future": 5.186500072479248,
    "High_Yield_Bond_ETF": 80.31999969482422,
    "LIVE_CATTLE_future": 212.4499969482422,
    "GOLD_near_month_future": 3422.0,
    "NATURAL_GAS_future": 3.5450000762939453,
    "PLATINUM_future": 1418.699951171875,
    "SILVER_future": 37.275001525878906,
    "Long_Term_Treasury_ETF": 87.58000183105469,
    "CORN_future": 438.25,
    "SOYBEANS_future": 1049.5,
    "WHEAT_future": 563.0,
    "SP500_close": 6227.419921875,
    "NASDAQ_close": 20393.130859375,
    "US_10Y_Treasury_Yield": 4.293000221252441,
    "VIX_close": 16.709999084472656,
    "GOLD_basis_spot_vs_near": -55.300048828125,
    "China_10Y_Treasury_Yield": 1.6396
  }
}