{
  "latest_date": "2025-08-05",
  "latest_values": {
    "Shanghai_Composite_Index": 3617.59765625,
    "CSI_300_Index": 4103.4501953125,
    "Shenzhen_Component_Index": 11106.95703125,
    "ALUMINUM_future": 2481.25,
    "BTC_price": 113741.3359375,
    "OIL_price": 65.19999694824219,
    "USD_CNY_exchange_rate": 7.1828999519348145,
    "Commodity_Index_ETF": 21.825000762939453,
    "US_Dollar_Index": 98.7699966430664,
    "ETH_price": 3580.912841796875,
    "GOLD_spot_price": 3434.699951171875,
    "LEAN_HOGS_future": 92.7750015258789,
    "COPPER_future": 4.378499984741211,
    "High_Yield_Bond_ETF": 80.21499633789062,
    "LIVE_CATTLE_future": 227.60000610351562,
    "GOLD_near_month_future": 3434.699951171875,
    "NATURAL_GAS_future": 2.996000051498413,
    "PLATINUM_future": 1328.9000244140625,
    "SILVER_future": 37.82500076293945,
    "Long_Term_Treasury_ETF": 88.33000183105469,
    "CORN_future": 401.5,
    "SOYBEANS_future": 990.5,
    "WHEAT_future": 528.5,
    "SP500_close": 6299.18994140625,
    "NASDAQ_close": 20916.55078125,
    "US_10Y_Treasury_Yield": 4.196000099182129,
    "VIX_close": 17.81999969482422,
    "GOLD_basis_spot_vs_near": 0.0,
    "China_10Y_Treasury_Yield": 1.7061
  }
}