{
  "latest_date": "2025-08-11",
  "latest_values": {
    "Shanghai_Composite_Index": 3647.546630859375,
    "CSI_300_Index": 4122.5107421875,
    "Shenzhen_Component_Index": 11291.42578125,
    "ALUMINUM_future": 2590.5,
    "BTC_price": 118852.8046875,
    "OIL_price": 64.02999877929688,
    "USD_CNY_exchange_rate": 7.187600135803223,
    "Commodity_Index_ETF": 21.864999771118164,
    "US_Dollar_Index": 98.58999633789062,
    "ETH_price": 4252.158203125,
    "GOLD_spot_price": 3401.0,
    "LEAN_HOGS_future": 91.625,
    "COPPER_future": 4.448500156402588,
    "High_Yield_Bond_ETF": 80.20500183105469,
    "LIVE_CATTLE_future": 226.375,
    "GOLD_near_month_future": 3401.0,
    "NATURAL_GAS_future": 2.9690001010894775,
    "PLATINUM_future": 1343.800048828125,
    "SILVER_future": 37.69499969482422,
    "Long_Term_Treasury_ETF": 87.38999938964844,
    "CORN_future": 407.75,
    "SOYBEANS_future": 1010.25,
    "WHEAT_future": 535.25,
    "SP500_close": 6373.4501953125,
    "NASDAQ_close": 21385.404296875,
    "US_10Y_Treasury_Yield": 4.2729997634887695,
    "VIX_close": 16.280000686645508,
    "GOLD_basis_spot_vs_near": 0.0,
    "China_10Y_Treasury_Yield": 1.7203
  }
}