{
  "latest_date": "2025-07-08",
  "latest_values": {
    "Shanghai_Composite_Index": 3473.126953125,
    "CSI_300_Index": 3965.179931640625,
    "Shenzhen_Component_Index": 10435.509765625,
    "ALUMINUM_future": 2521.5,
    "BTC_price": 108332.71875,
    "OIL_price": 67.38999938964844,
    "USD_CNY_exchange_rate": 7.164899826049805,
    "Commodity_Index_ETF": 22.260000228881836,
    "US_Dollar_Index": 97.29900360107422,
    "ETH_price": 2548.15478515625,
    "GOLD_spot_price": 3333.89990234375,
    "LEAN_HOGS_future": 107.2750015258789,
    "COPPER_future": 5.0345001220703125,
    "High_Yield_Bond_ETF": 80.0999984741211,
    "LIVE_CATTLE_future": 215.9250030517578,
    "GOLD_near_month_future": 3390.199951171875,
    "NATURAL_GAS_future": 3.3910000324249268,
    "PLATINUM_future": 1383.699951171875,
    "SILVER_future": 36.95500183105469,
    "Long_Term_Treasury_ETF": 86.13999938964844,
    "CORN_future": 418.0,
    "SOYBEANS_future": 1020.0,
    "WHEAT_future": 543.75,
    "SP500_close": 6229.97998046875,
    "NASDAQ_close": 20412.51953125,
    "US_10Y_Treasury_Yield": 4.394999980926514,
    "VIX_close": 17.299999237060547,
    "GOLD_basis_spot_vs_near": -56.300048828125,
    "China_10Y_Treasury_Yield": 1.6406
  }
}