{
  "latest_date": "2025-07-03",
  "latest_values": {
    "Shanghai_Composite_Index": 3454.7919921875,
    "CSI_300_Index": 3943.68994140625,
    "Shenzhen_Component_Index": 10412.6298828125,
    "ALUMINUM_future": 2578.0,
    "BTC_price": 108816.984375,
    "OIL_price": 66.9800033569336,
    "USD_CNY_exchange_rate": 7.1645002365112305,
    "Commodity_Index_ETF": 22.290000915527344,
    "US_Dollar_Index": 96.8550033569336,
    "ETH_price": 2566.078857421875,
    "GOLD_spot_price": 3358.89990234375,
    "LEAN_HOGS_future": 109.6500015258789,
    "COPPER_future": 5.177999973297119,
    "High_Yield_Bond_ETF": 80.31999969482422,
    "LIVE_CATTLE_future": 212.4499969482422,
    "GOLD_near_month_future": 3414.60009765625,
    "NATURAL_GAS_future": 3.4820001125335693,
    "PLATINUM_future": 1416.0,
    "SILVER_future": 36.60499954223633,
    "Long_Term_Treasury_ETF": 87.58000183105469,
    "CORN_future": 436.75,
    "SOYBEANS_future": 1046.75,
    "WHEAT_future": 562.75,
    "SP500_close": 6227.419921875,
    "NASDAQ_close": 20393.130859375,
    "US_10Y_Treasury_Yield": 4.293000221252441,
    "VIX_close": 16.639999389648438,
    "GOLD_basis_spot_vs_near": -55.7001953125,
    "China_10Y_Treasury_Yield": 1.6396
  }
}