{
  "latest_date": "2025-07-28",
  "latest_values": {
    "Shanghai_Composite_Index": 3593.655029296875,
    "CSI_300_Index": 4127.16015625,
    "Shenzhen_Component_Index": 11168.1396484375,
    "ALUMINUM_future": 2594.5,
    "BTC_price": 119223.7734375,
    "OIL_price": 65.5199966430664,
    "USD_CNY_exchange_rate": 7.153500080108643,
    "Commodity_Index_ETF": 22.170000076293945,
    "US_Dollar_Index": 97.54499816894531,
    "ETH_price": 3855.68359375,
    "GOLD_spot_price": 3338.10009765625,
    "LEAN_HOGS_future": 108.57499694824219,
    "COPPER_future": 5.803500175476074,
    "High_Yield_Bond_ETF": 80.48999786376953,
    "LIVE_CATTLE_future": 226.5500030517578,
    "GOLD_near_month_future": 3395.60009765625,
    "NATURAL_GAS_future": 3.130000114440918,
    "PLATINUM_future": 1444.0999755859375,
    "SILVER_future": 38.41999816894531,
    "Long_Term_Treasury_ETF": 86.43000030517578,
    "CORN_future": 419.0,
    "SOYBEANS_future": 1021.0,
    "WHEAT_future": 538.25,
    "SP500_close": 6388.64013671875,
    "NASDAQ_close": 21108.3203125,
    "US_10Y_Treasury_Yield": 4.386000156402588,
    "VIX_close": 14.930000305175781,
    "GOLD_basis_spot_vs_near": -57.5,
    "China_10Y_Treasury_Yield": 1.7324
  }
}