{
  "latest_date": "2025-08-14",
  "latest_values": {
    "Shanghai_Composite_Index": 3683.465087890625,
    "CSI_300_Index": 4176.580078125,
    "Shenzhen_Component_Index": 11551.3701171875,
    "ALUMINUM_future": 2552.5,
    "BTC_price": 123590.90625,
    "OIL_price": 62.81999969482422,
    "USD_CNY_exchange_rate": 7.178500175476074,
    "Commodity_Index_ETF": 21.75,
    "US_Dollar_Index": 97.63600158691406,
    "ETH_price": 4739.4619140625,
    "GOLD_spot_price": 3414.699951171875,
    "LEAN_HOGS_future": 90.7249984741211,
    "COPPER_future": 4.499499797821045,
    "High_Yield_Bond_ETF": 80.61000061035156,
    "LIVE_CATTLE_future": 229.47500610351562,
    "GOLD_near_month_future": 3415.10009765625,
    "NATURAL_GAS_future": 2.8289999961853027,
    "PLATINUM_future": 1348.5999755859375,
    "SILVER_future": 38.584999084472656,
    "Long_Term_Treasury_ETF": 87.66999816894531,
    "CORN_future": 398.25,
    "SOYBEANS_future": 1048.5,
    "WHEAT_future": 529.5,
    "SP500_close": 6466.580078125,
    "NASDAQ_close": 21713.140625,
    "US_10Y_Treasury_Yield": 4.23799991607666,
    "VIX_close": 14.489999771118164,
    "GOLD_basis_spot_vs_near": -0.400146484375,
    "China_10Y_Treasury_Yield": 1.7262
  }
}