{
  "latest_date": "2025-09-08",
  "latest_values": {
    "Shanghai_Composite_Index": 3812.513916015625,
    "CSI_300_Index": 4460.330078125,
    "Shenzhen_Component_Index": 12590.5595703125,
    "ALUMINUM_future": 2553.5,
    "BTC_price": 112055.8671875,
    "OIL_price": 62.15999984741211,
    "USD_CNY_exchange_rate": 7.14139986038208,
    "Commodity_Index_ETF": 22.139999389648438,
    "US_Dollar_Index": 97.52899932861328,
    "ETH_price": 4327.71337890625,
    "GOLD_spot_price": 3671.5,
    "LEAN_HOGS_future": 95.57499694824219,
    "COPPER_future": 4.553999900817871,
    "High_Yield_Bond_ETF": 80.91000366210938,
    "LIVE_CATTLE_future": 235.47500610351562,
    "GOLD_near_month_future": 3671.5,
    "NATURAL_GAS_future": 3.134000062942505,
    "PLATINUM_future": 1396.4000244140625,
    "SILVER_future": 41.94499969482422,
    "Long_Term_Treasury_ETF": 89.41000366210938,
    "CORN_future": 415.75,
    "SOYBEANS_future": 1023.75,
    "WHEAT_future": 519.75,
    "SP500_close": 6495.35986328125,
    "NASDAQ_close": 21843.9375,
    "US_10Y_Treasury_Yield": 4.049000263214111,
    "VIX_close": 15.270000457763672,
    "GOLD_basis_spot_vs_near": 0.0,
    "China_10Y_Treasury_Yield": 1.8514
  }
}