{
  "latest_date": "2025-07-18",
  "latest_values": {
    "Shanghai_Composite_Index": 3534.482666015625,
    "CSI_300_Index": 4058.548583984375,
    "Shenzhen_Component_Index": 10873.6201171875,
    "ALUMINUM_future": 2428.75,
    "BTC_price": 118248.4375,
    "OIL_price": 68.48999786376953,
    "USD_CNY_exchange_rate": 7.17710018157959,
    "Commodity_Index_ETF": 22.739999771118164,
    "US_Dollar_Index": 98.30799865722656,
    "ETH_price": 3583.809814453125,
    "GOLD_spot_price": 3360.89990234375,
    "LEAN_HOGS_future": 106.30000305175781,
    "COPPER_future": 5.580999851226807,
    "High_Yield_Bond_ETF": 80.20500183105469,
    "LIVE_CATTLE_future": 224.39999389648438,
    "GOLD_near_month_future": 3416.800048828125,
    "NATURAL_GAS_future": 3.5889999866485596,
    "PLATINUM_future": 1466.5,
    "SILVER_future": 38.595001220703125,
    "Long_Term_Treasury_ETF": 85.15019989013672,
    "CORN_future": 427.75,
    "SOYBEANS_future": 1042.25,
    "WHEAT_future": 546.75,
    "SP500_close": 6294.31982421875,
    "NASDAQ_close": 20862.130859375,
    "US_10Y_Treasury_Yield": 4.434000015258789,
    "VIX_close": 16.399999618530273,
    "GOLD_basis_spot_vs_near": -55.900146484375,
    "China_10Y_Treasury_Yield": 1.6652
  }
}