{
  "latest_date": "2025-07-16",
  "latest_values": {
    "Shanghai_Composite_Index": 3504.9990234375,
    "CSI_300_Index": 4019.06005859375,
    "Shenzhen_Component_Index": 10744.5595703125,
    "ALUMINUM_future": 2496.75,
    "BTC_price": 117713.1328125,
    "OIL_price": 66.88999938964844,
    "USD_CNY_exchange_rate": 7.166999816894531,
    "Commodity_Index_ETF": 22.280000686645508,
    "US_Dollar_Index": 98.54900360107422,
    "ETH_price": 3142.30322265625,
    "GOLD_spot_price": 3340.10009765625,
    "LEAN_HOGS_future": 103.9749984741211,
    "COPPER_future": 5.526000022888184,
    "High_Yield_Bond_ETF": 79.8499984741211,
    "LIVE_CATTLE_future": 222.625,
    "GOLD_near_month_future": 3396.199951171875,
    "NATURAL_GAS_future": 3.5290000438690186,
    "PLATINUM_future": 1414.5999755859375,
    "SILVER_future": 38.125,
    "Long_Term_Treasury_ETF": 85.01000213623047,
    "CORN_future": 421.5,
    "SOYBEANS_future": 1007.0,
    "WHEAT_future": 539.25,
    "SP500_close": 6243.759765625,
    "NASDAQ_close": 20677.80078125,
    "US_10Y_Treasury_Yield": 4.488999843597412,
    "VIX_close": 17.3799991607666,
    "GOLD_basis_spot_vs_near": -56.099853515625,
    "China_10Y_Treasury_Yield": 1.6557
  }
}