{
  "latest_date": "2025-07-15",
  "latest_values": {
    "Shanghai_Composite_Index": 3519.64990234375,
    "CSI_300_Index": 4017.669921875,
    "Shenzhen_Component_Index": 10684.51953125,
    "ALUMINUM_future": 2488.25,
    "BTC_price": 116922.4140625,
    "OIL_price": 66.56999969482422,
    "USD_CNY_exchange_rate": 7.168099880218506,
    "Commodity_Index_ETF": 22.31999969482422,
    "US_Dollar_Index": 98.03299713134766,
    "ETH_price": 2985.045166015625,
    "GOLD_spot_price": 3367.300048828125,
    "LEAN_HOGS_future": 103.30000305175781,
    "COPPER_future": 5.55649995803833,
    "High_Yield_Bond_ETF": 80.08999633789062,
    "LIVE_CATTLE_future": 219.25,
    "GOLD_near_month_future": 3423.60009765625,
    "NATURAL_GAS_future": 3.440999984741211,
    "PLATINUM_future": 1424.300048828125,
    "SILVER_future": 38.61000061035156,
    "Long_Term_Treasury_ETF": 85.61000061035156,
    "CORN_future": 418.25,
    "SOYBEANS_future": 1004.25,
    "WHEAT_future": 541.75,
    "SP500_close": 6268.56005859375,
    "NASDAQ_close": 20640.330078125,
    "US_10Y_Treasury_Yield": 4.427000045776367,
    "VIX_close": 17.200000762939453,
    "GOLD_basis_spot_vs_near": -56.300048828125,
    "China_10Y_Treasury_Yield": 1.6726
  }
}