{
  "latest_date": "2025-10-01",
  "latest_values": {
    "Shanghai_Composite_Index": 3882.777099609375,
    "CSI_300_Index": 4640.68994140625,
    "Shenzhen_Component_Index": 13526.509765625,
    "ALUMINUM_future": 2594.0,
    "BTC_price": 117791.9296875,
    "OIL_price": 62.09000015258789,
    "USD_CNY_exchange_rate": 7.133800029754639,
    "Commodity_Index_ETF": 22.475000381469727,
    "US_Dollar_Index": 97.80500030517578,
    "ETH_price": 4337.51953125,
    "GOLD_spot_price": 3895.800048828125,
    "LEAN_HOGS_future": 89.6500015258789,
    "COPPER_future": 4.883500099182129,
    "High_Yield_Bond_ETF": 80.86000061035156,
    "LIVE_CATTLE_future": 234.625,
    "GOLD_near_month_future": 3895.89990234375,
    "NATURAL_GAS_future": 3.375999927520752,
    "PLATINUM_future": 1587.199951171875,
    "SILVER_future": 47.625,
    "Long_Term_Treasury_ETF": 89.17500305175781,
    "CORN_future": 412.5,
    "SOYBEANS_future": 998.75,
    "WHEAT_future": 504.75,
    "SP500_close": 6694.1298828125,
    "NASDAQ_close": 22699.27734375,
    "US_10Y_Treasury_Yield": 4.120999813079834,
    "VIX_close": 16.229999542236328,
    "GOLD_basis_spot_vs_near": -0.099853515625,
    "China_10Y_Treasury_Yield": 1.8605
  }
}