{
  "latest_date": "2025-07-11",
  "latest_values": {
    "Shanghai_Composite_Index": 3510.17724609375,
    "CSI_300_Index": 4014.806884765625,
    "Shenzhen_Component_Index": 10631.1298828125,
    "ALUMINUM_future": 2534.5,
    "BTC_price": 116934.0859375,
    "OIL_price": 68.4800033569336,
    "USD_CNY_exchange_rate": 7.179999828338623,
    "Commodity_Index_ETF": 22.454999923706055,
    "US_Dollar_Index": 97.79900360107422,
    "ETH_price": 2955.944580078125,
    "GOLD_spot_price": 3375.199951171875,
    "LEAN_HOGS_future": 105.44999694824219,
    "COPPER_future": 5.589000225067139,
    "High_Yield_Bond_ETF": 79.94999694824219,
    "LIVE_CATTLE_future": 221.9250030517578,
    "GOLD_near_month_future": 3430.300048828125,
    "NATURAL_GAS_future": 3.368000030517578,
    "PLATINUM_future": 1465.0,
    "SILVER_future": 38.78499984741211,
    "Long_Term_Treasury_ETF": 85.91000366210938,
    "CORN_future": 416.5,
    "SOYBEANS_future": 1013.25,
    "WHEAT_future": 554.5,
    "SP500_close": 6254.18994140625,
    "NASDAQ_close": 20602.359375,
    "US_10Y_Treasury_Yield": 4.408999919891357,
    "VIX_close": 16.3700008392334,
    "GOLD_basis_spot_vs_near": -55.10009765625,
    "China_10Y_Treasury_Yield": 1.6653
  }
}