{
  "latest_date": "2025-08-04",
  "latest_values": {
    "Shanghai_Composite_Index": 3559.951904296875,
    "CSI_300_Index": 4054.929931640625,
    "Shenzhen_Component_Index": 10991.3203125,
    "ALUMINUM_future": 2476.75,
    "BTC_price": 114387.03125,
    "OIL_price": 65.48999786376953,
    "USD_CNY_exchange_rate": 7.174699783325195,
    "Commodity_Index_ETF": 22.09000015258789,
    "US_Dollar_Index": 98.64600372314453,
    "ETH_price": 3567.98583984375,
    "GOLD_spot_price": 3425.199951171875,
    "LEAN_HOGS_future": 90.125,
    "COPPER_future": 4.451000213623047,
    "High_Yield_Bond_ETF": 79.9800033569336,
    "LIVE_CATTLE_future": 223.52499389648438,
    "GOLD_near_month_future": 3425.300048828125,
    "NATURAL_GAS_future": 2.999000072479248,
    "PLATINUM_future": 1334.5999755859375,
    "SILVER_future": 37.345001220703125,
    "Long_Term_Treasury_ETF": 87.81999969482422,
    "CORN_future": 409.25,
    "SOYBEANS_future": 989.0,
    "WHEAT_future": 539.25,
    "SP500_close": 6238.009765625,
    "NASDAQ_close": 20650.130859375,
    "US_10Y_Treasury_Yield": 4.203999996185303,
    "VIX_close": 19.030000686645508,
    "GOLD_basis_spot_vs_near": -0.10009765625,
    "China_10Y_Treasury_Yield": 1.7083
  }
}