{
  "latest_date": "2025-08-13",
  "latest_values": {
    "Shanghai_Composite_Index": 3665.91796875,
    "CSI_300_Index": 4143.830078125,
    "Shenzhen_Component_Index": 11351.6298828125,
    "ALUMINUM_future": 2571.5,
    "BTC_price": 120189.1875,
    "OIL_price": 62.72999954223633,
    "USD_CNY_exchange_rate": 7.187699794769287,
    "Commodity_Index_ETF": 21.780000686645508,
    "US_Dollar_Index": 97.62899780273438,
    "ETH_price": 4690.54931640625,
    "GOLD_spot_price": 3416.300048828125,
    "LEAN_HOGS_future": 91.5,
    "COPPER_future": 4.538000106811523,
    "High_Yield_Bond_ETF": 80.4000015258789,
    "LIVE_CATTLE_future": 229.25,
    "GOLD_near_month_future": 3416.39990234375,
    "NATURAL_GAS_future": 2.802000045776367,
    "PLATINUM_future": 1360.0999755859375,
    "SILVER_future": 38.63999938964844,
    "Long_Term_Treasury_ETF": 86.94999694824219,
    "CORN_future": 395.5,
    "SOYBEANS_future": 1040.25,
    "WHEAT_future": 525.75,
    "SP500_close": 6445.759765625,
    "NASDAQ_close": 21681.900390625,
    "US_10Y_Treasury_Yield": 4.293000221252441,
    "VIX_close": 14.520000457763672,
    "GOLD_basis_spot_vs_near": -0.099853515625,
    "China_10Y_Treasury_Yield": 1.7262
  }
}