{
  "latest_date": "2025-07-29",
  "latest_values": {
    "Shanghai_Composite_Index": 3597.93701171875,
    "CSI_300_Index": 4135.81982421875,
    "Shenzhen_Component_Index": 11217.580078125,
    "ALUMINUM_future": 2574.25,
    "BTC_price": 118088.796875,
    "OIL_price": 67.5199966430664,
    "USD_CNY_exchange_rate": 7.153500080108643,
    "Commodity_Index_ETF": 22.415000915527344,
    "US_Dollar_Index": 98.94200134277344,
    "ETH_price": 3805.672607421875,
    "GOLD_spot_price": 3315.5,
    "LEAN_HOGS_future": 107.6500015258789,
    "COPPER_future": 5.6539998054504395,
    "High_Yield_Bond_ETF": 80.49500274658203,
    "LIVE_CATTLE_future": 227.52499389648438,
    "GOLD_near_month_future": 3372.300048828125,
    "NATURAL_GAS_future": 3.1059999465942383,
    "PLATINUM_future": 1422.300048828125,
    "SILVER_future": 38.244998931884766,
    "Long_Term_Treasury_ETF": 86.52999877929688,
    "CORN_future": 411.0,
    "SOYBEANS_future": 1010.75,
    "WHEAT_future": 527.5,
    "SP500_close": 6397.93017578125,
    "NASDAQ_close": 21225.431640625,
    "US_10Y_Treasury_Yield": 4.372000217437744,
    "VIX_close": 14.8100004196167,
    "GOLD_basis_spot_vs_near": -56.800048828125,
    "China_10Y_Treasury_Yield": 1.7466
  }
}