{
  "latest_date": "2025-08-27",
  "latest_values": {
    "Shanghai_Composite_Index": 3868.382080078125,
    "CSI_300_Index": 4452.58984375,
    "Shenzhen_Component_Index": 12473.169921875,
    "ALUMINUM_future": 2556.5,
    "BTC_price": 111172.4453125,
    "OIL_price": 63.59000015258789,
    "USD_CNY_exchange_rate": 7.151000022888184,
    "Commodity_Index_ETF": 22.020000457763672,
    "US_Dollar_Index": 98.62200164794922,
    "ETH_price": 4592.40234375,
    "GOLD_spot_price": 3430.10009765625,
    "LEAN_HOGS_future": 93.4000015258789,
    "COPPER_future": 4.388000011444092,
    "High_Yield_Bond_ETF": 80.87000274658203,
    "LIVE_CATTLE_future": 238.125,
    "GOLD_near_month_future": 3429.89990234375,
    "NATURAL_GAS_future": 2.7699999809265137,
    "PLATINUM_future": 1337.199951171875,
    "SILVER_future": 38.39500045776367,
    "Long_Term_Treasury_ETF": 86.75,
    "CORN_future": 407.75,
    "SOYBEANS_future": 1048.75,
    "WHEAT_future": 526.5,
    "SP500_close": 6465.93994140625,
    "NASDAQ_close": 21544.26953125,
    "US_10Y_Treasury_Yield": 4.2829999923706055,
    "VIX_close": 14.920000076293945,
    "GOLD_basis_spot_vs_near": 0.2001953125,
    "China_10Y_Treasury_Yield": 1.7988
  }
}