{
  "latest_date": "2025-07-09",
  "latest_values": {
    "Shanghai_Composite_Index": 3493.049560546875,
    "CSI_300_Index": 3991.400634765625,
    "Shenzhen_Component_Index": 10588.3896484375,
    "ALUMINUM_future": 2550.5,
    "BTC_price": 109187.828125,
    "OIL_price": 68.30000305175781,
    "USD_CNY_exchange_rate": 7.1743998527526855,
    "Commodity_Index_ETF": 22.264999389648438,
    "US_Dollar_Index": 97.5719985961914,
    "ETH_price": 2652.173095703125,
    "GOLD_spot_price": 3320.89990234375,
    "LEAN_HOGS_future": 107.2249984741211,
    "COPPER_future": 5.514500141143799,
    "High_Yield_Bond_ETF": 80.08499908447266,
    "LIVE_CATTLE_future": 219.875,
    "GOLD_near_month_future": 3321.10009765625,
    "NATURAL_GAS_future": 3.194000005722046,
    "PLATINUM_future": 1371.699951171875,
    "SILVER_future": 36.36000061035156,
    "Long_Term_Treasury_ETF": 86.31999969482422,
    "CORN_future": 412.5,
    "SOYBEANS_future": 1009.0,
    "WHEAT_future": 546.75,
    "SP500_close": 6237.669921875,
    "NASDAQ_close": 20504.064453125,
    "US_10Y_Treasury_Yield": 4.376999855041504,
    "VIX_close": 16.450000762939453,
    "GOLD_basis_spot_vs_near": -0.2001953125,
    "China_10Y_Treasury_Yield": 1.6446
  }
}