{
  "latest_date": "2025-10-03",
  "latest_values": {
    "Shanghai_Composite_Index": 3882.777099609375,
    "CSI_300_Index": 4640.68994140625,
    "Shenzhen_Component_Index": 13526.509765625,
    "ALUMINUM_future": 2637.75,
    "BTC_price": 122586.9765625,
    "OIL_price": 61.02000045776367,
    "USD_CNY_exchange_rate": 7.11899995803833,
    "Commodity_Index_ETF": 22.40999984741211,
    "US_Dollar_Index": 97.78099822998047,
    "ETH_price": 4506.29443359375,
    "GOLD_spot_price": 3908.5,
    "LEAN_HOGS_future": 89.32499694824219,
    "COPPER_future": 5.093500137329102,
    "High_Yield_Bond_ETF": 80.86499786376953,
    "LIVE_CATTLE_future": 236.9499969482422,
    "GOLD_near_month_future": 3908.300048828125,
    "NATURAL_GAS_future": 3.3359999656677246,
    "PLATINUM_future": 1639.800048828125,
    "SILVER_future": 47.86000061035156,
    "Long_Term_Treasury_ETF": 89.34880065917969,
    "CORN_future": 419.25,
    "SOYBEANS_future": 1016.75,
    "WHEAT_future": 514.75,
    "SP500_close": 6729.9599609375,
    "NASDAQ_close": 22796.087890625,
    "US_10Y_Treasury_Yield": 4.115000247955322,
    "VIX_close": 16.799999237060547,
    "GOLD_basis_spot_vs_near": 0.199951171875,
    "China_10Y_Treasury_Yield": 1.8605
  }
}