{
  "latest_date": "2025-08-28",
  "latest_values": {
    "Shanghai_Composite_Index": 3800.35009765625,
    "CSI_300_Index": 4386.1298828125,
    "Shenzhen_Component_Index": 12295.0703125,
    "ALUMINUM_future": 2565.5,
    "BTC_price": 113124.484375,
    "OIL_price": 64.0999984741211,
    "USD_CNY_exchange_rate": 7.1519999504089355,
    "Commodity_Index_ETF": 22.040000915527344,
    "US_Dollar_Index": 97.99400329589844,
    "ETH_price": 4597.32421875,
    "GOLD_spot_price": 3456.800048828125,
    "LEAN_HOGS_future": 93.875,
    "COPPER_future": 4.520500183105469,
    "High_Yield_Bond_ETF": 80.97000122070312,
    "LIVE_CATTLE_future": 239.5749969482422,
    "GOLD_near_month_future": 3457.0,
    "NATURAL_GAS_future": 2.88700008392334,
    "PLATINUM_future": 1346.5,
    "SILVER_future": 39.71500015258789,
    "Long_Term_Treasury_ETF": 86.6500015258789,
    "CORN_future": 405.25,
    "SOYBEANS_future": 1047.5,
    "WHEAT_future": 521.25,
    "SP500_close": 6481.39990234375,
    "NASDAQ_close": 21590.140625,
    "US_10Y_Treasury_Yield": 4.236000061035156,
    "VIX_close": 14.210000038146973,
    "GOLD_basis_spot_vs_near": -0.199951171875,
    "China_10Y_Treasury_Yield": 1.8478
  }
}