{
  "latest_date": "2025-07-30",
  "latest_values": {
    "Shanghai_Composite_Index": 3615.716796875,
    "CSI_300_Index": 4151.23779296875,
    "Shenzhen_Component_Index": 11203.029296875,
    "ALUMINUM_future": 2470.0,
    "BTC_price": 117465.9140625,
    "OIL_price": 70.26000213623047,
    "USD_CNY_exchange_rate": 7.176400184631348,
    "Commodity_Index_ETF": 22.639999389648438,
    "US_Dollar_Index": 99.88700103759766,
    "ETH_price": 3778.16357421875,
    "GOLD_spot_price": 3329.5,
    "LEAN_HOGS_future": 106.8499984741211,
    "COPPER_future": 4.638500213623047,
    "High_Yield_Bond_ETF": 80.33000183105469,
    "LIVE_CATTLE_future": 232.9499969482422,
    "GOLD_near_month_future": 3329.60009765625,
    "NATURAL_GAS_future": 3.0290000438690186,
    "PLATINUM_future": 1323.4000244140625,
    "SILVER_future": 37.13999938964844,
    "Long_Term_Treasury_ETF": 86.87000274658203,
    "CORN_future": 412.5,
    "SOYBEANS_future": 996.0,
    "WHEAT_future": 523.75,
    "SP500_close": 6362.89990234375,
    "NASDAQ_close": 21129.673828125,
    "US_10Y_Treasury_Yield": 4.375999927520752,
    "VIX_close": 15.479999542236328,
    "GOLD_basis_spot_vs_near": -0.10009765625,
    "China_10Y_Treasury_Yield": 1.718
  }
}