{
  "latest_date": "2025-08-28",
  "latest_values": {
    "Shanghai_Composite_Index": 3843.597412109375,
    "CSI_300_Index": 4463.7822265625,
    "Shenzhen_Component_Index": 12571.37109375,
    "ALUMINUM_future": 2532.5,
    "BTC_price": 112383.0625,
    "OIL_price": 64.25,
    "USD_CNY_exchange_rate": 7.1519999504089355,
    "Commodity_Index_ETF": 22.190200805664062,
    "US_Dollar_Index": 97.80500030517578,
    "ETH_price": 4490.5048828125,
    "GOLD_spot_price": 3475.800048828125,
    "LEAN_HOGS_future": 94.2750015258789,
    "COPPER_future": 4.547999858856201,
    "High_Yield_Bond_ETF": 80.9749984741211,
    "LIVE_CATTLE_future": 237.0749969482422,
    "GOLD_near_month_future": 3475.699951171875,
    "NATURAL_GAS_future": 2.9769999980926514,
    "PLATINUM_future": 1365.0999755859375,
    "SILVER_future": 39.755001068115234,
    "Long_Term_Treasury_ETF": 87.125,
    "CORN_future": 408.75,
    "SOYBEANS_future": 1047.25,
    "WHEAT_future": 529.25,
    "SP500_close": 6498.18017578125,
    "NASDAQ_close": 21707.216796875,
    "US_10Y_Treasury_Yield": 4.210999965667725,
    "VIX_close": 14.149999618530273,
    "GOLD_basis_spot_vs_near": 0.10009765625,
    "China_10Y_Treasury_Yield": 1.8478
  }
}