{
  "latest_date": "2025-10-02",
  "latest_values": {
    "Shanghai_Composite_Index": 3882.777099609375,
    "CSI_300_Index": 4640.68994140625,
    "Shenzhen_Component_Index": 13526.509765625,
    "ALUMINUM_future": 2597.5,
    "BTC_price": 118752.8671875,
    "OIL_price": 62.18000030517578,
    "USD_CNY_exchange_rate": 7.133800029754639,
    "Commodity_Index_ETF": 22.489999771118164,
    "US_Dollar_Index": 97.69499969482422,
    "ETH_price": 4390.10791015625,
    "GOLD_spot_price": 3889.800048828125,
    "LEAN_HOGS_future": 98.3499984741211,
    "COPPER_future": 4.919000148773193,
    "High_Yield_Bond_ETF": 80.95999908447266,
    "LIVE_CATTLE_future": 237.22500610351562,
    "GOLD_near_month_future": 3889.60009765625,
    "NATURAL_GAS_future": 3.440999984741211,
    "PLATINUM_future": 1569.9000244140625,
    "SILVER_future": 47.35499954223633,
    "Long_Term_Treasury_ETF": 89.29000091552734,
    "CORN_future": 417.0,
    "SOYBEANS_future": 1010.75,
    "WHEAT_future": 510.25,
    "SP500_close": 6711.2001953125,
    "NASDAQ_close": 22755.16015625,
    "US_10Y_Treasury_Yield": 4.105999946594238,
    "VIX_close": 16.290000915527344,
    "GOLD_basis_spot_vs_near": 0.199951171875,
    "China_10Y_Treasury_Yield": 1.8605
  }
}