{
  "latest_date": "2025-07-25",
  "latest_values": {
    "Shanghai_Composite_Index": 3593.6552734375,
    "CSI_300_Index": 4127.16357421875,
    "Shenzhen_Component_Index": 11168.1416015625,
    "ALUMINUM_future": 2590.0,
    "BTC_price": 116530.1015625,
    "OIL_price": 65.16000366210938,
    "USD_CNY_exchange_rate": 7.167399883270264,
    "Commodity_Index_ETF": 22.209999084472656,
    "US_Dollar_Index": 97.65399932861328,
    "ETH_price": 3654.02392578125,
    "GOLD_spot_price": 3340.0,
    "LEAN_HOGS_future": 108.57499694824219,
    "COPPER_future": 5.793499946594238,
    "High_Yield_Bond_ETF": 80.5199966430664,
    "LIVE_CATTLE_future": 226.5500030517578,
    "GOLD_near_month_future": 3397.199951171875,
    "NATURAL_GAS_future": 3.1110000610351562,
    "PLATINUM_future": 1429.199951171875,
    "SILVER_future": 38.38999938964844,
    "Long_Term_Treasury_ETF": 86.3375015258789,
    "CORN_future": 419.0,
    "SOYBEANS_future": 1021.75,
    "WHEAT_future": 539.25,
    "SP500_close": 6392.75,
    "NASDAQ_close": 21134.00390625,
    "US_10Y_Treasury_Yield": 4.386000156402588,
    "VIX_close": 15.0600004196167,
    "GOLD_basis_spot_vs_near": -57.199951171875,
    "China_10Y_Treasury_Yield": 1.7324
  }
}