{
  "latest_date": "2025-07-15",
  "latest_values": {
    "Shanghai_Composite_Index": 3504.998779296875,
    "CSI_300_Index": 4019.064453125,
    "Shenzhen_Component_Index": 10684.51953125,
    "ALUMINUM_future": 2490.25,
    "BTC_price": 116447.6640625,
    "OIL_price": 66.51000213623047,
    "USD_CNY_exchange_rate": 7.172399997711182,
    "Commodity_Index_ETF": 22.315000534057617,
    "US_Dollar_Index": 98.58300018310547,
    "ETH_price": 3040.598876953125,
    "GOLD_spot_price": 3336.0,
    "LEAN_HOGS_future": 103.0,
    "COPPER_future": 5.54449987411499,
    "High_Yield_Bond_ETF": 79.95500183105469,
    "LIVE_CATTLE_future": 221.85000610351562,
    "GOLD_near_month_future": 3392.300048828125,
    "NATURAL_GAS_future": 3.4639999866485596,
    "PLATINUM_future": 1408.5999755859375,
    "SILVER_future": 37.974998474121094,
    "Long_Term_Treasury_ETF": 85.08999633789062,
    "CORN_future": 421.5,
    "SOYBEANS_future": 1005.75,
    "WHEAT_future": 541.5,
    "SP500_close": 6269.97998046875,
    "NASDAQ_close": 20782.0234375,
    "US_10Y_Treasury_Yield": 4.4730000495910645,
    "VIX_close": 16.920000076293945,
    "GOLD_basis_spot_vs_near": -56.300048828125,
    "China_10Y_Treasury_Yield": 1.6557
  }
}