{
  "latest_date": "2025-09-09",
  "latest_values": {
    "Shanghai_Composite_Index": 3807.292236328125,
    "CSI_300_Index": 4436.25830078125,
    "Shenzhen_Component_Index": 12666.83984375,
    "ALUMINUM_future": 2550.75,
    "BTC_price": 110947.921875,
    "OIL_price": 62.939998626708984,
    "USD_CNY_exchange_rate": 7.132500171661377,
    "Commodity_Index_ETF": 22.2549991607666,
    "US_Dollar_Index": 97.68399810791016,
    "ETH_price": 4289.20361328125,
    "GOLD_spot_price": 3681.5,
    "LEAN_HOGS_future": 95.80000305175781,
    "COPPER_future": 4.561999797821045,
    "High_Yield_Bond_ETF": 80.68499755859375,
    "LIVE_CATTLE_future": 231.6999969482422,
    "GOLD_near_month_future": 3681.10009765625,
    "NATURAL_GAS_future": 3.065000057220459,
    "PLATINUM_future": 1372.199951171875,
    "SILVER_future": 41.345001220703125,
    "Long_Term_Treasury_ETF": 89.15499877929688,
    "CORN_future": 421.0,
    "SOYBEANS_future": 1032.25,
    "WHEAT_future": 521.75,
    "SP500_close": 6493.759765625,
    "NASDAQ_close": 21793.076171875,
    "US_10Y_Treasury_Yield": 4.079999923706055,
    "VIX_close": 15.430000305175781,
    "GOLD_basis_spot_vs_near": 0.39990234375,
    "China_10Y_Treasury_Yield": 1.8641
  }
}