{
  "latest_date": "2025-09-18",
  "latest_values": {
    "Shanghai_Composite_Index": 3876.341064453125,
    "CSI_300_Index": 4551.02001953125,
    "Shenzhen_Component_Index": 13215.4599609375,
    "ALUMINUM_future": 2625.5,
    "BTC_price": 117759.859375,
    "OIL_price": 64.05000305175781,
    "USD_CNY_exchange_rate": 7.114200115203857,
    "Commodity_Index_ETF": 22.516399383544922,
    "US_Dollar_Index": 97.43900299072266,
    "ETH_price": 4621.06396484375,
    "GOLD_spot_price": 3670.39990234375,
    "LEAN_HOGS_future": 97.42500305175781,
    "COPPER_future": 4.5914998054504395,
    "High_Yield_Bond_ETF": 81.1449966430664,
    "LIVE_CATTLE_future": 231.3249969482422,
    "GOLD_near_month_future": 3670.60009765625,
    "NATURAL_GAS_future": 3.0490000247955322,
    "PLATINUM_future": 1388.199951171875,
    "SILVER_future": 41.959999084472656,
    "Long_Term_Treasury_ETF": 89.20800018310547,
    "CORN_future": 425.0,
    "SOYBEANS_future": 1038.75,
    "WHEAT_future": 528.25,
    "SP500_close": 6656.5,
    "NASDAQ_close": 22522.025390625,
    "US_10Y_Treasury_Yield": 4.125999927520752,
    "VIX_close": 15.199999809265137,
    "GOLD_basis_spot_vs_near": -0.2001953125,
    "China_10Y_Treasury_Yield": 1.8546
  }
}