{
  "latest_date": "2025-08-08",
  "latest_values": {
    "Shanghai_Composite_Index": 3639.6669921875,
    "CSI_300_Index": 4114.669921875,
    "Shenzhen_Component_Index": 11157.9404296875,
    "ALUMINUM_future": 2543.5,
    "BTC_price": 116607.0546875,
    "OIL_price": 63.93000030517578,
    "USD_CNY_exchange_rate": 7.182799816131592,
    "Commodity_Index_ETF": 21.84000015258789,
    "US_Dollar_Index": 98.26899719238281,
    "ETH_price": 3900.51513671875,
    "GOLD_spot_price": 3483.300048828125,
    "LEAN_HOGS_future": 90.9000015258789,
    "COPPER_future": 4.4375,
    "High_Yield_Bond_ETF": 80.20999908447266,
    "LIVE_CATTLE_future": 232.5749969482422,
    "GOLD_near_month_future": 3483.39990234375,
    "NATURAL_GAS_future": 3.0380001068115234,
    "PLATINUM_future": 1342.199951171875,
    "SILVER_future": 38.51499938964844,
    "Long_Term_Treasury_ETF": 87.66999816894531,
    "CORN_future": 406.5,
    "SOYBEANS_future": 990.75,
    "WHEAT_future": 539.25,
    "SP500_close": 6340.0,
    "NASDAQ_close": 21242.69921875,
    "US_10Y_Treasury_Yield": 4.265999794006348,
    "VIX_close": 16.309999465942383,
    "GOLD_basis_spot_vs_near": -0.099853515625,
    "China_10Y_Treasury_Yield": 1.6891
  }
}