{
  "latest_date": "2025-07-17",
  "latest_values": {
    "Shanghai_Composite_Index": 3503.777099609375,
    "CSI_300_Index": 4007.199951171875,
    "Shenzhen_Component_Index": 10720.8095703125,
    "ALUMINUM_future": 2454.25,
    "BTC_price": 118224.9140625,
    "OIL_price": 66.36000061035156,
    "USD_CNY_exchange_rate": 7.172900199890137,
    "Commodity_Index_ETF": 22.309999465942383,
    "US_Dollar_Index": 98.70800018310547,
    "ETH_price": 3443.57275390625,
    "GOLD_spot_price": 3331.39990234375,
    "LEAN_HOGS_future": 104.55000305175781,
    "COPPER_future": 5.493000030517578,
    "High_Yield_Bond_ETF": 80.05999755859375,
    "LIVE_CATTLE_future": 223.875,
    "GOLD_near_month_future": 3387.0,
    "NATURAL_GAS_future": 3.5789999961853027,
    "PLATINUM_future": 1428.300048828125,
    "SILVER_future": 37.994998931884766,
    "Long_Term_Treasury_ETF": 85.12999725341797,
    "CORN_future": 425.5,
    "SOYBEANS_future": 1022.0,
    "WHEAT_future": 539.75,
    "SP500_close": 6263.7001953125,
    "NASDAQ_close": 20730.490234375,
    "US_10Y_Treasury_Yield": 4.454999923706055,
    "VIX_close": 17.190000534057617,
    "GOLD_basis_spot_vs_near": -55.60009765625,
    "China_10Y_Treasury_Yield": 1.6617
  }
}