{
  "latest_date": "2025-09-02",
  "latest_values": {
    "Shanghai_Composite_Index": 3858.13330078125,
    "CSI_300_Index": 4490.45263671875,
    "Shenzhen_Component_Index": 12828.9501953125,
    "ALUMINUM_future": 2528.5,
    "BTC_price": 111280.3046875,
    "OIL_price": 65.1500015258789,
    "USD_CNY_exchange_rate": 7.13040018081665,
    "Commodity_Index_ETF": 22.490299224853516,
    "US_Dollar_Index": 98.16200256347656,
    "ETH_price": 4344.083984375,
    "GOLD_spot_price": 3576.0,
    "LEAN_HOGS_future": 95.1500015258789,
    "COPPER_future": 4.6020002365112305,
    "High_Yield_Bond_ETF": 80.30500030517578,
    "LIVE_CATTLE_future": 240.3249969482422,
    "GOLD_near_month_future": 3576.199951171875,
    "NATURAL_GAS_future": 2.9000000953674316,
    "PLATINUM_future": 1412.0,
    "SILVER_future": 41.564998626708984,
    "Long_Term_Treasury_ETF": 85.59500122070312,
    "CORN_future": 419.0,
    "SOYBEANS_future": 1039.75,
    "WHEAT_future": 527.0,
    "SP500_close": 6381.97998046875,
    "NASDAQ_close": 21141.18359375,
    "US_10Y_Treasury_Yield": 4.269000053405762,
    "VIX_close": 18.649999618530273,
    "GOLD_basis_spot_vs_near": -0.199951171875,
    "China_10Y_Treasury_Yield": 1.8167
  }
}