{
  "latest_date": "2025-10-03",
  "latest_values": {
    "Shanghai_Composite_Index": 3882.777099609375,
    "CSI_300_Index": 4640.68994140625,
    "Shenzhen_Component_Index": 13526.509765625,
    "ALUMINUM_future": 2596.5,
    "BTC_price": 120318.3984375,
    "OIL_price": 60.83000183105469,
    "USD_CNY_exchange_rate": 7.11899995803833,
    "Commodity_Index_ETF": 22.34000015258789,
    "US_Dollar_Index": 97.88099670410156,
    "ETH_price": 4511.41748046875,
    "GOLD_spot_price": 3866.60009765625,
    "LEAN_HOGS_future": 88.57499694824219,
    "COPPER_future": 4.96150016784668,
    "High_Yield_Bond_ETF": 80.93000030517578,
    "LIVE_CATTLE_future": 233.5,
    "GOLD_near_month_future": 3866.300048828125,
    "NATURAL_GAS_future": 3.430000066757202,
    "PLATINUM_future": 1585.199951171875,
    "SILVER_future": 46.77000045776367,
    "Long_Term_Treasury_ETF": 89.55000305175781,
    "CORN_future": 421.5,
    "SOYBEANS_future": 1022.0,
    "WHEAT_future": 514.25,
    "SP500_close": 6715.35009765625,
    "NASDAQ_close": 22844.05078125,
    "US_10Y_Treasury_Yield": 4.0879998207092285,
    "VIX_close": 16.6299991607666,
    "GOLD_basis_spot_vs_near": 0.300048828125,
    "China_10Y_Treasury_Yield": 1.8605
  }
}