{
  "latest_date": "2025-07-24",
  "latest_values": {
    "CSI_300_Index": 4149.03662109375,
    "Shenzhen_Component_Index": 11059.0400390625,
    "ALUMINUM_future": 2636.5,
    "BTC_price": 119154.5234375,
    "OIL_price": 66.33000183105469,
    "USD_CNY_exchange_rate": 7.156300067901611,
    "US_Dollar_Index": 97.36499786376953,
    "ETH_price": 3722.132568359375,
    "GOLD_spot_price": 3376.10009765625,
    "LEAN_HOGS_future": 108.75,
    "COPPER_future": 5.798999786376953,
    "High_Yield_Bond_ETF": 80.45500183105469,
    "LIVE_CATTLE_future": 225.8000030517578,
    "GOLD_near_month_future": 3433.0,
    "NATURAL_GAS_future": 3.128000020980835,
    "PLATINUM_future": 1446.0999755859375,
    "SILVER_future": 39.22999954223633,
    "Long_Term_Treasury_ETF": 86.0250015258789,
    "CORN_future": 418.5,
    "SOYBEANS_future": 1022.0,
    "WHEAT_future": 537.5,
    "SP500_close": 6371.490234375,
    "NASDAQ_close": 21063.314453125,
    "US_10Y_Treasury_Yield": 4.404000282287598,
    "VIX_close": 15.039999961853027,
    "GOLD_basis_spot_vs_near": -56.89990234375,
    "China_10Y_Treasury_Yield": 1.7376
  }
}