{
  "latest_date": "2025-08-22",
  "latest_values": {
    "Shanghai_Composite_Index": 3771.09912109375,
    "CSI_300_Index": 4288.06982421875,
    "Shenzhen_Component_Index": 11919.759765625,
    "ALUMINUM_future": 2507.5,
    "BTC_price": 112303.53125,
    "OIL_price": 63.689998626708984,
    "USD_CNY_exchange_rate": 7.1757001876831055,
    "Commodity_Index_ETF": 21.989999771118164,
    "US_Dollar_Index": 98.697998046875,
    "ETH_price": 4263.8818359375,
    "GOLD_spot_price": 3369.800048828125,
    "LEAN_HOGS_future": 89.9000015258789,
    "COPPER_future": 4.441500186920166,
    "High_Yield_Bond_ETF": 80.19999694824219,
    "LIVE_CATTLE_future": 234.77499389648438,
    "GOLD_near_month_future": 3369.60009765625,
    "NATURAL_GAS_future": 2.802999973297119,
    "PLATINUM_future": 1334.0999755859375,
    "SILVER_future": 37.915000915527344,
    "Long_Term_Treasury_ETF": 86.41000366210938,
    "CORN_future": 412.0,
    "SOYBEANS_future": 1058.0,
    "WHEAT_future": 528.0,
    "SP500_close": 6370.169921875,
    "NASDAQ_close": 21100.310546875,
    "US_10Y_Treasury_Yield": 4.329999923706055,
    "VIX_close": 16.540000915527344,
    "GOLD_basis_spot_vs_near": 0.199951171875,
    "China_10Y_Treasury_Yield": 1.7818
  }
}