{
  "latest_date": "2025-08-25",
  "latest_values": {
    "Shanghai_Composite_Index": 3825.759033203125,
    "CSI_300_Index": 4378.0,
    "Shenzhen_Component_Index": 12166.0595703125,
    "ALUMINUM_future": 2505.25,
    "BTC_price": 111643.1796875,
    "OIL_price": 64.63999938964844,
    "USD_CNY_exchange_rate": 7.179900169372559,
    "Commodity_Index_ETF": 22.190000534057617,
    "US_Dollar_Index": 97.85900115966797,
    "ETH_price": 4644.85888671875,
    "GOLD_spot_price": 3415.5,
    "LEAN_HOGS_future": 91.5250015258789,
    "COPPER_future": 4.486999988555908,
    "High_Yield_Bond_ETF": 80.73500061035156,
    "LIVE_CATTLE_future": 236.5749969482422,
    "GOLD_near_month_future": 3415.0,
    "NATURAL_GAS_future": 2.680999994277954,
    "PLATINUM_future": 1344.800048828125,
    "SILVER_future": 38.69499969482422,
    "Long_Term_Treasury_ETF": 86.69999694824219,
    "CORN_future": 415.75,
    "SOYBEANS_future": 1055.0,
    "WHEAT_future": 531.25,
    "SP500_close": 6456.93017578125,
    "NASDAQ_close": 21500.38671875,
    "US_10Y_Treasury_Yield": 4.286999702453613,
    "VIX_close": 14.850000381469727,
    "GOLD_basis_spot_vs_near": 0.5,
    "China_10Y_Treasury_Yield": 1.7643
  }
}