{
  "latest_date": "2025-07-01",
  "latest_values": {
    "Shanghai_Composite_Index": 3457.747314453125,
    "CSI_300_Index": 3942.761962890625,
    "Shenzhen_Component_Index": 10476.2939453125,
    "ALUMINUM_future": 2570.25,
    "BTC_price": 106222.5625,
    "OIL_price": 65.5,
    "USD_CNY_exchange_rate": 7.172100067138672,
    "Commodity_Index_ETF": 21.899999618530273,
    "US_Dollar_Index": 96.8030014038086,
    "ETH_price": 2431.91650390625,
    "GOLD_spot_price": 3351.60009765625,
    "LEAN_HOGS_future": 106.875,
    "COPPER_future": 5.10099983215332,
    "High_Yield_Bond_ETF": 80.20500183105469,
    "LIVE_CATTLE_future": 210.8249969482422,
    "GOLD_near_month_future": 3408.10009765625,
    "NATURAL_GAS_future": 3.3889999389648438,
    "PLATINUM_future": 1359.300048828125,
    "SILVER_future": 36.3650016784668,
    "Long_Term_Treasury_ETF": 87.98999786376953,
    "CORN_future": 421.75,
    "SOYBEANS_future": 1027.75,
    "WHEAT_future": 547.5,
    "SP500_close": 6206.41015625,
    "NASDAQ_close": 20257.3828125,
    "US_10Y_Treasury_Yield": 4.252999782562256,
    "VIX_close": 16.65999984741211,
    "GOLD_basis_spot_vs_near": -56.5,
    "China_10Y_Treasury_Yield": 1.6433
  }
}