{
  "latest_date": "2025-10-03",
  "latest_values": {
    "Shanghai_Composite_Index": 3882.777099609375,
    "CSI_300_Index": 4640.68994140625,
    "Shenzhen_Component_Index": 13526.509765625,
    "ALUMINUM_future": 2652.0,
    "BTC_price": 122294.40625,
    "OIL_price": 60.68000030517578,
    "USD_CNY_exchange_rate": 7.11899995803833,
    "Commodity_Index_ETF": 22.40999984741211,
    "US_Dollar_Index": 97.6969985961914,
    "ETH_price": 4520.09228515625,
    "GOLD_spot_price": 3910.60009765625,
    "LEAN_HOGS_future": 87.30000305175781,
    "COPPER_future": 5.0894999504089355,
    "High_Yield_Bond_ETF": 80.83999633789062,
    "LIVE_CATTLE_future": 234.60000610351562,
    "GOLD_near_month_future": 3910.5,
    "NATURAL_GAS_future": 3.3259999752044678,
    "PLATINUM_future": 1642.300048828125,
    "SILVER_future": 47.95500183105469,
    "Long_Term_Treasury_ETF": 89.37999725341797,
    "CORN_future": 419.5,
    "SOYBEANS_future": 1017.0,
    "WHEAT_future": 514.75,
    "SP500_close": 6715.7900390625,
    "NASDAQ_close": 22780.505859375,
    "US_10Y_Treasury_Yield": 4.11899995803833,
    "VIX_close": 16.6200008392334,
    "GOLD_basis_spot_vs_near": 0.10009765625,
    "China_10Y_Treasury_Yield": 1.8605
  }
}