{
  "latest_date": "2025-07-07",
  "latest_values": {
    "Shanghai_Composite_Index": 3472.319091796875,
    "CSI_300_Index": 3982.199951171875,
    "Shenzhen_Component_Index": 10508.759765625,
    "ALUMINUM_future": 2518.25,
    "BTC_price": 108620.3828125,
    "OIL_price": 66.94999694824219,
    "USD_CNY_exchange_rate": 7.172399997711182,
    "Commodity_Index_ETF": 22.280000686645508,
    "US_Dollar_Index": 97.36000061035156,
    "ETH_price": 2562.371337890625,
    "GOLD_spot_price": 3310.300048828125,
    "LEAN_HOGS_future": 107.9749984741211,
    "COPPER_future": 5.0289998054504395,
    "High_Yield_Bond_ETF": 80.37000274658203,
    "LIVE_CATTLE_future": 214.0500030517578,
    "GOLD_near_month_future": 3369.10009765625,
    "NATURAL_GAS_future": 3.312000036239624,
    "PLATINUM_future": 1374.199951171875,
    "SILVER_future": 36.435001373291016,
    "Long_Term_Treasury_ETF": 86.97000122070312,
    "CORN_future": 425.0,
    "SOYBEANS_future": 1029.75,
    "WHEAT_future": 546.75,
    "SP500_close": 6279.35009765625,
    "NASDAQ_close": 20601.099609375,
    "US_10Y_Treasury_Yield": 4.3480000495910645,
    "VIX_close": 17.56999969482422,
    "GOLD_basis_spot_vs_near": -58.800048828125,
    "China_10Y_Treasury_Yield": 1.6406
  }
}