{
  "latest_date": "2025-06-28",
  "latest_values": {
    "Shanghai_Composite_Index": 3424.22705078125,
    "CSI_300_Index": 3921.760009765625,
    "Shenzhen_Component_Index": 10378.5498046875,
    "ALUMINUM_future": 2507.5,
    "BTC_price": 107431.5234375,
    "OIL_price": 65.5199966430664,
    "USD_CNY_exchange_rate": 7.171599864959717,
    "Commodity_Index_ETF": 21.799999237060547,
    "US_Dollar_Index": 97.4000015258789,
    "ETH_price": 2425.001708984375,
    "GOLD_spot_price": 3273.699951171875,
    "LEAN_HOGS_future": 113.25,
    "COPPER_future": 5.06850004196167,
    "High_Yield_Bond_ETF": 80.33999633789062,
    "LIVE_CATTLE_future": 224.75,
    "GOLD_near_month_future": 3287.60009765625,
    "NATURAL_GAS_future": 3.739000082015991,
    "PLATINUM_future": 1340.9000244140625,
    "SILVER_future": 36.0369987487793,
    "Long_Term_Treasury_ETF": 87.38999938964844,
    "CORN_future": 417.5,
    "SOYBEANS_future": 1027.75,
    "WHEAT_future": 524.75,
    "SP500_close": 6173.06982421875,
    "NASDAQ_close": 20273.4609375,
    "US_10Y_Treasury_Yield": 4.2829999923706055,
    "VIX_close": 16.31999969482422,
    "GOLD_basis_spot_vs_near": -13.900146484375
  },
  "trends": {
    "GOLD_spot_price_7d_change": -2.802771406647475,
    "GOLD_spot_price_30d_change": -0.4621591298975991,
    "OIL_price_7d_change": -12.558392664866147,
    "OIL_price_30d_change": 7.780877868568847,
    "COPPER_future_7d_change": 5.024861533451319,
    "COPPER_future_30d_change": 8.941426668033214,
    "Shanghai_Composite_Index_7d_change": 1.9147036105602755,
    "Shanghai_Composite_Index_30d_change": 2.2924656270915778,
    "CSI_300_Index_7d_change": 1.9528762578592262,
    "CSI_300_Index_30d_change": 2.123050695180595,
    "Shenzhen_Component_Index_7d_change": 3.733317351789145,
    "Shenzhen_Component_Index_30d_change": 3.3655251295882316,
    "SP500_close_7d_change": 3.4389324419234146,
    "SP500_close_30d_change": 4.4214071678854605,
    "NASDAQ_close_7d_change": 4.2476133048724884,
    "NASDAQ_close_30d_change": 6.067308723974962,
    "VIX_close_7d_change": -20.853544953439695,
    "VIX_close_30d_change": -12.11631683885872,
    "US_Dollar_Index_7d_change": -1.3271173850105122,
    "US_Dollar_Index_30d_change": -1.9430184935045336,
    "USD_CNY_exchange_rate_7d_change": -0.22816272618171318,
    "USD_CNY_exchange_rate_30d_change": -0.44560712357123444,
    "US_10Y_Treasury_Yield_7d_change": -2.1028573172433007,
    "US_10Y_Treasury_Yield_30d_change": -3.011773105411786
  }
}