{
  "latest_date": "2025-07-03",
  "latest_values": {
    "Shanghai_Composite_Index": 3454.7919921875,
    "CSI_300_Index": 3943.68994140625,
    "Shenzhen_Component_Index": 10412.6298828125,
    "ALUMINUM_future": 2578.0,
    "BTC_price": 108812.5234375,
    "OIL_price": 66.93000030517578,
    "USD_CNY_exchange_rate": 7.1645002365112305,
    "Commodity_Index_ETF": 22.290000915527344,
    "US_Dollar_Index": 96.78099822998047,
    "ETH_price": 2571.30322265625,
    "GOLD_spot_price": 3358.199951171875,
    "LEAN_HOGS_future": 107.7750015258789,
    "COPPER_future": 5.183000087738037,
    "High_Yield_Bond_ETF": 80.31999969482422,
    "LIVE_CATTLE_future": 212.625,
    "GOLD_near_month_future": 3414.300048828125,
    "NATURAL_GAS_future": 3.496000051498413,
    "PLATINUM_future": 1420.300048828125,
    "SILVER_future": 36.619998931884766,
    "Long_Term_Treasury_ETF": 87.58000183105469,
    "CORN_future": 436.75,
    "SOYBEANS_future": 1047.25,
    "WHEAT_future": 562.75,
    "SP500_close": 6227.419921875,
    "NASDAQ_close": 20393.130859375,
    "US_10Y_Treasury_Yield": 4.293000221252441,
    "VIX_close": 16.639999389648438,
    "GOLD_basis_spot_vs_near": -56.10009765625,
    "China_10Y_Treasury_Yield": 1.6396
  }
}