{
  "latest_date": "2025-09-11",
  "latest_values": {
    "Shanghai_Composite_Index": 3812.220947265625,
    "CSI_300_Index": 4445.3701171875,
    "Shenzhen_Component_Index": 12557.6796875,
    "ALUMINUM_future": 2583.75,
    "BTC_price": 114214.0390625,
    "OIL_price": 62.97999954223633,
    "USD_CNY_exchange_rate": 7.1209001541137695,
    "Commodity_Index_ETF": 22.389999389648438,
    "US_Dollar_Index": 97.99600219726562,
    "ETH_price": 4426.72900390625,
    "GOLD_spot_price": 3654.39990234375,
    "LEAN_HOGS_future": 96.69999694824219,
    "COPPER_future": 4.608500003814697,
    "High_Yield_Bond_ETF": 80.83999633789062,
    "LIVE_CATTLE_future": 231.27499389648438,
    "GOLD_near_month_future": 3654.39990234375,
    "NATURAL_GAS_future": 3.0390000343322754,
    "PLATINUM_future": 1390.0999755859375,
    "SILVER_future": 41.474998474121094,
    "Long_Term_Treasury_ETF": 89.73999786376953,
    "CORN_future": 418.0,
    "SOYBEANS_future": 1030.25,
    "WHEAT_future": 513.5,
    "SP500_close": 6532.0400390625,
    "NASDAQ_close": 21886.060546875,
    "US_10Y_Treasury_Yield": 4.0320000648498535,
    "VIX_close": 15.050000190734863,
    "GOLD_basis_spot_vs_near": 0.0,
    "China_10Y_Treasury_Yield": 1.8743
  }
}