{
  "latest_date": "2025-08-01",
  "latest_values": {
    "Shanghai_Composite_Index": 3573.2080078125,
    "CSI_300_Index": 4075.590087890625,
    "Shenzhen_Component_Index": 11009.76953125,
    "ALUMINUM_future": 2496.0,
    "BTC_price": 115576.0859375,
    "OIL_price": 69.31999969482422,
    "USD_CNY_exchange_rate": 7.176400184631348,
    "Commodity_Index_ETF": 22.450000762939453,
    "US_Dollar_Index": 99.9520034790039,
    "ETH_price": 3673.8359375,
    "GOLD_spot_price": 3348.39990234375,
    "LEAN_HOGS_future": 106.9749984741211,
    "COPPER_future": 4.428500175476074,
    "High_Yield_Bond_ETF": 80.37999725341797,
    "LIVE_CATTLE_future": 228.3000030517578,
    "GOLD_near_month_future": 3348.300048828125,
    "NATURAL_GAS_future": 3.0959999561309814,
    "PLATINUM_future": 1304.800048828125,
    "SILVER_future": 36.7599983215332,
    "Long_Term_Treasury_ETF": 86.91999816894531,
    "CORN_future": 414.5,
    "SOYBEANS_future": 990.75,
    "WHEAT_future": 525.0,
    "SP500_close": 6339.39013671875,
    "NASDAQ_close": 21122.44921875,
    "US_10Y_Treasury_Yield": 4.360000133514404,
    "VIX_close": 16.719999313354492,
    "GOLD_basis_spot_vs_near": 0.099853515625,
    "China_10Y_Treasury_Yield": 1.7044
  }
}