{
  "latest_date": "2025-10-03",
  "latest_values": {
    "Shanghai_Composite_Index": 3882.777099609375,
    "CSI_300_Index": 4640.68994140625,
    "Shenzhen_Component_Index": 13526.509765625,
    "ALUMINUM_future": 2626.0,
    "BTC_price": 120050.46875,
    "OIL_price": 61.060001373291016,
    "USD_CNY_exchange_rate": 7.11899995803833,
    "Commodity_Index_ETF": 22.34000015258789,
    "US_Dollar_Index": 97.87000274658203,
    "ETH_price": 4482.66650390625,
    "GOLD_spot_price": 3882.10009765625,
    "LEAN_HOGS_future": 88.57499694824219,
    "COPPER_future": 4.9730000495910645,
    "High_Yield_Bond_ETF": 80.93000030517578,
    "LIVE_CATTLE_future": 233.5,
    "GOLD_near_month_future": 3882.0,
    "NATURAL_GAS_future": 3.421999931335449,
    "PLATINUM_future": 1595.0999755859375,
    "SILVER_future": 47.16999816894531,
    "Long_Term_Treasury_ETF": 89.55000305175781,
    "CORN_future": 422.25,
    "SOYBEANS_future": 1023.25,
    "WHEAT_future": 513.75,
    "SP500_close": 6715.35009765625,
    "NASDAQ_close": 22844.05078125,
    "US_10Y_Treasury_Yield": 4.0879998207092285,
    "VIX_close": 16.6299991607666,
    "GOLD_basis_spot_vs_near": 0.10009765625,
    "China_10Y_Treasury_Yield": 1.8605
  }
}