{
  "latest_date": "2025-08-06",
  "latest_values": {
    "Shanghai_Composite_Index": 3633.994873046875,
    "CSI_300_Index": 4113.4853515625,
    "Shenzhen_Component_Index": 11177.7822265625,
    "ALUMINUM_future": 2540.0,
    "BTC_price": 115142.5625,
    "OIL_price": 65.19999694824219,
    "USD_CNY_exchange_rate": 7.177999973297119,
    "Commodity_Index_ETF": 21.923200607299805,
    "US_Dollar_Index": 98.37999725341797,
    "ETH_price": 3645.308837890625,
    "GOLD_spot_price": 3435.10009765625,
    "LEAN_HOGS_future": 91.5999984741211,
    "COPPER_future": 4.41349983215332,
    "High_Yield_Bond_ETF": 80.19499969482422,
    "LIVE_CATTLE_future": 229.0749969482422,
    "GOLD_near_month_future": 3435.10009765625,
    "NATURAL_GAS_future": 3.0429999828338623,
    "PLATINUM_future": 1339.5,
    "SILVER_future": 37.880001068115234,
    "Long_Term_Treasury_ETF": 87.58999633789062,
    "CORN_future": 398.0,
    "SOYBEANS_future": 982.5,
    "WHEAT_future": 528.5,
    "SP500_close": 6340.75,
    "NASDAQ_close": 21111.94921875,
    "US_10Y_Treasury_Yield": 4.234000205993652,
    "VIX_close": 16.969999313354492,
    "GOLD_basis_spot_vs_near": 0.0,
    "China_10Y_Treasury_Yield": 1.6999
  }
}