{
  "latest_date": "2025-07-28",
  "latest_values": {
    "Shanghai_Composite_Index": 3593.655029296875,
    "CSI_300_Index": 4127.16015625,
    "Shenzhen_Component_Index": 11168.1396484375,
    "ALUMINUM_future": 2595.25,
    "BTC_price": 118907.9765625,
    "OIL_price": 65.73999786376953,
    "USD_CNY_exchange_rate": 7.153500080108643,
    "Commodity_Index_ETF": 22.170000076293945,
    "US_Dollar_Index": 98.16500091552734,
    "ETH_price": 3895.167236328125,
    "GOLD_spot_price": 3337.0,
    "LEAN_HOGS_future": 108.57499694824219,
    "COPPER_future": 5.7804999351501465,
    "High_Yield_Bond_ETF": 80.48999786376953,
    "LIVE_CATTLE_future": 226.5500030517578,
    "GOLD_near_month_future": 3394.699951171875,
    "NATURAL_GAS_future": 3.061000108718872,
    "PLATINUM_future": 1443.9000244140625,
    "SILVER_future": 38.310001373291016,
    "Long_Term_Treasury_ETF": 86.43000030517578,
    "CORN_future": 415.25,
    "SOYBEANS_future": 1014.5,
    "WHEAT_future": 534.0,
    "SP500_close": 6388.64013671875,
    "NASDAQ_close": 21108.3203125,
    "US_10Y_Treasury_Yield": 4.386000156402588,
    "VIX_close": 15.180000305175781,
    "GOLD_basis_spot_vs_near": -57.699951171875,
    "China_10Y_Treasury_Yield": 1.7324
  }
}