{
  "latest_date": "2025-07-29",
  "latest_values": {
    "Shanghai_Composite_Index": 3609.711181640625,
    "CSI_300_Index": 4152.02490234375,
    "Shenzhen_Component_Index": 11217.580078125,
    "ALUMINUM_future": 2606.25,
    "BTC_price": 117666.84375,
    "OIL_price": 67.47000122070312,
    "USD_CNY_exchange_rate": 7.153500080108643,
    "Commodity_Index_ETF": 22.442800521850586,
    "US_Dollar_Index": 99.08200073242188,
    "ETH_price": 3766.870361328125,
    "GOLD_spot_price": 3325.699951171875,
    "LEAN_HOGS_future": 107.875,
    "COPPER_future": 5.619999885559082,
    "High_Yield_Bond_ETF": 80.4800033569336,
    "LIVE_CATTLE_future": 227.8249969482422,
    "GOLD_near_month_future": 3382.60009765625,
    "NATURAL_GAS_future": 3.0910000801086426,
    "PLATINUM_future": 1419.0999755859375,
    "SILVER_future": 38.29999923706055,
    "Long_Term_Treasury_ETF": 86.93499755859375,
    "CORN_future": 410.5,
    "SOYBEANS_future": 1009.5,
    "WHEAT_future": 532.25,
    "SP500_close": 6384.10986328125,
    "NASDAQ_close": 21162.498046875,
    "US_10Y_Treasury_Yield": 4.359999656677246,
    "VIX_close": 14.9399995803833,
    "GOLD_basis_spot_vs_near": -56.900146484375,
    "China_10Y_Treasury_Yield": 1.7466
  }
}