{
  "latest_date": "2025-09-04",
  "latest_values": {
    "Shanghai_Composite_Index": 3765.8759765625,
    "CSI_300_Index": 4365.20849609375,
    "Shenzhen_Component_Index": 12118.7021484375,
    "ALUMINUM_future": 2515.5,
    "BTC_price": 110434.6328125,
    "OIL_price": 63.29999923706055,
    "USD_CNY_exchange_rate": 7.14139986038208,
    "Commodity_Index_ETF": 22.209999084472656,
    "US_Dollar_Index": 98.27200317382812,
    "ETH_price": 4305.85107421875,
    "GOLD_spot_price": 3601.0,
    "LEAN_HOGS_future": 95.0999984741211,
    "COPPER_future": 4.564499855041504,
    "High_Yield_Bond_ETF": 80.83000183105469,
    "LIVE_CATTLE_future": 236.97500610351562,
    "GOLD_near_month_future": 3601.0,
    "NATURAL_GAS_future": 3.0789999961853027,
    "PLATINUM_future": 1379.9000244140625,
    "SILVER_future": 41.310001373291016,
    "Long_Term_Treasury_ETF": 87.2300033569336,
    "CORN_future": 420.75,
    "SOYBEANS_future": 1033.25,
    "WHEAT_future": 520.0,
    "SP500_close": 6502.080078125,
    "NASDAQ_close": 21707.693359375,
    "US_10Y_Treasury_Yield": 4.175999641418457,
    "VIX_close": 15.300000190734863,
    "GOLD_basis_spot_vs_near": 0.0,
    "China_10Y_Treasury_Yield": 1.806
  }
}