{
  "latest_date": "2025-10-01",
  "latest_values": {
    "Shanghai_Composite_Index": 3882.777099609375,
    "CSI_300_Index": 4640.68994140625,
    "Shenzhen_Component_Index": 13526.509765625,
    "ALUMINUM_future": 2594.0,
    "BTC_price": 114425.2265625,
    "OIL_price": 62.52000045776367,
    "USD_CNY_exchange_rate": 7.133800029754639,
    "Commodity_Index_ETF": 22.530000686645508,
    "US_Dollar_Index": 97.62300109863281,
    "ETH_price": 4138.6630859375,
    "GOLD_spot_price": 3887.5,
    "LEAN_HOGS_future": 99.69999694824219,
    "COPPER_future": 4.8470001220703125,
    "High_Yield_Bond_ETF": 81.19000244140625,
    "LIVE_CATTLE_future": 234.8000030517578,
    "GOLD_near_month_future": 3887.39990234375,
    "NATURAL_GAS_future": 3.367000102996826,
    "PLATINUM_future": 1596.9000244140625,
    "SILVER_future": 47.005001068115234,
    "Long_Term_Treasury_ETF": 89.37000274658203,
    "CORN_future": 413.0,
    "SOYBEANS_future": 994.25,
    "WHEAT_future": 505.75,
    "SP500_close": 6688.4599609375,
    "NASDAQ_close": 22660.009765625,
    "US_10Y_Treasury_Yield": 4.1479997634887695,
    "VIX_close": 16.280000686645508,
    "GOLD_basis_spot_vs_near": 0.10009765625,
    "China_10Y_Treasury_Yield": 1.8605
  }
}