{
  "latest_date": "2025-07-28",
  "latest_values": {
    "Shanghai_Composite_Index": 3593.655029296875,
    "CSI_300_Index": 4127.16015625,
    "Shenzhen_Component_Index": 11168.1396484375,
    "ALUMINUM_future": 2598.0,
    "BTC_price": 118816.6171875,
    "OIL_price": 66.22000122070312,
    "USD_CNY_exchange_rate": 7.153500080108643,
    "Commodity_Index_ETF": 22.170000076293945,
    "US_Dollar_Index": 98.23200225830078,
    "ETH_price": 3875.065185546875,
    "GOLD_spot_price": 3336.300048828125,
    "LEAN_HOGS_future": 108.57499694824219,
    "COPPER_future": 5.796000003814697,
    "High_Yield_Bond_ETF": 80.48999786376953,
    "LIVE_CATTLE_future": 226.5500030517578,
    "GOLD_near_month_future": 3393.39990234375,
    "NATURAL_GAS_future": 3.0799999237060547,
    "PLATINUM_future": 1458.199951171875,
    "SILVER_future": 38.290000915527344,
    "Long_Term_Treasury_ETF": 86.43000030517578,
    "CORN_future": 417.25,
    "SOYBEANS_future": 1014.75,
    "WHEAT_future": 534.5,
    "SP500_close": 6388.64013671875,
    "NASDAQ_close": 21108.3203125,
    "US_10Y_Treasury_Yield": 4.386000156402588,
    "VIX_close": 15.220000267028809,
    "GOLD_basis_spot_vs_near": -57.099853515625,
    "China_10Y_Treasury_Yield": 1.7146
  }
}