{
  "latest_date": "2025-07-02",
  "latest_values": {
    "Shanghai_Composite_Index": 3457.7470703125,
    "CSI_300_Index": 3942.760009765625,
    "Shenzhen_Component_Index": 10476.2900390625,
    "ALUMINUM_future": 2574.0,
    "BTC_price": 106351.7421875,
    "OIL_price": 65.5,
    "USD_CNY_exchange_rate": 7.163599967956543,
    "Commodity_Index_ETF": 21.93000030517578,
    "US_Dollar_Index": 96.70500183105469,
    "ETH_price": 2436.9716796875,
    "GOLD_spot_price": 3350.0,
    "LEAN_HOGS_future": 109.0250015258789,
    "COPPER_future": 5.117000102996826,
    "High_Yield_Bond_ETF": 80.16999816894531,
    "LIVE_CATTLE_future": 210.75,
    "GOLD_near_month_future": 3349.699951171875,
    "NATURAL_GAS_future": 3.430999994277954,
    "PLATINUM_future": 1371.300048828125,
    "SILVER_future": 36.314998626708984,
    "Long_Term_Treasury_ETF": 88.13999938964844,
    "CORN_future": 418.25,
    "SOYBEANS_future": 1026.0,
    "WHEAT_future": 547.5,
    "SP500_close": 6198.009765625,
    "NASDAQ_close": 20202.890625,
    "US_10Y_Treasury_Yield": 4.250999927520752,
    "VIX_close": 16.829999923706055,
    "GOLD_basis_spot_vs_near": 0.300048828125,
    "China_10Y_Treasury_Yield": 1.6433
  }
}