{
  "latest_date": "2025-06-28",
  "latest_values": {
    "Shanghai_Composite_Index": 3424.22705078125,
    "CSI_300_Index": 3921.760009765625,
    "Shenzhen_Component_Index": 10378.5498046875,
    "ALUMINUM_future": 2507.5,
    "BTC_price": 107337.8515625,
    "OIL_price": 65.5199966430664,
    "USD_CNY_exchange_rate": 7.171599864959717,
    "Commodity_Index_ETF": 21.799999237060547,
    "US_Dollar_Index": 97.4000015258789,
    "ETH_price": 2426.9560546875,
    "GOLD_spot_price": 3273.699951171875,
    "LEAN_HOGS_future": 113.25,
    "COPPER_future": 5.06850004196167,
    "High_Yield_Bond_ETF": 80.33999633789062,
    "LIVE_CATTLE_future": 224.75,
    "GOLD_near_month_future": 3287.60009765625,
    "NATURAL_GAS_future": 3.739000082015991,
    "PLATINUM_future": 1340.9000244140625,
    "SILVER_future": 36.0369987487793,
    "Long_Term_Treasury_ETF": 87.38999938964844,
    "CORN_future": 417.5,
    "SOYBEANS_future": 1027.75,
    "WHEAT_future": 524.75,
    "SP500_close": 6173.06982421875,
    "NASDAQ_close": 20273.4609375,
    "US_10Y_Treasury_Yield": 4.2829999923706055,
    "VIX_close": 16.31999969482422,
    "GOLD_basis_spot_vs_near": -13.900146484375,
    "China_10Y_Treasury_Yield": 1.6462
  }
}