{
  "latest_date": "2025-07-22",
  "latest_values": {
    "Shanghai_Composite_Index": 3559.791015625,
    "CSI_300_Index": 4085.610107421875,
    "Shenzhen_Component_Index": 11007.490234375,
    "ALUMINUM_future": 2634.75,
    "BTC_price": 117946.5234375,
    "OIL_price": 66.26000213623047,
    "USD_CNY_exchange_rate": 7.174300193786621,
    "Commodity_Index_ETF": 22.344999313354492,
    "US_Dollar_Index": 97.71399688720703,
    "ETH_price": 3650.571044921875,
    "GOLD_spot_price": 3427.699951171875,
    "LEAN_HOGS_future": 107.4749984741211,
    "COPPER_future": 5.665500164031982,
    "High_Yield_Bond_ETF": 80.39610290527344,
    "LIVE_CATTLE_future": 224.52499389648438,
    "GOLD_near_month_future": 3485.199951171875,
    "NATURAL_GAS_future": 3.236999988555908,
    "PLATINUM_future": 1479.699951171875,
    "SILVER_future": 39.209999084472656,
    "Long_Term_Treasury_ETF": 86.375,
    "CORN_future": 419.0,
    "SOYBEANS_future": 1022.75,
    "WHEAT_future": 551.5,
    "SP500_close": 6289.72021484375,
    "NASDAQ_close": 20824.2421875,
    "US_10Y_Treasury_Yield": 4.3580002784729,
    "VIX_close": 17.270000457763672,
    "GOLD_basis_spot_vs_near": -57.5,
    "China_10Y_Treasury_Yield": 1.6907
  }
}