{
  "latest_date": "2025-07-10",
  "latest_values": {
    "Shanghai_Composite_Index": 3493.050048828125,
    "CSI_300_Index": 3991.39990234375,
    "Shenzhen_Component_Index": 10581.7998046875,
    "ALUMINUM_future": 2550.25,
    "BTC_price": 110818.3203125,
    "OIL_price": 66.94000244140625,
    "USD_CNY_exchange_rate": 7.173799991607666,
    "Commodity_Index_ETF": 22.16010093688965,
    "US_Dollar_Index": 97.72699737548828,
    "ETH_price": 2779.78857421875,
    "GOLD_spot_price": 3325.699951171875,
    "LEAN_HOGS_future": 107.55000305175781,
    "COPPER_future": 5.591000080108643,
    "High_Yield_Bond_ETF": 80.13500213623047,
    "LIVE_CATTLE_future": 221.3000030517578,
    "GOLD_near_month_future": 3380.5,
    "NATURAL_GAS_future": 3.2899999618530273,
    "PLATINUM_future": 1421.5,
    "SILVER_future": 37.0099983215332,
    "Long_Term_Treasury_ETF": 86.66999816894531,
    "CORN_future": 416.5,
    "SOYBEANS_future": 1005.0,
    "WHEAT_future": 553.0,
    "SP500_close": 6254.2900390625,
    "NASDAQ_close": 20508.837890625,
    "US_10Y_Treasury_Yield": 4.359999656677246,
    "VIX_close": 15.970000267028809,
    "GOLD_basis_spot_vs_near": -54.800048828125,
    "China_10Y_Treasury_Yield": 1.6616
  }
}