{
  "latest_date": "2025-09-05",
  "latest_values": {
    "Shanghai_Composite_Index": 3765.8759765625,
    "CSI_300_Index": 4365.2099609375,
    "Shenzhen_Component_Index": 12118.7001953125,
    "ALUMINUM_future": 2517.75,
    "BTC_price": 111206.4609375,
    "OIL_price": 63.34000015258789,
    "USD_CNY_exchange_rate": 7.14139986038208,
    "Commodity_Index_ETF": 22.209999084472656,
    "US_Dollar_Index": 98.14600372314453,
    "ETH_price": 4310.626953125,
    "GOLD_spot_price": 3608.5,
    "LEAN_HOGS_future": 95.0999984741211,
    "COPPER_future": 4.590000152587891,
    "High_Yield_Bond_ETF": 80.83000183105469,
    "LIVE_CATTLE_future": 236.97500610351562,
    "GOLD_near_month_future": 3608.60009765625,
    "NATURAL_GAS_future": 3.0899999141693115,
    "PLATINUM_future": 1391.199951171875,
    "SILVER_future": 41.494998931884766,
    "Long_Term_Treasury_ETF": 87.2300033569336,
    "CORN_future": 419.5,
    "SOYBEANS_future": 1031.5,
    "WHEAT_future": 520.25,
    "SP500_close": 6502.080078125,
    "NASDAQ_close": 21707.689453125,
    "US_10Y_Treasury_Yield": 4.176000118255615,
    "VIX_close": 15.300000190734863,
    "GOLD_basis_spot_vs_near": -0.10009765625,
    "China_10Y_Treasury_Yield": 1.806
  }
}