{
  "latest_date": "2025-07-28",
  "latest_values": {
    "Shanghai_Composite_Index": 3597.93701171875,
    "CSI_300_Index": 4135.82421875,
    "Shenzhen_Component_Index": 11217.5810546875,
    "ALUMINUM_future": 2591.25,
    "BTC_price": 117984.78125,
    "OIL_price": 66.55999755859375,
    "USD_CNY_exchange_rate": 7.153500080108643,
    "Commodity_Index_ETF": 22.295000076293945,
    "US_Dollar_Index": 98.56600189208984,
    "ETH_price": 3807.339111328125,
    "GOLD_spot_price": 3311.300048828125,
    "LEAN_HOGS_future": 108.69999694824219,
    "COPPER_future": 5.610000133514404,
    "High_Yield_Bond_ETF": 80.51000213623047,
    "LIVE_CATTLE_future": 227.52499389648438,
    "GOLD_near_month_future": 3368.5,
    "NATURAL_GAS_future": 3.00600004196167,
    "PLATINUM_future": 1418.199951171875,
    "SILVER_future": 38.28499984741211,
    "Long_Term_Treasury_ETF": 85.96299743652344,
    "CORN_future": 414.5,
    "SOYBEANS_future": 1012.75,
    "WHEAT_future": 538.5,
    "SP500_close": 6390.0498046875,
    "NASDAQ_close": 21159.537109375,
    "US_10Y_Treasury_Yield": 4.4079999923706055,
    "VIX_close": 15.25,
    "GOLD_basis_spot_vs_near": -57.199951171875,
    "China_10Y_Treasury_Yield": 1.7146
  }
}