{
  "latest_date": "2025-07-14",
  "latest_values": {
    "Shanghai_Composite_Index": 3510.177001953125,
    "CSI_300_Index": 4014.81005859375,
    "Shenzhen_Component_Index": 10696.099609375,
    "ALUMINUM_future": 2491.5,
    "BTC_price": 121853.9375,
    "USD_CNY_exchange_rate": 7.174799919128418,
    "Commodity_Index_ETF": 22.459999084472656,
    "US_Dollar_Index": 97.91999816894531,
    "ETH_price": 3064.49169921875,
    "GOLD_spot_price": 3364.0,
    "LEAN_HOGS_future": 104.19999694824219,
    "COPPER_future": 5.48799991607666,
    "High_Yield_Bond_ETF": 80.05999755859375,
    "LIVE_CATTLE_future": 221.1750030517578,
    "GOLD_near_month_future": 3420.39990234375,
    "NATURAL_GAS_future": 3.4800000190734863,
    "PLATINUM_future": 1424.4000244140625,
    "SILVER_future": 39.11000061035156,
    "Long_Term_Treasury_ETF": 85.7499008178711,
    "CORN_future": 416.0,
    "SOYBEANS_future": 1007.75,
    "WHEAT_future": 543.0,
    "SP500_close": 6251.0498046875,
    "NASDAQ_close": 20562.625,
    "US_10Y_Treasury_Yield": 4.4070000648498535,
    "VIX_close": 17.1299991607666,
    "GOLD_basis_spot_vs_near": -56.39990234375,
    "China_10Y_Treasury_Yield": 1.6726
  }
}