{
  "latest_date": "2025-08-26",
  "latest_values": {
    "Shanghai_Composite_Index": 3883.56201171875,
    "CSI_300_Index": 4469.22021484375,
    "Shenzhen_Component_Index": 12441.0703125,
    "ALUMINUM_future": 2544.75,
    "BTC_price": 110167.8359375,
    "OIL_price": 64.02999877929688,
    "USD_CNY_exchange_rate": 7.167500019073486,
    "Commodity_Index_ETF": 22.190000534057617,
    "US_Dollar_Index": 98.43199920654297,
    "ETH_price": 4425.326171875,
    "GOLD_spot_price": 3424.0,
    "LEAN_HOGS_future": 91.42500305175781,
    "COPPER_future": 4.442500114440918,
    "High_Yield_Bond_ETF": 80.69000244140625,
    "LIVE_CATTLE_future": 236.97500610351562,
    "GOLD_near_month_future": 3424.0,
    "NATURAL_GAS_future": 2.6730000972747803,
    "PLATINUM_future": 1335.300048828125,
    "SILVER_future": 38.67499923706055,
    "Long_Term_Treasury_ETF": 86.80000305175781,
    "CORN_future": 413.75,
    "SOYBEANS_future": 1052.25,
    "WHEAT_future": 529.5,
    "SP500_close": 6439.31982421875,
    "NASDAQ_close": 21449.2890625,
    "US_10Y_Treasury_Yield": 4.275000095367432,
    "VIX_close": 15.510000228881836,
    "GOLD_basis_spot_vs_near": 0.0,
    "China_10Y_Treasury_Yield": 1.7643
  }
}