{
  "latest_date": "2025-09-08",
  "latest_values": {
    "Shanghai_Composite_Index": 3812.513916015625,
    "CSI_300_Index": 4460.330078125,
    "Shenzhen_Component_Index": 12590.5595703125,
    "ALUMINUM_future": 2495.25,
    "BTC_price": 111927.7421875,
    "OIL_price": 63.09000015258789,
    "USD_CNY_exchange_rate": 7.14139986038208,
    "Commodity_Index_ETF": 22.030000686645508,
    "US_Dollar_Index": 97.67900085449219,
    "ETH_price": 4320.89306640625,
    "GOLD_spot_price": 3656.39990234375,
    "LEAN_HOGS_future": 96.125,
    "COPPER_future": 4.4720001220703125,
    "High_Yield_Bond_ETF": 80.87000274658203,
    "LIVE_CATTLE_future": 235.97500610351562,
    "GOLD_near_month_future": 3656.5,
    "NATURAL_GAS_future": 3.132999897003174,
    "PLATINUM_future": 1408.699951171875,
    "SILVER_future": 41.79999923706055,
    "Long_Term_Treasury_ETF": 88.55999755859375,
    "CORN_future": 416.75,
    "SOYBEANS_future": 1029.0,
    "WHEAT_future": 520.0,
    "SP500_close": 6481.5,
    "NASDAQ_close": 21700.390625,
    "US_10Y_Treasury_Yield": 4.085999965667725,
    "VIX_close": 15.460000038146973,
    "GOLD_basis_spot_vs_near": -0.10009765625,
    "China_10Y_Treasury_Yield": 1.8514
  }
}