{
  "latest_date": "2025-08-08",
  "latest_values": {
    "Shanghai_Composite_Index": 3635.128173828125,
    "CSI_300_Index": 4104.966796875,
    "Shenzhen_Component_Index": 11128.6728515625,
    "ALUMINUM_future": 2590.5,
    "BTC_price": 116344.1875,
    "OIL_price": 64.16999816894531,
    "USD_CNY_exchange_rate": 7.1834001541137695,
    "Commodity_Index_ETF": 21.899999618530273,
    "US_Dollar_Index": 98.1969985961914,
    "ETH_price": 3981.489990234375,
    "GOLD_spot_price": 3489.699951171875,
    "LEAN_HOGS_future": 91.0,
    "COPPER_future": 4.4679999351501465,
    "High_Yield_Bond_ETF": 80.19499969482422,
    "LIVE_CATTLE_future": 227.22500610351562,
    "GOLD_near_month_future": 3489.60009765625,
    "NATURAL_GAS_future": 3.000999927520752,
    "PLATINUM_future": 1339.5999755859375,
    "SILVER_future": 38.525001525878906,
    "Long_Term_Treasury_ETF": 87.20500183105469,
    "CORN_future": 407.0,
    "SOYBEANS_future": 990.0,
    "WHEAT_future": 537.0,
    "SP500_close": 6383.330078125,
    "NASDAQ_close": 21413.62109375,
    "US_10Y_Treasury_Yield": 4.284999847412109,
    "VIX_close": 15.739999771118164,
    "GOLD_basis_spot_vs_near": 0.099853515625,
    "China_10Y_Treasury_Yield": 1.6891
  }
}