{
  "latest_date": "2025-08-22",
  "latest_values": {
    "Shanghai_Composite_Index": 3771.098876953125,
    "CSI_300_Index": 4288.07080078125,
    "Shenzhen_Component_Index": 11919.7626953125,
    "ALUMINUM_future": 2504.75,
    "BTC_price": 112622.0234375,
    "OIL_price": 63.52000045776367,
    "USD_CNY_exchange_rate": 7.179599761962891,
    "Commodity_Index_ETF": 21.989999771118164,
    "US_Dollar_Index": 98.61100006103516,
    "ETH_price": 4238.130859375,
    "GOLD_spot_price": 3382.199951171875,
    "LEAN_HOGS_future": 89.9000015258789,
    "COPPER_future": 4.453499794006348,
    "High_Yield_Bond_ETF": 80.19999694824219,
    "LIVE_CATTLE_future": 234.77499389648438,
    "GOLD_near_month_future": 3382.0,
    "NATURAL_GAS_future": 2.799999952316284,
    "PLATINUM_future": 1354.300048828125,
    "SILVER_future": 38.060001373291016,
    "Long_Term_Treasury_ETF": 86.41000366210938,
    "CORN_future": 413.0,
    "SOYBEANS_future": 1054.25,
    "WHEAT_future": 531.0,
    "SP500_close": 6370.169921875,
    "NASDAQ_close": 21100.3125,
    "US_10Y_Treasury_Yield": 4.329999923706055,
    "VIX_close": 16.600000381469727,
    "GOLD_basis_spot_vs_near": 0.199951171875,
    "China_10Y_Treasury_Yield": 1.7667
  }
}