{
  "latest_date": "2025-07-21",
  "latest_values": {
    "Shanghai_Composite_Index": 3534.48291015625,
    "CSI_300_Index": 4058.550048828125,
    "Shenzhen_Component_Index": 10913.83984375,
    "ALUMINUM_future": 2561.5,
    "BTC_price": 118768.9453125,
    "OIL_price": 66.81999969482422,
    "USD_CNY_exchange_rate": 7.183199882507324,
    "Commodity_Index_ETF": 22.440000534057617,
    "US_Dollar_Index": 98.07599639892578,
    "ETH_price": 3824.4794921875,
    "GOLD_spot_price": 3400.199951171875,
    "LEAN_HOGS_future": 106.0,
    "COPPER_future": 5.599999904632568,
    "High_Yield_Bond_ETF": 80.43000030517578,
    "LIVE_CATTLE_future": 223.25,
    "GOLD_near_month_future": 3456.699951171875,
    "NATURAL_GAS_future": 3.3559999465942383,
    "PLATINUM_future": 1502.199951171875,
    "SILVER_future": 39.20000076293945,
    "Long_Term_Treasury_ETF": 86.38500213623047,
    "CORN_future": 421.25,
    "SOYBEANS_future": 1024.0,
    "WHEAT_future": 545.25,
    "SP500_close": 6329.2099609375,
    "NASDAQ_close": 21049.08984375,
    "US_10Y_Treasury_Yield": 4.366000175476074,
    "VIX_close": 16.700000762939453,
    "GOLD_basis_spot_vs_near": -56.5,
    "China_10Y_Treasury_Yield": 1.6774
  }
}