{
  "latest_date": "2025-08-08",
  "latest_values": {
    "Shanghai_Composite_Index": 3639.6669921875,
    "CSI_300_Index": 4114.669921875,
    "Shenzhen_Component_Index": 11157.9404296875,
    "ALUMINUM_future": 2546.5,
    "BTC_price": 116644.609375,
    "OIL_price": 63.290000915527344,
    "USD_CNY_exchange_rate": 7.182799816131592,
    "Commodity_Index_ETF": 21.84000015258789,
    "US_Dollar_Index": 98.16600036621094,
    "ETH_price": 3905.26318359375,
    "GOLD_spot_price": 3502.199951171875,
    "LEAN_HOGS_future": 90.9000015258789,
    "COPPER_future": 4.427499771118164,
    "High_Yield_Bond_ETF": 80.20999908447266,
    "LIVE_CATTLE_future": 232.5749969482422,
    "GOLD_near_month_future": 3502.10009765625,
    "NATURAL_GAS_future": 3.072000026702881,
    "PLATINUM_future": 1361.300048828125,
    "SILVER_future": 38.619998931884766,
    "Long_Term_Treasury_ETF": 87.66999816894531,
    "CORN_future": 407.5,
    "SOYBEANS_future": 995.5,
    "WHEAT_future": 539.75,
    "SP500_close": 6340.0,
    "NASDAQ_close": 21242.69921875,
    "US_10Y_Treasury_Yield": 4.24399995803833,
    "VIX_close": 16.56999969482422,
    "GOLD_basis_spot_vs_near": 0.099853515625,
    "China_10Y_Treasury_Yield": 1.6894
  }
}