{
  "latest_date": "2025-07-16",
  "latest_values": {
    "Shanghai_Composite_Index": 3503.77685546875,
    "CSI_300_Index": 4007.201904296875,
    "Shenzhen_Component_Index": 10720.806640625,
    "ALUMINUM_future": 2475.25,
    "BTC_price": 119266.671875,
    "OIL_price": 66.3499984741211,
    "USD_CNY_exchange_rate": 7.166999816894531,
    "Commodity_Index_ETF": 22.30500030517578,
    "US_Dollar_Index": 98.32599639892578,
    "ETH_price": 3292.6826171875,
    "GOLD_spot_price": 3355.300048828125,
    "LEAN_HOGS_future": 104.42500305175781,
    "COPPER_future": 5.526000022888184,
    "High_Yield_Bond_ETF": 79.96499633789062,
    "LIVE_CATTLE_future": 223.4499969482422,
    "GOLD_near_month_future": 3411.60009765625,
    "NATURAL_GAS_future": 3.5390000343322754,
    "PLATINUM_future": 1433.199951171875,
    "SILVER_future": 38.04499816894531,
    "Long_Term_Treasury_ETF": 84.72000122070312,
    "CORN_future": 423.5,
    "SOYBEANS_future": 1017.25,
    "WHEAT_future": 540.5,
    "SP500_close": 6254.14990234375,
    "NASDAQ_close": 20703.146484375,
    "US_10Y_Treasury_Yield": 4.479000091552734,
    "VIX_close": 17.690000534057617,
    "GOLD_basis_spot_vs_near": -56.300048828125,
    "China_10Y_Treasury_Yield": 1.6617
  }
}