{
  "latest_date": "2025-08-20",
  "latest_values": {
    "Shanghai_Composite_Index": 3727.2880859375,
    "CSI_300_Index": 4223.3701171875,
    "Shenzhen_Component_Index": 11821.6298828125,
    "ALUMINUM_future": 2472.5,
    "BTC_price": 113841.28125,
    "OIL_price": 62.5,
    "USD_CNY_exchange_rate": 7.184599876403809,
    "Commodity_Index_ETF": 21.6200008392334,
    "US_Dollar_Index": 98.26000213623047,
    "ETH_price": 4228.22998046875,
    "GOLD_spot_price": 3369.39990234375,
    "LEAN_HOGS_future": 90.0999984741211,
    "COPPER_future": 4.421500205993652,
    "High_Yield_Bond_ETF": 80.37999725341797,
    "LIVE_CATTLE_future": 231.3000030517578,
    "GOLD_near_month_future": 3369.300048828125,
    "NATURAL_GAS_future": 2.73799991607666,
    "PLATINUM_future": 1322.5999755859375,
    "SILVER_future": 37.060001373291016,
    "Long_Term_Treasury_ETF": 86.6500015258789,
    "CORN_future": 401.75,
    "SOYBEANS_future": 1033.5,
    "WHEAT_future": 521.75,
    "SP500_close": 6411.3701171875,
    "NASDAQ_close": 21314.94921875,
    "US_10Y_Treasury_Yield": 4.302000045776367,
    "VIX_close": 15.850000381469727,
    "GOLD_basis_spot_vs_near": 0.099853515625,
    "China_10Y_Treasury_Yield": 1.782
  }
}