{
  "latest_date": "2025-08-18",
  "latest_values": {
    "Shanghai_Composite_Index": 3728.02734375,
    "CSI_300_Index": 4239.41259765625,
    "Shenzhen_Component_Index": 11835.572265625,
    "ALUMINUM_future": 2505.75,
    "BTC_price": 116512.9296875,
    "OIL_price": 63.36000061035156,
    "USD_CNY_exchange_rate": 7.181700229644775,
    "Commodity_Index_ETF": 21.790000915527344,
    "US_Dollar_Index": 98.13400268554688,
    "ETH_price": 4346.1103515625,
    "GOLD_spot_price": 3378.800048828125,
    "LEAN_HOGS_future": 90.30000305175781,
    "COPPER_future": 4.476500034332275,
    "High_Yield_Bond_ETF": 80.4000015258789,
    "LIVE_CATTLE_future": 230.97500610351562,
    "GOLD_near_month_future": 3378.800048828125,
    "NATURAL_GAS_future": 2.8989999294281006,
    "PLATINUM_future": 1338.699951171875,
    "SILVER_future": 38.11000061035156,
    "Long_Term_Treasury_ETF": 86.1500015258789,
    "CORN_future": 406.5,
    "SOYBEANS_future": 1040.5,
    "WHEAT_future": 524.5,
    "SP500_close": 6449.14990234375,
    "NASDAQ_close": 21629.7734375,
    "US_10Y_Treasury_Yield": 4.341000080108643,
    "VIX_close": 14.989999771118164,
    "GOLD_basis_spot_vs_near": 0.0,
    "China_10Y_Treasury_Yield": 1.7872
  }
}