{
  "latest_date": "2025-08-19",
  "latest_values": {
    "Shanghai_Composite_Index": 3728.02734375,
    "CSI_300_Index": 4239.41259765625,
    "Shenzhen_Component_Index": 11835.572265625,
    "ALUMINUM_future": 2502.25,
    "BTC_price": 116294.2734375,
    "OIL_price": 63.33000183105469,
    "USD_CNY_exchange_rate": 7.181700229644775,
    "Commodity_Index_ETF": 21.790000915527344,
    "US_Dollar_Index": 98.14399719238281,
    "ETH_price": 4321.74462890625,
    "GOLD_spot_price": 3373.800048828125,
    "LEAN_HOGS_future": 90.30000305175781,
    "COPPER_future": 4.4730000495910645,
    "High_Yield_Bond_ETF": 80.4000015258789,
    "LIVE_CATTLE_future": 230.97500610351562,
    "GOLD_near_month_future": 3373.89990234375,
    "NATURAL_GAS_future": 2.9000000953674316,
    "PLATINUM_future": 1336.199951171875,
    "SILVER_future": 38.04999923706055,
    "Long_Term_Treasury_ETF": 86.1500015258789,
    "CORN_future": 405.5,
    "SOYBEANS_future": 1044.25,
    "WHEAT_future": 523.5,
    "SP500_close": 6449.14990234375,
    "NASDAQ_close": 21629.7734375,
    "US_10Y_Treasury_Yield": 4.341000080108643,
    "VIX_close": 14.989999771118164,
    "GOLD_basis_spot_vs_near": -0.099853515625,
    "China_10Y_Treasury_Yield": 1.7872
  }
}