{
  "latest_date": "2025-09-03",
  "latest_values": {
    "Shanghai_Composite_Index": 3813.556640625,
    "CSI_300_Index": 4459.82958984375,
    "Shenzhen_Component_Index": 12471.9951171875,
    "ALUMINUM_future": 2528.5,
    "BTC_price": 111955.9375,
    "OIL_price": 63.849998474121094,
    "USD_CNY_exchange_rate": 7.13040018081665,
    "Commodity_Index_ETF": 22.354999542236328,
    "US_Dollar_Index": 98.13099670410156,
    "ETH_price": 4468.78173828125,
    "GOLD_spot_price": 3630.800048828125,
    "LEAN_HOGS_future": 93.82499694824219,
    "COPPER_future": 4.618000030517578,
    "High_Yield_Bond_ETF": 80.55000305175781,
    "LIVE_CATTLE_future": 238.1999969482422,
    "GOLD_near_month_future": 3630.60009765625,
    "NATURAL_GAS_future": 3.062999963760376,
    "PLATINUM_future": 1448.300048828125,
    "SILVER_future": 41.8849983215332,
    "Long_Term_Treasury_ETF": 86.63279724121094,
    "CORN_future": 418.25,
    "SOYBEANS_future": 1031.75,
    "WHEAT_future": 522.25,
    "SP500_close": 6422.2998046875,
    "NASDAQ_close": 21410.697265625,
    "US_10Y_Treasury_Yield": 4.206999778747559,
    "VIX_close": 16.989999771118164,
    "GOLD_basis_spot_vs_near": 0.199951171875,
    "China_10Y_Treasury_Yield": 1.7984
  }
}