{
  "latest_date": "2025-09-17",
  "latest_values": {
    "Shanghai_Composite_Index": 3861.864990234375,
    "CSI_300_Index": 4523.33984375,
    "Shenzhen_Component_Index": 13063.9697265625,
    "ALUMINUM_future": 2614.75,
    "BTC_price": 115889.4140625,
    "OIL_price": 64.4800033569336,
    "USD_CNY_exchange_rate": 7.118500232696533,
    "Commodity_Index_ETF": 22.729999542236328,
    "US_Dollar_Index": 96.71399688720703,
    "ETH_price": 4492.45068359375,
    "GOLD_spot_price": 3718.60009765625,
    "LEAN_HOGS_future": 97.3499984741211,
    "COPPER_future": 4.635499954223633,
    "High_Yield_Bond_ETF": 81.14990234375,
    "LIVE_CATTLE_future": 230.77499389648438,
    "GOLD_near_month_future": 3718.800048828125,
    "NATURAL_GAS_future": 3.1540000438690186,
    "PLATINUM_future": 1377.800048828125,
    "SILVER_future": 42.3849983215332,
    "Long_Term_Treasury_ETF": 90.625,
    "CORN_future": 431.0,
    "SOYBEANS_future": 1051.25,
    "WHEAT_future": 533.5,
    "SP500_close": 6600.06005859375,
    "NASDAQ_close": 22242.267578125,
    "US_10Y_Treasury_Yield": 4.026000022888184,
    "VIX_close": 16.360000610351562,
    "GOLD_basis_spot_vs_near": -0.199951171875,
    "China_10Y_Treasury_Yield": 1.8349
  }
}