{
  "latest_date": "2025-08-07",
  "latest_values": {
    "Shanghai_Composite_Index": 3633.9951171875,
    "CSI_300_Index": 4113.47998046875,
    "Shenzhen_Component_Index": 11177.7802734375,
    "ALUMINUM_future": 2542.25,
    "BTC_price": 115029.84375,
    "OIL_price": 64.80999755859375,
    "USD_CNY_exchange_rate": 7.1834001541137695,
    "Commodity_Index_ETF": 21.770000457763672,
    "US_Dollar_Index": 97.9739990234375,
    "ETH_price": 3717.814453125,
    "GOLD_spot_price": 3468.10009765625,
    "LEAN_HOGS_future": 91.92500305175781,
    "COPPER_future": 4.430500030517578,
    "High_Yield_Bond_ETF": 80.29000091552734,
    "LIVE_CATTLE_future": 229.4499969482422,
    "GOLD_near_month_future": 3468.199951171875,
    "NATURAL_GAS_future": 3.0820000171661377,
    "PLATINUM_future": 1362.5999755859375,
    "SILVER_future": 38.435001373291016,
    "Long_Term_Treasury_ETF": 87.81999969482422,
    "CORN_future": 403.5,
    "SOYBEANS_future": 984.5,
    "WHEAT_future": 531.75,
    "SP500_close": 6345.06005859375,
    "NASDAQ_close": 21169.419921875,
    "US_10Y_Treasury_Yield": 4.21999979019165,
    "VIX_close": 16.389999389648438,
    "GOLD_basis_spot_vs_near": -0.099853515625,
    "China_10Y_Treasury_Yield": 1.6999
  }
}