{
  "latest_date": "2025-08-26",
  "latest_values": {
    "Shanghai_Composite_Index": 3883.561767578125,
    "CSI_300_Index": 4469.2216796875,
    "Shenzhen_Component_Index": 12441.0673828125,
    "ALUMINUM_future": 2505.25,
    "BTC_price": 109646.0859375,
    "OIL_price": 64.6500015258789,
    "USD_CNY_exchange_rate": 7.167500019073486,
    "Commodity_Index_ETF": 22.190000534057617,
    "US_Dollar_Index": 98.35900115966797,
    "ETH_price": 4353.34326171875,
    "GOLD_spot_price": 3402.0,
    "LEAN_HOGS_future": 91.42500305175781,
    "COPPER_future": 4.468999862670898,
    "High_Yield_Bond_ETF": 80.69000244140625,
    "LIVE_CATTLE_future": 236.97500610351562,
    "GOLD_near_month_future": 3402.10009765625,
    "NATURAL_GAS_future": 2.697999954223633,
    "PLATINUM_future": 1340.699951171875,
    "SILVER_future": 38.39500045776367,
    "Long_Term_Treasury_ETF": 86.80000305175781,
    "CORN_future": 411.5,
    "SOYBEANS_future": 1045.5,
    "WHEAT_future": 528.5,
    "SP500_close": 6439.31982421875,
    "NASDAQ_close": 21449.291015625,
    "US_10Y_Treasury_Yield": 4.275000095367432,
    "VIX_close": 14.789999961853027,
    "GOLD_basis_spot_vs_near": -0.10009765625,
    "China_10Y_Treasury_Yield": 1.7643
  }
}