{
  "latest_date": "2025-07-03",
  "latest_values": {
    "Shanghai_Composite_Index": 3461.150634765625,
    "CSI_300_Index": 3968.067626953125,
    "Shenzhen_Component_Index": 10412.6298828125,
    "ALUMINUM_future": 2580.0,
    "BTC_price": 109237.640625,
    "OIL_price": 66.94999694824219,
    "USD_CNY_exchange_rate": 7.1645002365112305,
    "Commodity_Index_ETF": 22.274999618530273,
    "US_Dollar_Index": 97.11199951171875,
    "ETH_price": 2572.62255859375,
    "GOLD_spot_price": 3338.300048828125,
    "LEAN_HOGS_future": 107.3499984741211,
    "COPPER_future": 5.145500183105469,
    "High_Yield_Bond_ETF": 80.36499786376953,
    "LIVE_CATTLE_future": 214.10000610351562,
    "GOLD_near_month_future": 3338.300048828125,
    "NATURAL_GAS_future": 3.430999994277954,
    "PLATINUM_future": 1383.5,
    "SILVER_future": 37.04499816894531,
    "Long_Term_Treasury_ETF": 87.02069854736328,
    "CORN_future": 437.25,
    "SOYBEANS_future": 1054.25,
    "WHEAT_future": 561.5,
    "SP500_close": 6281.759765625,
    "NASDAQ_close": 20613.318359375,
    "US_10Y_Treasury_Yield": 4.331999778747559,
    "VIX_close": 16.3700008392334,
    "GOLD_basis_spot_vs_near": 0.0,
    "China_10Y_Treasury_Yield": 1.6407
  }
}