{
  "latest_date": "2025-07-03",
  "latest_values": {
    "Shanghai_Composite_Index": 3461.150634765625,
    "CSI_300_Index": 3968.067626953125,
    "Shenzhen_Component_Index": 10412.6298828125,
    "ALUMINUM_future": 2591.75,
    "BTC_price": 109551.25,
    "OIL_price": 66.91999816894531,
    "USD_CNY_exchange_rate": 7.1645002365112305,
    "Commodity_Index_ETF": 22.270000457763672,
    "US_Dollar_Index": 97.14299774169922,
    "ETH_price": 2588.317138671875,
    "GOLD_spot_price": 3334.199951171875,
    "LEAN_HOGS_future": 107.07499694824219,
    "COPPER_future": 5.1479997634887695,
    "High_Yield_Bond_ETF": 80.36000061035156,
    "LIVE_CATTLE_future": 213.60000610351562,
    "GOLD_near_month_future": 3391.0,
    "NATURAL_GAS_future": 3.4670000076293945,
    "PLATINUM_future": 1371.4000244140625,
    "SILVER_future": 36.88999938964844,
    "Long_Term_Treasury_ETF": 87.21649932861328,
    "CORN_future": 437.25,
    "SOYBEANS_future": 1057.25,
    "WHEAT_future": 562.25,
    "SP500_close": 6278.43994140625,
    "NASDAQ_close": 20590.546875,
    "US_10Y_Treasury_Yield": 4.334000110626221,
    "VIX_close": 16.440000534057617,
    "GOLD_basis_spot_vs_near": -56.800048828125,
    "China_10Y_Treasury_Yield": 1.6407
  }
}