{
  "latest_date": "2025-08-11",
  "latest_values": {
    "Shanghai_Composite_Index": 3647.546630859375,
    "CSI_300_Index": 4122.5107421875,
    "Shenzhen_Component_Index": 11128.669921875,
    "ALUMINUM_future": 2516.5,
    "BTC_price": 120193.0703125,
    "OIL_price": 63.810001373291016,
    "USD_CNY_exchange_rate": 7.181000232696533,
    "Commodity_Index_ETF": 21.799999237060547,
    "US_Dollar_Index": 98.64199829101562,
    "ETH_price": 4277.55908203125,
    "GOLD_spot_price": 3404.0,
    "LEAN_HOGS_future": 91.75,
    "COPPER_future": 4.461999893188477,
    "High_Yield_Bond_ETF": 80.23500061035156,
    "LIVE_CATTLE_future": 225.27499389648438,
    "GOLD_near_month_future": 3404.0,
    "NATURAL_GAS_future": 2.9579999446868896,
    "PLATINUM_future": 1337.4000244140625,
    "SILVER_future": 37.834999084472656,
    "Long_Term_Treasury_ETF": 87.48999786376953,
    "CORN_future": 408.5,
    "SOYBEANS_future": 1010.0,
    "WHEAT_future": 539.0,
    "SP500_close": 6385.81982421875,
    "NASDAQ_close": 21466.98828125,
    "US_10Y_Treasury_Yield": 4.269000053405762,
    "VIX_close": 15.859999656677246,
    "GOLD_basis_spot_vs_near": 0.0,
    "China_10Y_Treasury_Yield": 1.7203
  }
}