{
  "latest_date": "2025-08-25",
  "latest_values": {
    "Shanghai_Composite_Index": 3883.561767578125,
    "CSI_300_Index": 4469.2216796875,
    "Shenzhen_Component_Index": 12166.0595703125,
    "ALUMINUM_future": 2563.75,
    "BTC_price": 112154.8828125,
    "OIL_price": 64.94999694824219,
    "USD_CNY_exchange_rate": 7.179900169372559,
    "Commodity_Index_ETF": 22.239999771118164,
    "US_Dollar_Index": 98.12699890136719,
    "ETH_price": 4596.76318359375,
    "GOLD_spot_price": 3418.300048828125,
    "LEAN_HOGS_future": 91.32499694824219,
    "COPPER_future": 4.481500148773193,
    "High_Yield_Bond_ETF": 80.76499938964844,
    "LIVE_CATTLE_future": 236.39999389648438,
    "GOLD_near_month_future": 3418.10009765625,
    "NATURAL_GAS_future": 2.7039999961853027,
    "PLATINUM_future": 1334.5999755859375,
    "SILVER_future": 38.775001525878906,
    "Long_Term_Treasury_ETF": 86.79679870605469,
    "CORN_future": 413.25,
    "SOYBEANS_future": 1050.75,
    "WHEAT_future": 533.25,
    "SP500_close": 6464.7998046875,
    "NASDAQ_close": 21560.16796875,
    "US_10Y_Treasury_Yield": 4.289000034332275,
    "VIX_close": 14.34000015258789,
    "GOLD_basis_spot_vs_near": 0.199951171875,
    "China_10Y_Treasury_Yield": 1.7643
  }
}