{
  "latest_date": "2025-08-19",
  "latest_values": {
    "Shanghai_Composite_Index": 3728.027099609375,
    "CSI_300_Index": 4239.41015625,
    "Shenzhen_Component_Index": 11835.5703125,
    "ALUMINUM_future": 2483.5,
    "BTC_price": 115317.7578125,
    "OIL_price": 62.7400016784668,
    "USD_CNY_exchange_rate": 7.181700229644775,
    "Commodity_Index_ETF": 21.655000686645508,
    "US_Dollar_Index": 98.08599853515625,
    "ETH_price": 4303.18603515625,
    "GOLD_spot_price": 3379.60009765625,
    "LEAN_HOGS_future": 90.17500305175781,
    "COPPER_future": 4.44350004196167,
    "High_Yield_Bond_ETF": 80.45999908447266,
    "LIVE_CATTLE_future": 231.3249969482422,
    "GOLD_near_month_future": 3379.699951171875,
    "NATURAL_GAS_future": 2.756999969482422,
    "PLATINUM_future": 1347.4000244140625,
    "SILVER_future": 37.95500183105469,
    "Long_Term_Treasury_ETF": 86.625,
    "CORN_future": 404.25,
    "SOYBEANS_future": 1037.25,
    "WHEAT_future": 522.5,
    "SP500_close": 6455.18017578125,
    "NASDAQ_close": 21572.015625,
    "US_10Y_Treasury_Yield": 4.309999942779541,
    "VIX_close": 15.029999732971191,
    "GOLD_basis_spot_vs_near": -0.099853515625,
    "China_10Y_Treasury_Yield": 1.7725
  }
}