{
  "latest_date": "2025-09-08",
  "latest_values": {
    "Shanghai_Composite_Index": 3826.8408203125,
    "CSI_300_Index": 4467.5732421875,
    "Shenzhen_Component_Index": 12666.841796875,
    "ALUMINUM_future": 2553.5,
    "BTC_price": 112428.078125,
    "OIL_price": 62.36000061035156,
    "USD_CNY_exchange_rate": 7.14139986038208,
    "Commodity_Index_ETF": 22.155000686645508,
    "US_Dollar_Index": 97.48699951171875,
    "ETH_price": 4326.62744140625,
    "GOLD_spot_price": 3676.89990234375,
    "LEAN_HOGS_future": 95.25,
    "COPPER_future": 4.566999912261963,
    "High_Yield_Bond_ETF": 80.88999938964844,
    "LIVE_CATTLE_future": 235.75,
    "GOLD_near_month_future": 3677.10009765625,
    "NATURAL_GAS_future": 3.0950000286102295,
    "PLATINUM_future": 1390.9000244140625,
    "SILVER_future": 41.96500015258789,
    "Long_Term_Treasury_ETF": 89.68000030517578,
    "CORN_future": 421.5,
    "SOYBEANS_future": 1034.0,
    "WHEAT_future": 524.25,
    "SP500_close": 6491.43017578125,
    "NASDAQ_close": 21802.46875,
    "US_10Y_Treasury_Yield": 4.046000003814697,
    "VIX_close": 15.199999809265137,
    "GOLD_basis_spot_vs_near": -0.2001953125,
    "China_10Y_Treasury_Yield": 1.8514
  }
}