{
  "latest_date": "2025-10-01",
  "latest_values": {
    "Shanghai_Composite_Index": 3882.777099609375,
    "CSI_300_Index": 4640.68994140625,
    "Shenzhen_Component_Index": 13526.509765625,
    "ALUMINUM_future": 2641.5,
    "BTC_price": 117936.6875,
    "OIL_price": 61.720001220703125,
    "USD_CNY_exchange_rate": 7.133800029754639,
    "Commodity_Index_ETF": 22.489999771118164,
    "US_Dollar_Index": 97.7040023803711,
    "ETH_price": 4320.2958984375,
    "GOLD_spot_price": 3887.5,
    "LEAN_HOGS_future": 86.80000305175781,
    "COPPER_future": 4.895999908447266,
    "High_Yield_Bond_ETF": 80.95999908447266,
    "LIVE_CATTLE_future": 237.22500610351562,
    "GOLD_near_month_future": 3887.5,
    "NATURAL_GAS_future": 3.450000047683716,
    "PLATINUM_future": 1591.0999755859375,
    "SILVER_future": 47.38999938964844,
    "Long_Term_Treasury_ETF": 89.29000091552734,
    "CORN_future": 418.25,
    "SOYBEANS_future": 1015.0,
    "WHEAT_future": 510.0,
    "SP500_close": 6711.2001953125,
    "NASDAQ_close": 22755.15625,
    "US_10Y_Treasury_Yield": 4.105999946594238,
    "VIX_close": 16.290000915527344,
    "GOLD_basis_spot_vs_near": 0.0,
    "China_10Y_Treasury_Yield": 1.8605
  }
}