{
  "latest_date": "2025-09-25",
  "latest_values": {
    "Shanghai_Composite_Index": 3853.64208984375,
    "CSI_300_Index": 4566.06982421875,
    "Shenzhen_Component_Index": 13356.1396484375,
    "ALUMINUM_future": 2607.0,
    "BTC_price": 111716.25,
    "OIL_price": 64.22000122070312,
    "USD_CNY_exchange_rate": 7.111599922180176,
    "Commodity_Index_ETF": 22.604999542236328,
    "US_Dollar_Index": 98.30000305175781,
    "ETH_price": 4019.244140625,
    "GOLD_spot_price": 3759.199951171875,
    "LEAN_HOGS_future": 90.0,
    "COPPER_future": 4.756999969482422,
    "High_Yield_Bond_ETF": 80.98500061035156,
    "LIVE_CATTLE_future": 237.10000610351562,
    "GOLD_near_month_future": 3759.199951171875,
    "NATURAL_GAS_future": 3.2239999771118164,
    "PLATINUM_future": 1501.199951171875,
    "SILVER_future": 44.595001220703125,
    "Long_Term_Treasury_ETF": 88.69770050048828,
    "CORN_future": 426.25,
    "SOYBEANS_future": 1013.0,
    "WHEAT_future": 524.5,
    "SP500_close": 6614.22021484375,
    "NASDAQ_close": 22388.126953125,
    "US_10Y_Treasury_Yield": 4.183000087738037,
    "VIX_close": 17.020000457763672,
    "GOLD_basis_spot_vs_near": 0.0,
    "China_10Y_Treasury_Yield": 1.884
  }
}