{
  "latest_date": "2025-09-02",
  "latest_values": {
    "Shanghai_Composite_Index": 3858.13330078125,
    "CSI_300_Index": 4490.45263671875,
    "Shenzhen_Component_Index": 12553.837890625,
    "ALUMINUM_future": 2543.0,
    "BTC_price": 110916.515625,
    "OIL_price": 65.72000122070312,
    "USD_CNY_exchange_rate": 7.13040018081665,
    "Commodity_Index_ETF": 22.550100326538086,
    "US_Dollar_Index": 98.29199981689453,
    "ETH_price": 4305.29931640625,
    "GOLD_spot_price": 3592.800048828125,
    "LEAN_HOGS_future": 95.32499694824219,
    "COPPER_future": 4.636499881744385,
    "High_Yield_Bond_ETF": 80.29499816894531,
    "LIVE_CATTLE_future": 240.3249969482422,
    "GOLD_near_month_future": 3592.800048828125,
    "NATURAL_GAS_future": 2.937999963760376,
    "PLATINUM_future": 1409.0999755859375,
    "SILVER_future": 41.70000076293945,
    "Long_Term_Treasury_ETF": 85.55500030517578,
    "CORN_future": 419.5,
    "SOYBEANS_future": 1038.75,
    "WHEAT_future": 525.0,
    "SP500_close": 6382.580078125,
    "NASDAQ_close": 21142.982421875,
    "US_10Y_Treasury_Yield": 4.281000137329102,
    "VIX_close": 18.920000076293945,
    "GOLD_basis_spot_vs_near": 0.0,
    "China_10Y_Treasury_Yield": 1.8167
  }
}