{
  "latest_date": "2025-09-16",
  "latest_values": {
    "Shanghai_Composite_Index": 3860.50390625,
    "CSI_300_Index": 4533.06005859375,
    "Shenzhen_Component_Index": 13005.76953125,
    "ALUMINUM_future": 2591.0,
    "BTC_price": 115567.671875,
    "OIL_price": 63.189998626708984,
    "USD_CNY_exchange_rate": 7.124199867248535,
    "Commodity_Index_ETF": 22.549999237060547,
    "US_Dollar_Index": 97.0479965209961,
    "ETH_price": 4513.06591796875,
    "GOLD_spot_price": 3734.800048828125,
    "LEAN_HOGS_future": 97.57499694824219,
    "COPPER_future": 4.708000183105469,
    "High_Yield_Bond_ETF": 81.19000244140625,
    "LIVE_CATTLE_future": 234.625,
    "GOLD_near_month_future": 3734.89990234375,
    "NATURAL_GAS_future": 3.049999952316284,
    "PLATINUM_future": 1417.300048828125,
    "SILVER_future": 43.17499923706055,
    "Long_Term_Treasury_ETF": 90.16000366210938,
    "CORN_future": 424.75,
    "SOYBEANS_future": 1045.75,
    "WHEAT_future": 526.5,
    "SP500_close": 6615.27978515625,
    "NASDAQ_close": 22348.75,
    "US_10Y_Treasury_Yield": 4.033999919891357,
    "VIX_close": 15.489999771118164,
    "GOLD_basis_spot_vs_near": -0.099853515625,
    "China_10Y_Treasury_Yield": 1.8527
  }
}