{
  "latest_date": "2025-07-24",
  "latest_values": {
    "Shanghai_Composite_Index": 3582.298095703125,
    "CSI_300_Index": 4119.77001953125,
    "Shenzhen_Component_Index": 11059.0400390625,
    "ALUMINUM_future": 2619.25,
    "BTC_price": 118673.515625,
    "OIL_price": 65.81999969482422,
    "USD_CNY_exchange_rate": 7.156300067901611,
    "Commodity_Index_ETF": 22.3799991607666,
    "US_Dollar_Index": 97.33200073242188,
    "ETH_price": 3655.080322265625,
    "GOLD_spot_price": 3366.39990234375,
    "LEAN_HOGS_future": 108.375,
    "COPPER_future": 5.895500183105469,
    "High_Yield_Bond_ETF": 80.54000091552734,
    "LIVE_CATTLE_future": 227.35000610351562,
    "GOLD_near_month_future": 3423.699951171875,
    "NATURAL_GAS_future": 3.119999885559082,
    "PLATINUM_future": 1439.0999755859375,
    "SILVER_future": 39.35499954223633,
    "Long_Term_Treasury_ETF": 86.04000091552734,
    "CORN_future": 419.0,
    "SOYBEANS_future": 1026.75,
    "WHEAT_future": 540.75,
    "SP500_close": 6358.91015625,
    "NASDAQ_close": 21020.01953125,
    "US_10Y_Treasury_Yield": 4.388000011444092,
    "VIX_close": 15.220000267028809,
    "GOLD_basis_spot_vs_near": -57.300048828125,
    "China_10Y_Treasury_Yield": 1.7376
  }
}