{
  "latest_date": "2025-07-22",
  "latest_values": {
    "Shanghai_Composite_Index": 3559.791015625,
    "CSI_300_Index": 4085.610107421875,
    "Shenzhen_Component_Index": 11007.490234375,
    "ALUMINUM_future": 2608.75,
    "BTC_price": 118517.0859375,
    "OIL_price": 66.5,
    "USD_CNY_exchange_rate": 7.177700042724609,
    "Commodity_Index_ETF": 22.479999542236328,
    "US_Dollar_Index": 97.80500030517578,
    "ETH_price": 3668.443115234375,
    "GOLD_spot_price": 3396.699951171875,
    "LEAN_HOGS_future": 107.30000305175781,
    "COPPER_future": 5.66349983215332,
    "High_Yield_Bond_ETF": 80.36000061035156,
    "LIVE_CATTLE_future": 225.1750030517578,
    "GOLD_near_month_future": 3453.0,
    "NATURAL_GAS_future": 3.2769999504089355,
    "PLATINUM_future": 1480.0999755859375,
    "SILVER_future": 39.13999938964844,
    "Long_Term_Treasury_ETF": 86.0,
    "CORN_future": 419.25,
    "SOYBEANS_future": 1025.25,
    "WHEAT_future": 538.25,
    "SP500_close": 6305.60009765625,
    "NASDAQ_close": 20974.1796875,
    "US_10Y_Treasury_Yield": 4.372000217437744,
    "VIX_close": 16.979999542236328,
    "GOLD_basis_spot_vs_near": -56.300048828125,
    "China_10Y_Treasury_Yield": 1.6907
  }
}