{
  "latest_date": "2025-07-31",
  "latest_values": {
    "Shanghai_Composite_Index": 3615.716796875,
    "CSI_300_Index": 4151.23779296875,
    "Shenzhen_Component_Index": 11203.029296875,
    "ALUMINUM_future": 2545.0,
    "BTC_price": 117880.3125,
    "OIL_price": 70.3499984741211,
    "USD_CNY_exchange_rate": 7.19290018081665,
    "Commodity_Index_ETF": 22.639999389648438,
    "US_Dollar_Index": 99.75800323486328,
    "ETH_price": 3807.329833984375,
    "GOLD_spot_price": 3334.800048828125,
    "LEAN_HOGS_future": 106.8499984741211,
    "COPPER_future": 4.5625,
    "High_Yield_Bond_ETF": 80.33000183105469,
    "LIVE_CATTLE_future": 232.9499969482422,
    "GOLD_near_month_future": 3334.60009765625,
    "NATURAL_GAS_future": 3.0250000953674316,
    "PLATINUM_future": 1319.699951171875,
    "SILVER_future": 37.125,
    "Long_Term_Treasury_ETF": 86.87000274658203,
    "CORN_future": 412.0,
    "SOYBEANS_future": 997.0,
    "WHEAT_future": 523.75,
    "SP500_close": 6362.89990234375,
    "NASDAQ_close": 21129.673828125,
    "US_10Y_Treasury_Yield": 4.375999927520752,
    "VIX_close": 15.479999542236328,
    "GOLD_basis_spot_vs_near": 0.199951171875,
    "China_10Y_Treasury_Yield": 1.718
  }
}