{
  "latest_date": "2025-08-12",
  "latest_values": {
    "Shanghai_Composite_Index": 3665.917724609375,
    "CSI_300_Index": 4143.8251953125,
    "Shenzhen_Component_Index": 11351.6328125,
    "ALUMINUM_future": 2564.75,
    "BTC_price": 119528.2578125,
    "OIL_price": 63.2599983215332,
    "USD_CNY_exchange_rate": 7.177999973297119,
    "Commodity_Index_ETF": 21.780000686645508,
    "US_Dollar_Index": 98.04199981689453,
    "ETH_price": 4499.33740234375,
    "GOLD_spot_price": 3398.89990234375,
    "LEAN_HOGS_future": 91.55000305175781,
    "COPPER_future": 4.522500038146973,
    "High_Yield_Bond_ETF": 80.36000061035156,
    "LIVE_CATTLE_future": 229.125,
    "GOLD_near_month_future": 3398.89990234375,
    "NATURAL_GAS_future": 2.7820000648498535,
    "PLATINUM_future": 1354.5999755859375,
    "SILVER_future": 37.95000076293945,
    "Long_Term_Treasury_ETF": 86.875,
    "CORN_future": 393.75,
    "SOYBEANS_future": 1028.25,
    "WHEAT_future": 525.25,
    "SP500_close": 6440.0498046875,
    "NASDAQ_close": 21650.263671875,
    "US_10Y_Treasury_Yield": 4.296000003814697,
    "VIX_close": 14.75,
    "GOLD_basis_spot_vs_near": 0.0,
    "China_10Y_Treasury_Yield": 1.7271
  }
}