{
  "latest_date": "2025-07-24",
  "latest_values": {
    "Shanghai_Composite_Index": 3582.298095703125,
    "CSI_300_Index": 4119.77001953125,
    "Shenzhen_Component_Index": 11059.0400390625,
    "ALUMINUM_future": 2636.5,
    "BTC_price": 118521.2421875,
    "OIL_price": 65.8499984741211,
    "USD_CNY_exchange_rate": 7.156300067901611,
    "Commodity_Index_ETF": 22.3799991607666,
    "US_Dollar_Index": 97.40699768066406,
    "ETH_price": 3634.068115234375,
    "GOLD_spot_price": 3368.5,
    "LEAN_HOGS_future": 108.375,
    "COPPER_future": 5.91349983215332,
    "High_Yield_Bond_ETF": 80.54000091552734,
    "LIVE_CATTLE_future": 227.35000610351562,
    "GOLD_near_month_future": 3425.300048828125,
    "NATURAL_GAS_future": 3.071000099182129,
    "PLATINUM_future": 1432.5,
    "SILVER_future": 39.314998626708984,
    "Long_Term_Treasury_ETF": 86.04000091552734,
    "CORN_future": 419.75,
    "SOYBEANS_future": 1027.0,
    "WHEAT_future": 543.25,
    "SP500_close": 6358.91015625,
    "NASDAQ_close": 21020.01953125,
    "US_10Y_Treasury_Yield": 4.388000011444092,
    "VIX_close": 15.390000343322754,
    "GOLD_basis_spot_vs_near": -56.800048828125,
    "China_10Y_Treasury_Yield": 1.7376
  }
}