{
  "latest_date": "2025-07-31",
  "latest_values": {
    "Shanghai_Composite_Index": 3573.208251953125,
    "CSI_300_Index": 4075.59130859375,
    "ALUMINUM_future": 2498.5,
    "ETH_price": 3774.2734375,
    "China_10Y_Treasury_Yield": 1.7044
  }
}