{
  "latest_date": "2025-07-07",
  "latest_values": {
    "Shanghai_Composite_Index": 3473.127197265625,
    "CSI_300_Index": 3965.174560546875,
    "Shenzhen_Component_Index": 10435.5068359375,
    "ALUMINUM_future": 2510.5,
    "BTC_price": 108146.765625,
    "OIL_price": 68.08999633789062,
    "Commodity_Index_ETF": 22.277999877929688,
    "US_Dollar_Index": 97.4800033569336,
    "ETH_price": 2543.361572265625,
    "GOLD_spot_price": 3344.5,
    "LEAN_HOGS_future": 107.2750015258789,
    "COPPER_future": 5.026500225067139,
    "High_Yield_Bond_ETF": 80.08000183105469,
    "LIVE_CATTLE_future": 215.9250030517578,
    "GOLD_near_month_future": 3400.10009765625,
    "NATURAL_GAS_future": 3.4100000858306885,
    "PLATINUM_future": 1382.199951171875,
    "SILVER_future": 36.94499969482422,
    "Long_Term_Treasury_ETF": 85.97000122070312,
    "CORN_future": 421.0,
    "SOYBEANS_future": 1020.75,
    "WHEAT_future": 548.75,
    "SP500_close": 6216.93017578125,
    "NASDAQ_close": 20389.646484375,
    "US_10Y_Treasury_Yield": 4.397000312805176,
    "VIX_close": 17.979999542236328,
    "GOLD_basis_spot_vs_near": -55.60009765625,
    "China_10Y_Treasury_Yield": 1.6406
  }
}