{
  "latest_date": "2025-09-08",
  "latest_values": {
    "Shanghai_Composite_Index": 3812.513916015625,
    "CSI_300_Index": 4460.330078125,
    "Shenzhen_Component_Index": 12590.5595703125,
    "ALUMINUM_future": 2495.25,
    "BTC_price": 110997.9453125,
    "OIL_price": 62.529998779296875,
    "USD_CNY_exchange_rate": 7.131999969482422,
    "Commodity_Index_ETF": 22.030000686645508,
    "US_Dollar_Index": 97.85399627685547,
    "ETH_price": 4288.52294921875,
    "GOLD_spot_price": 3632.699951171875,
    "LEAN_HOGS_future": 96.125,
    "COPPER_future": 4.565000057220459,
    "High_Yield_Bond_ETF": 80.87000274658203,
    "LIVE_CATTLE_future": 235.97500610351562,
    "GOLD_near_month_future": 3632.89990234375,
    "NATURAL_GAS_future": 3.111999988555908,
    "PLATINUM_future": 1381.5999755859375,
    "SILVER_future": 41.279998779296875,
    "Long_Term_Treasury_ETF": 88.55999755859375,
    "CORN_future": 418.0,
    "SOYBEANS_future": 1027.0,
    "WHEAT_future": 519.25,
    "SP500_close": 6481.5,
    "NASDAQ_close": 21700.390625,
    "US_10Y_Treasury_Yield": 4.085999965667725,
    "VIX_close": 15.180000305175781,
    "GOLD_basis_spot_vs_near": -0.199951171875,
    "China_10Y_Treasury_Yield": 1.826
  }
}