{
  "latest_date": "2025-08-04",
  "latest_values": {
    "Shanghai_Composite_Index": 3559.951904296875,
    "CSI_300_Index": 4054.929931640625,
    "Shenzhen_Component_Index": 10991.3203125,
    "ALUMINUM_future": 2487.25,
    "BTC_price": 114363.9296875,
    "OIL_price": 66.4800033569336,
    "USD_CNY_exchange_rate": 7.177199840545654,
    "Commodity_Index_ETF": 22.09000015258789,
    "US_Dollar_Index": 98.84700012207031,
    "ETH_price": 3549.89892578125,
    "GOLD_spot_price": 3410.800048828125,
    "LEAN_HOGS_future": 90.125,
    "COPPER_future": 4.443999767303467,
    "High_Yield_Bond_ETF": 79.9800033569336,
    "LIVE_CATTLE_future": 223.52499389648438,
    "GOLD_near_month_future": 3410.60009765625,
    "NATURAL_GAS_future": 3.069000005722046,
    "PLATINUM_future": 1325.0,
    "SILVER_future": 37.26499938964844,
    "Long_Term_Treasury_ETF": 87.81999969482422,
    "CORN_future": 409.25,
    "SOYBEANS_future": 987.0,
    "WHEAT_future": 536.25,
    "SP500_close": 6238.009765625,
    "NASDAQ_close": 20650.130859375,
    "US_10Y_Treasury_Yield": 4.21999979019165,
    "VIX_close": 18.989999771118164,
    "GOLD_basis_spot_vs_near": 0.199951171875,
    "China_10Y_Treasury_Yield": 1.7083
  }
}