{
  "latest_date": "2025-08-12",
  "latest_values": {
    "Shanghai_Composite_Index": 3647.547119140625,
    "CSI_300_Index": 4122.509765625,
    "Shenzhen_Component_Index": 11291.4296875,
    "ALUMINUM_future": 2525.25,
    "BTC_price": 118930.203125,
    "OIL_price": 64.16000366210938,
    "USD_CNY_exchange_rate": 7.181000232696533,
    "Commodity_Index_ETF": 21.8700008392334,
    "US_Dollar_Index": 98.46499633789062,
    "ETH_price": 4305.2353515625,
    "GOLD_spot_price": 3403.800048828125,
    "LEAN_HOGS_future": 91.625,
    "COPPER_future": 4.473499774932861,
    "High_Yield_Bond_ETF": 80.22000122070312,
    "LIVE_CATTLE_future": 226.375,
    "GOLD_near_month_future": 3403.60009765625,
    "NATURAL_GAS_future": 2.9579999446868896,
    "PLATINUM_future": 1340.800048828125,
    "SILVER_future": 37.84000015258789,
    "Long_Term_Treasury_ETF": 87.38999938964844,
    "CORN_future": 404.0,
    "SOYBEANS_future": 998.75,
    "WHEAT_future": 531.5,
    "SP500_close": 6373.4501953125,
    "NASDAQ_close": 21385.400390625,
    "US_10Y_Treasury_Yield": 4.2729997634887695,
    "VIX_close": 16.079999923706055,
    "GOLD_basis_spot_vs_near": 0.199951171875,
    "China_10Y_Treasury_Yield": 1.7203
  }
}