{
  "latest_date": "2025-07-22",
  "latest_values": {
    "Shanghai_Composite_Index": 3581.861083984375,
    "CSI_300_Index": 4118.9580078125,
    "Shenzhen_Component_Index": 11099.8310546875,
    "ALUMINUM_future": 2654.0,
    "BTC_price": 118800.125,
    "OIL_price": 66.25,
    "USD_CNY_exchange_rate": 7.177700042724609,
    "Commodity_Index_ETF": 22.385799407958984,
    "US_Dollar_Index": 97.33000183105469,
    "ETH_price": 3719.630126953125,
    "GOLD_spot_price": 3446.300048828125,
    "LEAN_HOGS_future": 107.80000305175781,
    "COPPER_future": 5.7245001792907715,
    "High_Yield_Bond_ETF": 80.43000030517578,
    "LIVE_CATTLE_future": 225.4250030517578,
    "GOLD_near_month_future": 3504.89990234375,
    "NATURAL_GAS_future": 3.256999969482422,
    "PLATINUM_future": 1481.199951171875,
    "SILVER_future": 39.58000183105469,
    "Long_Term_Treasury_ETF": 86.62999725341797,
    "CORN_future": 419.75,
    "SOYBEANS_future": 1025.75,
    "WHEAT_future": 549.25,
    "SP500_close": 6299.259765625,
    "NASDAQ_close": 20877.52734375,
    "US_10Y_Treasury_Yield": 4.334000110626221,
    "VIX_close": 16.739999771118164,
    "GOLD_basis_spot_vs_near": -58.599853515625,
    "China_10Y_Treasury_Yield": 1.6907
  }
}