{
  "latest_date": "2025-09-17",
  "latest_values": {
    "Shanghai_Composite_Index": 3860.50390625,
    "CSI_300_Index": 4522.0,
    "Shenzhen_Component_Index": 12924.1298828125,
    "ALUMINUM_future": 2639.75,
    "BTC_price": 117026.3203125,
    "OIL_price": 64.16000366210938,
    "USD_CNY_exchange_rate": 7.124199867248535,
    "Commodity_Index_ETF": 22.780000686645508,
    "US_Dollar_Index": 96.8239974975586,
    "ETH_price": 4521.0771484375,
    "GOLD_spot_price": 3701.39990234375,
    "LEAN_HOGS_future": 97.19999694824219,
    "COPPER_future": 4.614500045776367,
    "High_Yield_Bond_ETF": 81.12999725341797,
    "LIVE_CATTLE_future": 233.5749969482422,
    "GOLD_near_month_future": 3701.39990234375,
    "NATURAL_GAS_future": 3.1029999256134033,
    "PLATINUM_future": 1388.4000244140625,
    "SILVER_future": 42.095001220703125,
    "Long_Term_Treasury_ETF": 90.3499984741211,
    "CORN_future": 428.5,
    "SOYBEANS_future": 1043.75,
    "WHEAT_future": 531.5,
    "SP500_close": 6606.759765625,
    "NASDAQ_close": 22333.958984375,
    "US_10Y_Treasury_Yield": 4.026000022888184,
    "VIX_close": 16.399999618530273,
    "GOLD_basis_spot_vs_near": 0.0,
    "China_10Y_Treasury_Yield": 1.8527
  }
}