{
  "latest_date": "2025-07-22",
  "latest_values": {
    "Shanghai_Composite_Index": 3581.861083984375,
    "CSI_300_Index": 4118.9580078125,
    "Shenzhen_Component_Index": 11007.490234375,
    "ALUMINUM_future": 2634.75,
    "BTC_price": 119058.8359375,
    "OIL_price": 66.0999984741211,
    "USD_CNY_exchange_rate": 7.174300193786621,
    "Commodity_Index_ETF": 22.418800354003906,
    "US_Dollar_Index": 97.5469970703125,
    "ETH_price": 3698.177978515625,
    "GOLD_spot_price": 3440.10009765625,
    "LEAN_HOGS_future": 107.82499694824219,
    "COPPER_future": 5.682000160217285,
    "High_Yield_Bond_ETF": 80.44000244140625,
    "LIVE_CATTLE_future": 224.77499389648438,
    "GOLD_near_month_future": 3497.89990234375,
    "NATURAL_GAS_future": 3.2269999980926514,
    "PLATINUM_future": 1478.4000244140625,
    "SILVER_future": 39.439998626708984,
    "Long_Term_Treasury_ETF": 86.69999694824219,
    "CORN_future": 420.0,
    "SOYBEANS_future": 1025.5,
    "WHEAT_future": 548.75,
    "SP500_close": 6300.56005859375,
    "NASDAQ_close": 20888.5078125,
    "US_10Y_Treasury_Yield": 4.338000297546387,
    "VIX_close": 16.940000534057617,
    "GOLD_basis_spot_vs_near": -57.7998046875,
    "China_10Y_Treasury_Yield": 1.6907
  }
}