{
  "latest_date": "2025-10-07",
  "latest_values": {
    "Shanghai_Composite_Index": 3882.777099609375,
    "CSI_300_Index": 4640.68994140625,
    "Shenzhen_Component_Index": 13526.509765625,
    "ALUMINUM_future": 2675.0,
    "BTC_price": 123519.5546875,
    "OIL_price": 61.810001373291016,
    "USD_CNY_exchange_rate": 7.11899995803833,
    "Commodity_Index_ETF": 22.639999389648438,
    "US_Dollar_Index": 98.37699890136719,
    "ETH_price": 4642.9541015625,
    "GOLD_spot_price": 3973.5,
    "LEAN_HOGS_future": 87.25,
    "COPPER_future": 5.051499843597412,
    "High_Yield_Bond_ETF": 80.86000061035156,
    "LIVE_CATTLE_future": 236.625,
    "GOLD_near_month_future": 3973.5,
    "NATURAL_GAS_future": 3.3959999084472656,
    "PLATINUM_future": 1633.199951171875,
    "SILVER_future": 47.86000061035156,
    "Long_Term_Treasury_ETF": 88.66999816894531,
    "CORN_future": 422.25,
    "SOYBEANS_future": 1037.0,
    "WHEAT_future": 512.75,
    "SP500_close": 6740.27978515625,
    "NASDAQ_close": 22941.669921875,
    "US_10Y_Treasury_Yield": 4.161999702453613,
    "VIX_close": 16.670000076293945,
    "GOLD_basis_spot_vs_near": 0.0,
    "China_10Y_Treasury_Yield": 1.8605
  }
}