{
  "latest_date": "2025-07-16",
  "latest_values": {
    "Shanghai_Composite_Index": 3503.77685546875,
    "CSI_300_Index": 4007.201904296875,
    "Shenzhen_Component_Index": 10720.806640625,
    "ALUMINUM_future": 2472.25,
    "BTC_price": 119614.7265625,
    "OIL_price": 66.6500015258789,
    "USD_CNY_exchange_rate": 7.166999816894531,
    "Commodity_Index_ETF": 22.329999923706055,
    "US_Dollar_Index": 98.38700103759766,
    "ETH_price": 3340.270751953125,
    "GOLD_spot_price": 3357.300048828125,
    "LEAN_HOGS_future": 104.55000305175781,
    "COPPER_future": 5.514500141143799,
    "High_Yield_Bond_ETF": 80.04499816894531,
    "LIVE_CATTLE_future": 223.875,
    "GOLD_near_month_future": 3412.5,
    "NATURAL_GAS_future": 3.563999891281128,
    "PLATINUM_future": 1434.699951171875,
    "SILVER_future": 38.11000061035156,
    "Long_Term_Treasury_ETF": 84.93000030517578,
    "CORN_future": 424.5,
    "SOYBEANS_future": 1019.75,
    "WHEAT_future": 542.25,
    "SP500_close": 6262.31982421875,
    "NASDAQ_close": 20722.23046875,
    "US_10Y_Treasury_Yield": 4.454999923706055,
    "VIX_close": 17.020000457763672,
    "GOLD_basis_spot_vs_near": -55.199951171875,
    "China_10Y_Treasury_Yield": 1.6617
  }
}