{
  "latest_date": "2025-08-29",
  "latest_values": {
    "Shanghai_Composite_Index": 3843.596923828125,
    "CSI_300_Index": 4463.77978515625,
    "Shenzhen_Component_Index": 12571.3701171875,
    "ALUMINUM_future": 2536.5,
    "BTC_price": 109479.6171875,
    "OIL_price": 64.2300033569336,
    "USD_CNY_exchange_rate": 7.1529998779296875,
    "Commodity_Index_ETF": 22.18000030517578,
    "US_Dollar_Index": 97.9260025024414,
    "ETH_price": 4323.1435546875,
    "GOLD_spot_price": 3469.699951171875,
    "LEAN_HOGS_future": 94.2750015258789,
    "COPPER_future": 4.577000141143799,
    "High_Yield_Bond_ETF": 81.01000213623047,
    "LIVE_CATTLE_future": 237.0749969482422,
    "GOLD_near_month_future": 3469.699951171875,
    "NATURAL_GAS_future": 2.9749999046325684,
    "PLATINUM_future": 1348.0,
    "SILVER_future": 39.56999969482422,
    "Long_Term_Treasury_ETF": 87.22000122070312,
    "CORN_future": 411.0,
    "SOYBEANS_future": 1044.5,
    "WHEAT_future": 529.0,
    "SP500_close": 6501.85986328125,
    "NASDAQ_close": 21705.16015625,
    "US_10Y_Treasury_Yield": 4.206999778747559,
    "VIX_close": 14.510000228881836,
    "GOLD_basis_spot_vs_near": 0.0,
    "China_10Y_Treasury_Yield": 1.8478
  }
}