{
  "latest_date": "2025-07-08",
  "latest_values": {
    "Shanghai_Composite_Index": 3497.475341796875,
    "CSI_300_Index": 3998.45263671875,
    "Shenzhen_Component_Index": 10435.509765625,
    "ALUMINUM_future": 2517.5,
    "BTC_price": 108323.3828125,
    "OIL_price": 68.41000366210938,
    "USD_CNY_exchange_rate": 7.164899826049805,
    "Commodity_Index_ETF": 22.366600036621094,
    "US_Dollar_Index": 97.6449966430664,
    "ETH_price": 2569.0146484375,
    "GOLD_spot_price": 3308.199951171875,
    "LEAN_HOGS_future": 106.6500015258789,
    "COPPER_future": 5.008500099182129,
    "High_Yield_Bond_ETF": 80.02469635009766,
    "LIVE_CATTLE_future": 218.35000610351562,
    "GOLD_near_month_future": 3363.89990234375,
    "NATURAL_GAS_future": 3.365999937057495,
    "PLATINUM_future": 1364.5,
    "SILVER_future": 36.61000061035156,
    "Long_Term_Treasury_ETF": 85.67500305175781,
    "CORN_future": 415.75,
    "SOYBEANS_future": 1017.75,
    "WHEAT_future": 546.75,
    "SP500_close": 6230.43994140625,
    "NASDAQ_close": 20438.267578125,
    "US_10Y_Treasury_Yield": 4.422999858856201,
    "VIX_close": 16.739999771118164,
    "GOLD_basis_spot_vs_near": -55.699951171875,
    "China_10Y_Treasury_Yield": 1.6444
  }
}