{
  "latest_date": "2025-07-08",
  "latest_values": {
    "Shanghai_Composite_Index": 3473.126953125,
    "CSI_300_Index": 3965.179931640625,
    "Shenzhen_Component_Index": 10435.509765625,
    "ALUMINUM_future": 2520.75,
    "BTC_price": 107736.203125,
    "OIL_price": 67.55000305175781,
    "USD_CNY_exchange_rate": 7.164899826049805,
    "Commodity_Index_ETF": 22.260000228881836,
    "US_Dollar_Index": 97.31700134277344,
    "ETH_price": 2528.499267578125,
    "GOLD_spot_price": 3347.39990234375,
    "LEAN_HOGS_future": 107.2750015258789,
    "COPPER_future": 5.0295000076293945,
    "High_Yield_Bond_ETF": 80.0999984741211,
    "LIVE_CATTLE_future": 215.9250030517578,
    "GOLD_near_month_future": 3403.5,
    "NATURAL_GAS_future": 3.385999917984009,
    "PLATINUM_future": 1391.0999755859375,
    "SILVER_future": 37.040000915527344,
    "Long_Term_Treasury_ETF": 86.13999938964844,
    "CORN_future": 420.0,
    "SOYBEANS_future": 1022.75,
    "WHEAT_future": 546.0,
    "SP500_close": 6229.97998046875,
    "NASDAQ_close": 20412.51953125,
    "US_10Y_Treasury_Yield": 4.394999980926514,
    "VIX_close": 17.790000915527344,
    "GOLD_basis_spot_vs_near": -56.10009765625,
    "China_10Y_Treasury_Yield": 1.6406
  }
}