{
  "latest_date": "2025-06-30",
  "latest_values": {
    "Shanghai_Composite_Index": 3444.425537109375,
    "CSI_300_Index": 3936.0791015625,
    "Shenzhen_Component_Index": 10378.5498046875,
    "ALUMINUM_future": 2564.5,
    "BTC_price": 107540.1953125,
    "OIL_price": 64.73999786376953,
    "USD_CNY_exchange_rate": 7.167500019073486,
    "Commodity_Index_ETF": 21.770000457763672,
    "US_Dollar_Index": 96.9219970703125,
    "ETH_price": 2471.889892578125,
    "GOLD_spot_price": 3301.5,
    "LEAN_HOGS_future": 110.5999984741211,
    "COPPER_future": 5.089000225067139,
    "High_Yield_Bond_ETF": 80.55500030517578,
    "LIVE_CATTLE_future": 212.5,
    "GOLD_near_month_future": 3301.60009765625,
    "NATURAL_GAS_future": 3.4670000076293945,
    "PLATINUM_future": 1348.9000244140625,
    "SILVER_future": 36.19499969482422,
    "Long_Term_Treasury_ETF": 87.84500122070312,
    "CORN_future": 425.5,
    "SOYBEANS_future": 1036.75,
    "WHEAT_future": 543.25,
    "SP500_close": 6191.22021484375,
    "NASDAQ_close": 20336.88671875,
    "US_10Y_Treasury_Yield": 4.263000011444092,
    "VIX_close": 17.079999923706055,
    "GOLD_basis_spot_vs_near": -0.10009765625,
    "China_10Y_Treasury_Yield": 1.6469
  }
}