{
  "latest_date": "2025-07-10",
  "latest_values": {
    "Shanghai_Composite_Index": 3509.681884765625,
    "CSI_300_Index": 4010.0244140625,
    "Shenzhen_Component_Index": 10631.1259765625,
    "ALUMINUM_future": 2550.0,
    "BTC_price": 113621.6328125,
    "OIL_price": 66.87000274658203,
    "USD_CNY_exchange_rate": 7.174799919128418,
    "Commodity_Index_ETF": 22.219999313354492,
    "US_Dollar_Index": 97.59200286865234,
    "ETH_price": 2824.738037109375,
    "GOLD_spot_price": 3333.60009765625,
    "LEAN_HOGS_future": 106.25,
    "COPPER_future": 5.625999927520752,
    "High_Yield_Bond_ETF": 80.12999725341797,
    "LIVE_CATTLE_future": 219.0749969482422,
    "GOLD_near_month_future": 3388.699951171875,
    "NATURAL_GAS_future": 3.371000051498413,
    "PLATINUM_future": 1415.5999755859375,
    "SILVER_future": 37.625,
    "Long_Term_Treasury_ETF": 86.98999786376953,
    "CORN_future": 416.5,
    "SOYBEANS_future": 1014.0,
    "WHEAT_future": 554.5,
    "SP500_close": 6280.4599609375,
    "NASDAQ_close": 20630.6640625,
    "US_10Y_Treasury_Yield": 4.345999717712402,
    "VIX_close": 15.779999732971191,
    "GOLD_basis_spot_vs_near": -55.099853515625,
    "China_10Y_Treasury_Yield": 1.6616
  }
}