{
  "latest_date": "2025-07-16",
  "latest_values": {
    "Shanghai_Composite_Index": 3504.9990234375,
    "CSI_300_Index": 4019.06005859375,
    "Shenzhen_Component_Index": 10744.5595703125,
    "ALUMINUM_future": 2476.0,
    "BTC_price": 119200.4609375,
    "OIL_price": 66.25,
    "USD_CNY_exchange_rate": 7.166999816894531,
    "Commodity_Index_ETF": 22.280000686645508,
    "US_Dollar_Index": 98.5459976196289,
    "ETH_price": 3162.26953125,
    "GOLD_spot_price": 3348.300048828125,
    "LEAN_HOGS_future": 103.9749984741211,
    "COPPER_future": 5.518499851226807,
    "High_Yield_Bond_ETF": 79.8499984741211,
    "LIVE_CATTLE_future": 222.625,
    "GOLD_near_month_future": 3404.10009765625,
    "NATURAL_GAS_future": 3.5390000343322754,
    "PLATINUM_future": 1422.0999755859375,
    "SILVER_future": 38.30500030517578,
    "Long_Term_Treasury_ETF": 85.01000213623047,
    "CORN_future": 424.75,
    "SOYBEANS_future": 1010.75,
    "WHEAT_future": 537.5,
    "SP500_close": 6243.759765625,
    "NASDAQ_close": 20677.80078125,
    "US_10Y_Treasury_Yield": 4.488999843597412,
    "VIX_close": 17.3799991607666,
    "GOLD_basis_spot_vs_near": -55.800048828125,
    "China_10Y_Treasury_Yield": 1.6617
  }
}