{
  "latest_date": "2025-09-18",
  "latest_values": {
    "Shanghai_Composite_Index": 3876.341064453125,
    "CSI_300_Index": 4551.02001953125,
    "Shenzhen_Component_Index": 13215.4599609375,
    "ALUMINUM_future": 2622.75,
    "BTC_price": 117081.515625,
    "OIL_price": 64.05999755859375,
    "USD_CNY_exchange_rate": 7.114200115203857,
    "Commodity_Index_ETF": 22.540000915527344,
    "US_Dollar_Index": 97.04399871826172,
    "ETH_price": 4573.17626953125,
    "GOLD_spot_price": 3700.39990234375,
    "LEAN_HOGS_future": 97.3499984741211,
    "COPPER_future": 4.614500045776367,
    "High_Yield_Bond_ETF": 81.05000305175781,
    "LIVE_CATTLE_future": 231.47500610351562,
    "GOLD_near_month_future": 3700.300048828125,
    "NATURAL_GAS_future": 3.0889999866485596,
    "PLATINUM_future": 1400.0,
    "SILVER_future": 42.09000015258789,
    "Long_Term_Treasury_ETF": 90.12000274658203,
    "CORN_future": 427.0,
    "SOYBEANS_future": 1040.75,
    "WHEAT_future": 532.25,
    "SP500_close": 6600.35009765625,
    "NASDAQ_close": 22261.330078125,
    "US_10Y_Treasury_Yield": 4.076000213623047,
    "VIX_close": 14.899999618530273,
    "GOLD_basis_spot_vs_near": 0.099853515625,
    "China_10Y_Treasury_Yield": 1.8546
  }
}