{
  "latest_date": "2025-07-14",
  "latest_values": {
    "Shanghai_Composite_Index": 3519.64990234375,
    "CSI_300_Index": 4017.667724609375,
    "Shenzhen_Component_Index": 10696.099609375,
    "ALUMINUM_future": 2512.0,
    "BTC_price": 119716.8046875,
    "OIL_price": 67.33000183105469,
    "USD_CNY_exchange_rate": 7.166500091552734,
    "Commodity_Index_ETF": 22.344999313354492,
    "US_Dollar_Index": 98.0719985961914,
    "ETH_price": 3008.8115234375,
    "GOLD_spot_price": 3354.0,
    "LEAN_HOGS_future": 102.7249984741211,
    "COPPER_future": 5.5335001945495605,
    "High_Yield_Bond_ETF": 80.04000091552734,
    "LIVE_CATTLE_future": 219.9499969482422,
    "GOLD_near_month_future": 3408.60009765625,
    "NATURAL_GAS_future": 3.4560000896453857,
    "PLATINUM_future": 1413.699951171875,
    "SILVER_future": 38.61000061035156,
    "Long_Term_Treasury_ETF": 85.36000061035156,
    "CORN_future": 414.5,
    "SOYBEANS_future": 1005.5,
    "WHEAT_future": 540.25,
    "SP500_close": 6264.52001953125,
    "NASDAQ_close": 20629.875,
    "US_10Y_Treasury_Yield": 4.436999797821045,
    "VIX_close": 17.1200008392334,
    "GOLD_basis_spot_vs_near": -54.60009765625,
    "China_10Y_Treasury_Yield": 1.6726
  }
}