{
  "latest_date": "2025-07-16",
  "latest_values": {
    "Shanghai_Composite_Index": 3504.9990234375,
    "CSI_300_Index": 4019.06005859375,
    "Shenzhen_Component_Index": 10744.5595703125,
    "ALUMINUM_future": 2495.0,
    "BTC_price": 117896.8125,
    "OIL_price": 66.80000305175781,
    "USD_CNY_exchange_rate": 7.166999816894531,
    "Commodity_Index_ETF": 22.280000686645508,
    "US_Dollar_Index": 98.53099822998047,
    "ETH_price": 3145.850341796875,
    "GOLD_spot_price": 3345.10009765625,
    "LEAN_HOGS_future": 103.9749984741211,
    "COPPER_future": 5.5229997634887695,
    "High_Yield_Bond_ETF": 79.8499984741211,
    "LIVE_CATTLE_future": 222.625,
    "GOLD_near_month_future": 3401.0,
    "NATURAL_GAS_future": 3.5239999294281006,
    "PLATINUM_future": 1422.0,
    "SILVER_future": 38.150001525878906,
    "Long_Term_Treasury_ETF": 85.01000213623047,
    "CORN_future": 422.0,
    "SOYBEANS_future": 1010.0,
    "WHEAT_future": 539.0,
    "SP500_close": 6243.759765625,
    "NASDAQ_close": 20677.80078125,
    "US_10Y_Treasury_Yield": 4.488999843597412,
    "VIX_close": 17.3799991607666,
    "GOLD_basis_spot_vs_near": -55.89990234375,
    "China_10Y_Treasury_Yield": 1.6557
  }
}