{
  "latest_date": "2025-09-11",
  "latest_values": {
    "Shanghai_Composite_Index": 3812.220947265625,
    "CSI_300_Index": 4445.3701171875,
    "Shenzhen_Component_Index": 12557.6796875,
    "ALUMINUM_future": 2608.5,
    "BTC_price": 113826.78125,
    "OIL_price": 62.7599983215332,
    "USD_CNY_exchange_rate": 7.1209001541137695,
    "Commodity_Index_ETF": 22.389999389648438,
    "US_Dollar_Index": 97.76399993896484,
    "ETH_price": 4415.48193359375,
    "GOLD_spot_price": 3665.0,
    "LEAN_HOGS_future": 96.69999694824219,
    "COPPER_future": 4.619500160217285,
    "High_Yield_Bond_ETF": 80.83999633789062,
    "LIVE_CATTLE_future": 231.27499389648438,
    "GOLD_near_month_future": 3665.199951171875,
    "NATURAL_GAS_future": 3.003000020980835,
    "PLATINUM_future": 1389.9000244140625,
    "SILVER_future": 41.470001220703125,
    "Long_Term_Treasury_ETF": 89.73999786376953,
    "CORN_future": 417.0,
    "SOYBEANS_future": 1031.75,
    "WHEAT_future": 512.25,
    "SP500_close": 6532.0400390625,
    "NASDAQ_close": 21886.060546875,
    "US_10Y_Treasury_Yield": 4.029999732971191,
    "VIX_close": 14.789999961853027,
    "GOLD_basis_spot_vs_near": -0.199951171875,
    "China_10Y_Treasury_Yield": 1.8743
  }
}