{
  "latest_date": "2025-07-01",
  "latest_values": {
    "Shanghai_Composite_Index": 3444.426025390625,
    "CSI_300_Index": 3936.080078125,
    "Shenzhen_Component_Index": 10465.1201171875,
    "ALUMINUM_future": 2576.0,
    "BTC_price": 106915.859375,
    "OIL_price": 65.41000366210938,
    "USD_CNY_exchange_rate": 7.172100067138672,
    "Commodity_Index_ETF": 21.80500030517578,
    "US_Dollar_Index": 96.63099670410156,
    "ETH_price": 2449.5361328125,
    "GOLD_spot_price": 3364.300048828125,
    "LEAN_HOGS_future": 107.375,
    "COPPER_future": 5.160999774932861,
    "High_Yield_Bond_ETF": 80.2249984741211,
    "LIVE_CATTLE_future": 211.8000030517578,
    "GOLD_near_month_future": 3418.800048828125,
    "NATURAL_GAS_future": 3.322000026702881,
    "PLATINUM_future": 1373.199951171875,
    "SILVER_future": 36.564998626708984,
    "Long_Term_Treasury_ETF": 88.03459930419922,
    "CORN_future": 420.25,
    "SOYBEANS_future": 1020.25,
    "WHEAT_future": 550.0,
    "SP500_close": 6196.580078125,
    "NASDAQ_close": 20304.0078125,
    "US_10Y_Treasury_Yield": 4.230000019073486,
    "VIX_close": 16.979999542236328,
    "GOLD_basis_spot_vs_near": -54.5,
    "China_10Y_Treasury_Yield": 1.6433
  }
}