{
  "latest_date": "2025-07-02",
  "latest_values": {
    "Shanghai_Composite_Index": 3454.79248046875,
    "CSI_300_Index": 3943.684814453125,
    "Shenzhen_Component_Index": 10412.6279296875,
    "ALUMINUM_future": 2581.5,
    "BTC_price": 109567.03125,
    "OIL_price": 67.20999908447266,
    "USD_CNY_exchange_rate": 7.163599967956543,
    "Commodity_Index_ETF": 22.290000915527344,
    "US_Dollar_Index": 96.75499725341797,
    "ETH_price": 2601.61328125,
    "GOLD_spot_price": 3369.89990234375,
    "LEAN_HOGS_future": 107.7750015258789,
    "COPPER_future": 5.198999881744385,
    "High_Yield_Bond_ETF": 80.30999755859375,
    "LIVE_CATTLE_future": 212.625,
    "GOLD_near_month_future": 3425.5,
    "NATURAL_GAS_future": 3.4800000190734863,
    "PLATINUM_future": 1444.5,
    "SILVER_future": 36.814998626708984,
    "Long_Term_Treasury_ETF": 87.58000183105469,
    "CORN_future": 433.75,
    "SOYBEANS_future": 1047.75,
    "WHEAT_future": 565.0,
    "SP500_close": 6227.419921875,
    "NASDAQ_close": 20393.12890625,
    "US_10Y_Treasury_Yield": 4.293000221252441,
    "VIX_close": 16.610000610351562,
    "GOLD_basis_spot_vs_near": -55.60009765625,
    "China_10Y_Treasury_Yield": 1.6396
  }
}