{
  "latest_date": "2025-07-03",
  "latest_values": {
    "Shanghai_Composite_Index": 3454.7919921875,
    "CSI_300_Index": 3943.68994140625,
    "Shenzhen_Component_Index": 10412.6298828125,
    "ALUMINUM_future": 2569.5,
    "BTC_price": 109376.7734375,
    "OIL_price": 67.30999755859375,
    "USD_CNY_exchange_rate": 7.1645002365112305,
    "Commodity_Index_ETF": 22.290000915527344,
    "US_Dollar_Index": 97.20800018310547,
    "ETH_price": 2590.572509765625,
    "GOLD_spot_price": 3339.10009765625,
    "LEAN_HOGS_future": 109.6500015258789,
    "COPPER_future": 5.1554999351501465,
    "High_Yield_Bond_ETF": 80.31999969482422,
    "LIVE_CATTLE_future": 212.4499969482422,
    "GOLD_near_month_future": 3339.39990234375,
    "NATURAL_GAS_future": 3.5380001068115234,
    "PLATINUM_future": 1389.0999755859375,
    "SILVER_future": 36.86000061035156,
    "Long_Term_Treasury_ETF": 87.58000183105469,
    "CORN_future": 439.0,
    "SOYBEANS_future": 1055.75,
    "WHEAT_future": 564.75,
    "SP500_close": 6227.419921875,
    "NASDAQ_close": 20393.130859375,
    "US_10Y_Treasury_Yield": 4.324000358581543,
    "VIX_close": 16.360000610351562,
    "GOLD_basis_spot_vs_near": -0.2998046875,
    "China_10Y_Treasury_Yield": 1.6407
  }
}