{
  "latest_date": "2025-07-16",
  "latest_values": {
    "Shanghai_Composite_Index": 3503.77685546875,
    "CSI_300_Index": 4007.201904296875,
    "Shenzhen_Component_Index": 10744.5595703125,
    "ALUMINUM_future": 2474.0,
    "BTC_price": 118837.8515625,
    "OIL_price": 66.01000213623047,
    "USD_CNY_exchange_rate": 7.166999816894531,
    "Commodity_Index_ETF": 22.239999771118164,
    "US_Dollar_Index": 98.36799621582031,
    "ETH_price": 3238.359130859375,
    "GOLD_spot_price": 3352.0,
    "LEAN_HOGS_future": 104.7750015258789,
    "COPPER_future": 5.52400016784668,
    "High_Yield_Bond_ETF": 79.92500305175781,
    "LIVE_CATTLE_future": 223.5500030517578,
    "GOLD_near_month_future": 3407.39990234375,
    "NATURAL_GAS_future": 3.5850000381469727,
    "PLATINUM_future": 1437.5999755859375,
    "SILVER_future": 38.05500030517578,
    "Long_Term_Treasury_ETF": 84.81999969482422,
    "CORN_future": 423.0,
    "SOYBEANS_future": 1017.0,
    "WHEAT_future": 541.0,
    "SP500_close": 6241.93994140625,
    "NASDAQ_close": 20656.818359375,
    "US_10Y_Treasury_Yield": 4.4770002365112305,
    "VIX_close": 18.56999969482422,
    "GOLD_basis_spot_vs_near": -55.39990234375,
    "China_10Y_Treasury_Yield": 1.6617
  }
}