{
  "latest_date": "2025-07-28",
  "latest_values": {
    "Shanghai_Composite_Index": 3597.93701171875,
    "CSI_300_Index": 4135.82421875,
    "Shenzhen_Component_Index": 11168.1396484375,
    "ALUMINUM_future": 2591.0,
    "BTC_price": 118081.828125,
    "OIL_price": 66.43000030517578,
    "USD_CNY_exchange_rate": 7.153500080108643,
    "Commodity_Index_ETF": 22.301000595092773,
    "US_Dollar_Index": 98.50399780273438,
    "ETH_price": 3804.988525390625,
    "GOLD_spot_price": 3314.199951171875,
    "LEAN_HOGS_future": 108.5250015258789,
    "COPPER_future": 5.618000030517578,
    "High_Yield_Bond_ETF": 80.5,
    "LIVE_CATTLE_future": 227.125,
    "GOLD_near_month_future": 3371.199951171875,
    "NATURAL_GAS_future": 3.0369999408721924,
    "PLATINUM_future": 1428.800048828125,
    "SILVER_future": 38.349998474121094,
    "Long_Term_Treasury_ETF": 85.94999694824219,
    "CORN_future": 414.0,
    "SOYBEANS_future": 1011.75,
    "WHEAT_future": 536.5,
    "SP500_close": 6392.85986328125,
    "NASDAQ_close": 21163.505859375,
    "US_10Y_Treasury_Yield": 4.411999702453613,
    "VIX_close": 15.109999656677246,
    "GOLD_basis_spot_vs_near": -57.0,
    "China_10Y_Treasury_Yield": 1.7146
  }
}