{
  "latest_date": "2025-07-31",
  "latest_values": {
    "CSI_300_Index": 4075.59130859375,
    "ALUMINUM_future": 2493.0,
    "OIL_price": 68.76000213623047,
    "GOLD_spot_price": 3347.39990234375,
    "LEAN_HOGS_future": 107.5250015258789,
    "COPPER_future": 4.371500015258789,
    "LIVE_CATTLE_future": 228.9250030517578,
    "NATURAL_GAS_future": 3.061000108718872,
    "PLATINUM_future": 1293.0,
    "SOYBEANS_future": 989.25,
    "WHEAT_future": 522.25,
    "SP500_close": 6395.58984375,
    "NASDAQ_close": 21329.98828125,
    "VIX_close": 15.649999618530273,
    "China_10Y_Treasury_Yield": 1.7044
  }
}