{
  "latest_date": "2025-08-15",
  "latest_values": {
    "Shanghai_Composite_Index": 3696.7705078125,
    "CSI_300_Index": 4202.353515625,
    "Shenzhen_Component_Index": 11634.66796875,
    "ALUMINUM_future": 2534.25,
    "BTC_price": 117016.65625,
    "OIL_price": 63.099998474121094,
    "USD_CNY_exchange_rate": 7.174300193786621,
    "Commodity_Index_ETF": 21.764999389648438,
    "US_Dollar_Index": 97.85099792480469,
    "ETH_price": 4394.1171875,
    "GOLD_spot_price": 3384.10009765625,
    "LEAN_HOGS_future": 90.125,
    "COPPER_future": 4.491499900817871,
    "High_Yield_Bond_ETF": 80.43000030517578,
    "LIVE_CATTLE_future": 230.60000610351562,
    "GOLD_near_month_future": 3384.199951171875,
    "NATURAL_GAS_future": 2.9140000343322754,
    "PLATINUM_future": 1347.4000244140625,
    "SILVER_future": 38.025001525878906,
    "Long_Term_Treasury_ETF": 86.4000015258789,
    "CORN_future": 405.75,
    "SOYBEANS_future": 1042.75,
    "WHEAT_future": 527.25,
    "SP500_close": 6449.7998046875,
    "NASDAQ_close": 21622.9765625,
    "US_10Y_Treasury_Yield": 4.328000068664551,
    "VIX_close": 14.960000038146973,
    "GOLD_basis_spot_vs_near": -0.099853515625,
    "China_10Y_Treasury_Yield": 1.7465
  }
}