{
  "latest_date": "2025-09-11",
  "latest_values": {
    "Shanghai_Composite_Index": 3812.220947265625,
    "CSI_300_Index": 4445.3701171875,
    "Shenzhen_Component_Index": 12557.6796875,
    "ALUMINUM_future": 2602.0,
    "BTC_price": 113949.5234375,
    "OIL_price": 62.84000015258789,
    "USD_CNY_exchange_rate": 7.1209001541137695,
    "Commodity_Index_ETF": 22.389999389648438,
    "US_Dollar_Index": 98.01100158691406,
    "ETH_price": 4422.6474609375,
    "GOLD_spot_price": 3663.0,
    "LEAN_HOGS_future": 96.69999694824219,
    "COPPER_future": 4.603499889373779,
    "High_Yield_Bond_ETF": 80.83999633789062,
    "LIVE_CATTLE_future": 231.27499389648438,
    "GOLD_near_month_future": 3663.10009765625,
    "NATURAL_GAS_future": 3.0239999294281006,
    "PLATINUM_future": 1383.800048828125,
    "SILVER_future": 41.56999969482422,
    "Long_Term_Treasury_ETF": 89.73999786376953,
    "CORN_future": 418.5,
    "SOYBEANS_future": 1031.0,
    "WHEAT_future": 514.0,
    "SP500_close": 6532.0400390625,
    "NASDAQ_close": 21886.060546875,
    "US_10Y_Treasury_Yield": 4.0320000648498535,
    "VIX_close": 15.039999961853027,
    "GOLD_basis_spot_vs_near": -0.10009765625,
    "China_10Y_Treasury_Yield": 1.8743
  }
}