{
  "latest_date": "2025-09-10",
  "latest_values": {
    "Shanghai_Composite_Index": 3807.292236328125,
    "CSI_300_Index": 4436.25830078125,
    "Shenzhen_Component_Index": 12510.5966796875,
    "ALUMINUM_future": 2552.25,
    "BTC_price": 111428.2890625,
    "OIL_price": 63.040000915527344,
    "USD_CNY_exchange_rate": 7.129300117492676,
    "Commodity_Index_ETF": 22.239999771118164,
    "US_Dollar_Index": 97.8239974975586,
    "ETH_price": 4313.10595703125,
    "GOLD_spot_price": 3668.300048828125,
    "LEAN_HOGS_future": 96.1500015258789,
    "COPPER_future": 4.565999984741211,
    "High_Yield_Bond_ETF": 80.77999877929688,
    "LIVE_CATTLE_future": 230.02499389648438,
    "GOLD_near_month_future": 3668.60009765625,
    "NATURAL_GAS_future": 3.1019999980926514,
    "PLATINUM_future": 1377.800048828125,
    "SILVER_future": 41.32500076293945,
    "Long_Term_Treasury_ETF": 89.2300033569336,
    "CORN_future": 419.25,
    "SOYBEANS_future": 1031.25,
    "WHEAT_future": 519.75,
    "SP500_close": 6512.60986328125,
    "NASDAQ_close": 21879.48828125,
    "US_10Y_Treasury_Yield": 4.074000358581543,
    "VIX_close": 15.039999961853027,
    "GOLD_basis_spot_vs_near": -0.300048828125,
    "China_10Y_Treasury_Yield": 1.8641
  }
}